test - .
=== RUN   TestApprovalUsesCanonicalRedactedSnapshotAndSecretFreshness
--- PASS: TestApprovalUsesCanonicalRedactedSnapshotAndSecretFreshness (0.01s)
=== RUN   TestApprovalRejectsWrongIssuerAndFutureIssuanceBeforeHandler
=== RUN   TestApprovalRejectsWrongIssuerAndFutureIssuanceBeforeHandler/false
=== RUN   TestApprovalRejectsWrongIssuerAndFutureIssuanceBeforeHandler/true
--- PASS: TestApprovalRejectsWrongIssuerAndFutureIssuanceBeforeHandler (0.02s)
    --- PASS: TestApprovalRejectsWrongIssuerAndFutureIssuanceBeforeHandler/false (0.02s)
    --- PASS: TestApprovalRejectsWrongIssuerAndFutureIssuanceBeforeHandler/true (0.01s)
=== RUN   TestApprovalCannotDelegateAcrossSubjectScopeOrView
=== RUN   TestApprovalCannotDelegateAcrossSubjectScopeOrView/subject
=== RUN   TestApprovalCannotDelegateAcrossSubjectScopeOrView/scope
=== RUN   TestApprovalCannotDelegateAcrossSubjectScopeOrView/view
--- PASS: TestApprovalCannotDelegateAcrossSubjectScopeOrView (0.02s)
    --- PASS: TestApprovalCannotDelegateAcrossSubjectScopeOrView/subject (0.02s)
    --- PASS: TestApprovalCannotDelegateAcrossSubjectScopeOrView/scope (0.00s)
    --- PASS: TestApprovalCannotDelegateAcrossSubjectScopeOrView/view (0.00s)
=== RUN   TestAsAsyncTool_BackgroundDoesNotInheritSyncEnvAttachments
--- PASS: TestAsAsyncTool_BackgroundDoesNotInheritSyncEnvAttachments (0.00s)
=== RUN   TestAsAsyncTool_BackgroundGetsAttachmentsFromToolInput
--- PASS: TestAsAsyncTool_BackgroundGetsAttachmentsFromToolInput (0.00s)
=== RUN   TestAsAsyncTool_CustomToolGetsAttachmentsFromClonedInput
--- PASS: TestAsAsyncTool_CustomToolGetsAttachmentsFromClonedInput (0.00s)
=== RUN   TestToolExecute_AttachmentsHydrated
--- PASS: TestToolExecute_AttachmentsHydrated (0.00s)
=== RUN   TestRegistryExecute_AttachmentsHydrated
--- PASS: TestRegistryExecute_AttachmentsHydrated (0.00s)
=== RUN   TestToolExecute_AttachmentsAreReadOnlyFromRunEnv
--- PASS: TestToolExecute_AttachmentsAreReadOnlyFromRunEnv (0.00s)
=== RUN   TestRegistryExecute_AttachmentsAreReadOnlyFromRunEnv
--- PASS: TestRegistryExecute_AttachmentsAreReadOnlyFromRunEnv (0.00s)
=== RUN   TestWithAuthorizer_DenyBeforeExecute
--- PASS: TestWithAuthorizer_DenyBeforeExecute (0.00s)
=== RUN   TestWithAuthorizationMiddleware_Deny
--- PASS: TestWithAuthorizationMiddleware_Deny (0.00s)
=== RUN   TestWithAuthorizationMiddleware_TrustsOnlyRegistryBoundView
=== PAUSE TestWithAuthorizationMiddleware_TrustsOnlyRegistryBoundView
=== RUN   TestRegistryPreservesExplicitNonRetryableTimeoutAndObservationCause
=== RUN   TestRegistryPreservesExplicitNonRetryableTimeoutAndObservationCause/timeout
=== RUN   TestRegistryPreservesExplicitNonRetryableTimeoutAndObservationCause/observation_limit
--- PASS: TestRegistryPreservesExplicitNonRetryableTimeoutAndObservationCause (0.00s)
    --- PASS: TestRegistryPreservesExplicitNonRetryableTimeoutAndObservationCause/timeout (0.00s)
    --- PASS: TestRegistryPreservesExplicitNonRetryableTimeoutAndObservationCause/observation_limit (0.00s)
=== RUN   TestNewTool_Simple
--- PASS: TestNewTool_Simple (0.00s)
=== RUN   TestNewTool_Execute_Success
--- PASS: TestNewTool_Execute_Success (0.00s)
=== RUN   TestNewTool_Execute_InvalidJSON
--- PASS: TestNewTool_Execute_InvalidJSON (0.00s)
=== RUN   TestNewTool_Execute_SchemaValidation
--- PASS: TestNewTool_Execute_SchemaValidation (0.00s)
=== RUN   TestNewTool_Execute_PreservesDependencyMissingToolError
--- PASS: TestNewTool_Execute_PreservesDependencyMissingToolError (0.00s)
=== RUN   TestNewTool_ImplementsTool
--- PASS: TestNewTool_ImplementsTool (0.00s)
=== RUN   TestTool_ManifestTags_ReturnsCopy
--- PASS: TestTool_ManifestTags_ReturnsCopy (0.00s)
=== RUN   TestTool_ManifestParameters_ReturnsCopy
--- PASS: TestTool_ManifestParameters_ReturnsCopy (0.00s)
=== RUN   TestTool_ManifestParameters_DefensiveCopyNested
--- PASS: TestTool_ManifestParameters_DefensiveCopyNested (0.00s)
=== RUN   TestNewProxyTool
--- PASS: TestNewProxyTool (0.00s)
=== RUN   TestNewProxyTool_PreservesExactNumericConstraints
--- PASS: TestNewProxyTool_PreservesExactNumericConstraints (0.00s)
=== RUN   TestNewProxyTool_DefaultsToDraft202012
--- PASS: TestNewProxyTool_DefaultsToDraft202012 (0.02s)
=== RUN   TestNewProxyTool_PreservesNestedIDsForLocalReferences
--- PASS: TestNewProxyTool_PreservesNestedIDsForLocalReferences (0.00s)
=== RUN   TestNewProxyTool_DoesNotLoadExternalSchemaReferences
--- PASS: TestNewProxyTool_DoesNotLoadExternalSchemaReferences (0.00s)
=== RUN   TestMarshalToolResult_WireJSONResult
--- PASS: TestMarshalToolResult_WireJSONResult (0.00s)
=== RUN   TestNewTool_JSONResultWirePassthrough
--- PASS: TestNewTool_JSONResultWirePassthrough (0.00s)
=== RUN   TestMarshalToolResult_WireJSONResult_Nil
--- PASS: TestMarshalToolResult_WireJSONResult_Nil (0.00s)
=== RUN   TestMarshalToolResult_StandardMarshal
--- PASS: TestMarshalToolResult_StandardMarshal (0.00s)
=== RUN   TestWrapHandlerError_WrappedCancel
=== PAUSE TestWrapHandlerError_WrappedCancel
=== RUN   TestWrapHandlerError_WrappedDeadline
=== PAUSE TestWrapHandlerError_WrappedDeadline
=== RUN   TestWrapHandlerError_ReadLimitExceeded
=== PAUSE TestWrapHandlerError_ReadLimitExceeded
=== RUN   TestWrapHandlerError_BareReadLimitExceeded_GenericMessage
=== PAUSE TestWrapHandlerError_BareReadLimitExceeded_GenericMessage
=== RUN   TestWrapHandlerError_InternalWrappingReadLimit
=== PAUSE TestWrapHandlerError_InternalWrappingReadLimit
=== RUN   TestNewProxyTool_BareReadLimitExceeded
=== PAUSE TestNewProxyTool_BareReadLimitExceeded
=== RUN   TestWrapHandlerError_BareCancel
=== PAUSE TestWrapHandlerError_BareCancel
=== RUN   TestWrapHandlerError_CancelOverReadLimit
=== PAUSE TestWrapHandlerError_CancelOverReadLimit
=== RUN   TestWrapHandlerError_InterruptInChainOverReadLimit
=== PAUSE TestWrapHandlerError_InterruptInChainOverReadLimit
=== RUN   TestWrapHandlerError_DeadlineOverReadLimit
=== PAUSE TestWrapHandlerError_DeadlineOverReadLimit
=== RUN   TestWrapHandlerError_BareErrTimeout
=== PAUSE TestWrapHandlerError_BareErrTimeout
=== RUN   TestWrapHandlerError_TimeoutOverReadLimit
=== PAUSE TestWrapHandlerError_TimeoutOverReadLimit
=== RUN   TestWrapHandlerError_SandboxReadLimitSubject
=== PAUSE TestWrapHandlerError_SandboxReadLimitSubject
=== RUN   TestStandardCallParser_ExtractExactlyOne
--- PASS: TestStandardCallParser_ExtractExactlyOne (0.00s)
=== RUN   TestStandardCallParser_NoMatch
--- PASS: TestStandardCallParser_NoMatch (0.00s)
=== RUN   TestStandardCallParser_SameToolCallID_Merged
--- PASS: TestStandardCallParser_SameToolCallID_Merged (0.00s)
=== RUN   TestStandardCallParser_NormalizesContinuationMissingToolName
=== PAUSE TestStandardCallParser_NormalizesContinuationMissingToolName
=== RUN   TestStandardCallParser_Multiple
--- PASS: TestStandardCallParser_Multiple (0.00s)
=== RUN   TestStandardCallParser_RejectsDuplicateCompleteCallWithSameID
=== PAUSE TestStandardCallParser_RejectsDuplicateCompleteCallWithSameID
=== RUN   TestStandardCallParser_RejectsSplitCompleteThenDuplicateSameID
=== PAUSE TestStandardCallParser_RejectsSplitCompleteThenDuplicateSameID
=== RUN   TestStandardCallParser_RejectsInvalidMergedJSON
=== PAUSE TestStandardCallParser_RejectsInvalidMergedJSON
=== RUN   TestStandardCallParser_RejectsOtherToolCallWhenExpectingExactlyOne
=== PAUSE TestStandardCallParser_RejectsOtherToolCallWhenExpectingExactlyOne
=== RUN   TestStandardCallParser_RejectsConflictingNameForSameCallID
=== PAUSE TestStandardCallParser_RejectsConflictingNameForSameCallID
=== RUN   TestCanonicalInputNormativeFixtures
=== RUN   TestCanonicalInputNormativeFixtures/raw-large-integer
=== RUN   TestCanonicalInputNormativeFixtures/raw-decimal-spelling
=== RUN   TestCanonicalInputNormativeFixtures/raw-explicit-null
=== RUN   TestCanonicalInputNormativeFixtures/raw-missing
=== RUN   TestCanonicalInputNormativeFixtures/typed-large-integer
=== RUN   TestCanonicalInputNormativeFixtures/host-default-missing
=== RUN   TestCanonicalInputNormativeFixtures/host-default-null
=== RUN   TestCanonicalInputNormativeFixtures/host-explicit-zero
--- PASS: TestCanonicalInputNormativeFixtures (0.02s)
    --- PASS: TestCanonicalInputNormativeFixtures/raw-large-integer (0.00s)
    --- PASS: TestCanonicalInputNormativeFixtures/raw-decimal-spelling (0.00s)
    --- PASS: TestCanonicalInputNormativeFixtures/raw-explicit-null (0.00s)
    --- PASS: TestCanonicalInputNormativeFixtures/raw-missing (0.01s)
    --- PASS: TestCanonicalInputNormativeFixtures/typed-large-integer (0.00s)
    --- PASS: TestCanonicalInputNormativeFixtures/host-default-missing (0.00s)
    --- PASS: TestCanonicalInputNormativeFixtures/host-default-null (0.00s)
    --- PASS: TestCanonicalInputNormativeFixtures/host-explicit-zero (0.00s)
=== RUN   TestDecodeChunkAs_JSON
--- PASS: TestDecodeChunkAs_JSON (0.00s)
=== RUN   TestDecodeChunkAs_WrongMime
--- PASS: TestDecodeChunkAs_WrongMime (0.00s)
=== RUN   TestDecodeChunkAs_ErrorChunk
--- PASS: TestDecodeChunkAs_ErrorChunk (0.00s)
=== RUN   TestDecodeChunkAs_InvalidJSON
--- PASS: TestDecodeChunkAs_InvalidJSON (0.00s)
=== RUN   TestDecodeChunkAsText
--- PASS: TestDecodeChunkAsText (0.00s)
=== RUN   TestValidateChunk_Success
--- PASS: TestValidateChunk_Success (0.00s)
=== RUN   TestValidateChunk_MissingEvent
--- PASS: TestValidateChunk_MissingEvent (0.00s)
=== RUN   TestValidateChunk_UnsupportedEvent
--- PASS: TestValidateChunk_UnsupportedEvent (0.00s)
=== RUN   TestValidateChunk_ErrorChunkMissingData
--- PASS: TestValidateChunk_ErrorChunkMissingData (0.00s)
=== RUN   TestValidateChunk_ErrorChunkToolErrorJSON
--- PASS: TestValidateChunk_ErrorChunkToolErrorJSON (0.00s)
=== RUN   TestValidateChunk_ErrorChunkWrongMime
--- PASS: TestValidateChunk_ErrorChunkWrongMime (0.00s)
=== RUN   TestValidateChunk_ErrorChunkRejectsPlainText
--- PASS: TestValidateChunk_ErrorChunkRejectsPlainText (0.00s)
=== RUN   TestNormalizeErrorChunk_TextBecomesToolErrorJSON
--- PASS: TestNormalizeErrorChunk_TextBecomesToolErrorJSON (0.00s)
=== RUN   TestPrepareChunk_NormalizesLegacyTextError
--- PASS: TestPrepareChunk_NormalizesLegacyTextError (0.00s)
=== RUN   TestPrepareChunk_WrongMimeJSONError
--- PASS: TestPrepareChunk_WrongMimeJSONError (0.00s)
=== RUN   TestPrepareChunk_EmptyDataError
--- PASS: TestPrepareChunk_EmptyDataError (0.00s)
=== RUN   TestValidateChunk_DataWithoutMime
--- PASS: TestValidateChunk_DataWithoutMime (0.00s)
=== RUN   TestValidateChunk_MimeWithoutData
--- PASS: TestValidateChunk_MimeWithoutData (0.00s)
=== RUN   TestYieldControl_PauseReturnsErrPause
--- PASS: TestYieldControl_PauseReturnsErrPause (0.00s)
=== RUN   TestYieldControl_YieldReturnsErrYield
--- PASS: TestYieldControl_YieldReturnsErrYield (0.00s)
=== RUN   TestYieldControl_HaltReturnsErrHalt
--- PASS: TestYieldControl_HaltReturnsErrHalt (0.00s)
=== RUN   TestYieldControl_UIActionReturnsErrUIAction
--- PASS: TestYieldControl_UIActionReturnsErrUIAction (0.00s)
=== RUN   TestYieldControl_NilSignalIsInternalToolError
--- PASS: TestYieldControl_NilSignalIsInternalToolError (0.00s)
=== RUN   TestIsControlError
--- PASS: TestIsControlError (0.00s)
=== RUN   TestWithErrorFormatter_BypassesControlErrors
--- PASS: TestWithErrorFormatter_BypassesControlErrors (0.00s)
=== RUN   TestValidateChunk_ControlRequiresSignal
--- PASS: TestValidateChunk_ControlRequiresSignal (0.00s)
=== RUN   TestWithCompletionPolicy
--- PASS: TestWithCompletionPolicy (0.00s)
=== RUN   TestNewDynamicToolFromSpec_Success
=== PAUSE TestNewDynamicToolFromSpec_Success
=== RUN   TestNewDynamicToolFromSpec_ValidationError
=== PAUSE TestNewDynamicToolFromSpec_ValidationError
=== RUN   TestNewDynamicToolFromSpec_InvalidSchema
=== PAUSE TestNewDynamicToolFromSpec_InvalidSchema
=== RUN   TestNewDynamicToolFromSpec_NilHandler
=== PAUSE TestNewDynamicToolFromSpec_NilHandler
=== RUN   TestNewDynamicToolFromSpec_ErrorClassification
=== PAUSE TestNewDynamicToolFromSpec_ErrorClassification
=== RUN   TestNewDynamicToolFromSpec_RequirementsOptions
=== PAUSE TestNewDynamicToolFromSpec_RequirementsOptions
=== RUN   TestNewDynamicToolFromSpec_StrictOption
=== PAUSE TestNewDynamicToolFromSpec_StrictOption
=== RUN   TestNewDynamicToolFromSpec_DoesNotMutateInputSchemaMap
=== PAUSE TestNewDynamicToolFromSpec_DoesNotMutateInputSchemaMap
=== RUN   TestNewDynamicToolFromSpec_PostConstructMutatingCallerDoesNotAffectToolSchema
=== PAUSE TestNewDynamicToolFromSpec_PostConstructMutatingCallerDoesNotAffectToolSchema
=== RUN   TestToolError_Error
=== RUN   TestToolError_Error/with_reason
=== RUN   TestToolError_Error/empty_reason
--- PASS: TestToolError_Error (0.00s)
    --- PASS: TestToolError_Error/with_reason (0.00s)
    --- PASS: TestToolError_Error/empty_reason (0.00s)
=== RUN   TestToolError_Unwrap
--- PASS: TestToolError_Unwrap (0.00s)
=== RUN   TestErrorsIs_As
=== RUN   TestErrorsIs_As/validation_direct
=== RUN   TestErrorsIs_As/internal_direct
=== RUN   TestErrorsIs_As/wrapped_validation
=== RUN   TestErrorsIs_As/wrapped_internal
=== RUN   TestErrorsIs_As/tool_not_found
=== RUN   TestErrorsIs_As/timeout
=== RUN   TestErrorsIs_As/shutdown
=== RUN   TestErrorsIs_As/max_steps
=== RUN   TestErrorsIs_As/registry_state
--- PASS: TestErrorsIs_As (0.00s)
    --- PASS: TestErrorsIs_As/validation_direct (0.00s)
    --- PASS: TestErrorsIs_As/internal_direct (0.00s)
    --- PASS: TestErrorsIs_As/wrapped_validation (0.00s)
    --- PASS: TestErrorsIs_As/wrapped_internal (0.00s)
    --- PASS: TestErrorsIs_As/tool_not_found (0.00s)
    --- PASS: TestErrorsIs_As/timeout (0.00s)
    --- PASS: TestErrorsIs_As/shutdown (0.00s)
    --- PASS: TestErrorsIs_As/max_steps (0.00s)
    --- PASS: TestErrorsIs_As/registry_state (0.00s)
=== RUN   TestNewToolsContractMissingError
--- PASS: TestNewToolsContractMissingError (0.00s)
=== RUN   TestNewToolNotFoundInSubsetError
--- PASS: TestNewToolNotFoundInSubsetError (0.00s)
=== RUN   TestMapReadLimitError
=== PAUSE TestMapReadLimitError
=== RUN   TestMapReadLimitError_ExtractsLimitFromCause
=== PAUSE TestMapReadLimitError_ExtractsLimitFromCause
=== RUN   TestMapReadLimitErrorFor
=== PAUSE TestMapReadLimitErrorFor
=== RUN   TestMapSandboxReadLimitError
=== PAUSE TestMapSandboxReadLimitError
=== RUN   TestMapSandboxReadLimitError_BareSentinel_ReturnsNil
=== PAUSE TestMapSandboxReadLimitError_BareSentinel_ReturnsNil
=== RUN   TestClientCorrectable
--- PASS: TestClientCorrectable (0.00s)
=== RUN   TestNewDependencyMissingError
--- PASS: TestNewDependencyMissingError (0.00s)
=== RUN   TestNewTimeoutErrorFrom_PreservesDeadlineChain
=== PAUSE TestNewTimeoutErrorFrom_PreservesDeadlineChain
=== RUN   TestNewExtractor_Success
=== PAUSE TestNewExtractor_Success
=== RUN   TestNewExtractor_Strict
=== PAUSE TestNewExtractor_Strict
=== RUN   TestExtractor_ParseAndValidate_Success
=== PAUSE TestExtractor_ParseAndValidate_Success
=== RUN   TestExtractor_ParseAndValidate_InvalidJSON
=== PAUSE TestExtractor_ParseAndValidate_InvalidJSON
=== RUN   TestExtractor_ParseAndValidate_SchemaViolation
=== PAUSE TestExtractor_ParseAndValidate_SchemaViolation
=== RUN   TestExtractor_ParseAndValidate_Validatable
=== PAUSE TestExtractor_ParseAndValidate_Validatable
=== RUN   TestExtractor_ParseAndValidate_ValidatablePointer
=== PAUSE TestExtractor_ParseAndValidate_ValidatablePointer
=== RUN   TestExtractor_ParseAndValidate_PointerT
=== PAUSE TestExtractor_ParseAndValidate_PointerT
=== RUN   TestExtractor_Schema_ReturnsCopy
=== PAUSE TestExtractor_Schema_ReturnsCopy
=== RUN   TestExtractor_ParseAndValidate_StrictMissingRequired
=== PAUSE TestExtractor_ParseAndValidate_StrictMissingRequired
=== RUN   TestExtractor_ParseAndValidate_ValidatableToolErrorPassthrough
=== PAUSE TestExtractor_ParseAndValidate_ValidatableToolErrorPassthrough
=== RUN   TestExtractor_ParseAndValidate_ValidatableNotCalledTwice
--- PASS: TestExtractor_ParseAndValidate_ValidatableNotCalledTwice (0.00s)
=== RUN   TestExtractor_ParseAndValidate_MapStringAny_Null_NoPanic
--- PASS: TestExtractor_ParseAndValidate_MapStringAny_Null_NoPanic (0.00s)
=== RUN   TestExtractor_ParseAndValidate_MapStringAny_Object_NoPanic
--- PASS: TestExtractor_ParseAndValidate_MapStringAny_Object_NoPanic (0.00s)
=== RUN   TestNewManifestSet_SingleTool
=== PAUSE TestNewManifestSet_SingleTool
=== RUN   TestNewManifestSet_SortedNames
=== PAUSE TestNewManifestSet_SortedNames
=== RUN   TestManifestSet_Manifest
=== PAUSE TestManifestSet_Manifest
=== RUN   TestManifestSetFromManifests
=== PAUSE TestManifestSetFromManifests
=== RUN   TestNewManifestSet_DuplicateName
=== PAUSE TestNewManifestSet_DuplicateName
=== RUN   TestManifestSetFromManifests_DuplicateName
=== PAUSE TestManifestSetFromManifests_DuplicateName
=== RUN   TestManifestSetFromManifests_ClonesRequirements
=== PAUSE TestManifestSetFromManifests_ClonesRequirements
=== RUN   TestNewManifestSet_NilTool
=== PAUSE TestNewManifestSet_NilTool
=== RUN   TestNewManifestSet_EmptyName
=== PAUSE TestNewManifestSet_EmptyName
=== RUN   TestManifestSetFromManifests_EmptyName
=== PAUSE TestManifestSetFromManifests_EmptyName
=== RUN   TestRegistry_ManifestSet_MatchesNewManifestSet
=== PAUSE TestRegistry_ManifestSet_MatchesNewManifestSet
=== RUN   TestWithBudget_NoEnvPassThrough
--- PASS: TestWithBudget_NoEnvPassThrough (0.00s)
=== RUN   TestWithBudget_MissingBudgetDepPassThrough
--- PASS: TestWithBudget_MissingBudgetDepPassThrough (0.00s)
=== RUN   TestWithBudget_DeniedEmitsErrorChunkAndSkipsTool
--- PASS: TestWithBudget_DeniedEmitsErrorChunkAndSkipsTool (0.00s)
=== RUN   TestWithBudget_AllowErrorReturnsToolError
--- PASS: TestWithBudget_AllowErrorReturnsToolError (0.00s)
=== RUN   TestMiddlewareStack_BudgetCheckedOnceWithTruncationAndBatchErrorNotDuplicated
--- PASS: TestMiddlewareStack_BudgetCheckedOnceWithTruncationAndBatchErrorNotDuplicated (0.00s)
=== RUN   TestMiddlewareStack_BudgetDenySkipsTool
--- PASS: TestMiddlewareStack_BudgetDenySkipsTool (0.00s)
=== RUN   TestWithErrorFormatter_ValidationErrorBecomesErrorChunk
--- PASS: TestWithErrorFormatter_ValidationErrorBecomesErrorChunk (0.00s)
=== RUN   TestWithErrorFormatter_InternalToolErrorDoesNotLeakInternalMessage
--- PASS: TestWithErrorFormatter_InternalToolErrorDoesNotLeakInternalMessage (0.00s)
=== RUN   TestWithErrorFormatter_DependencyMissingHint
--- PASS: TestWithErrorFormatter_DependencyMissingHint (0.00s)
=== RUN   TestWithErrorFormatter_ToolsContractMissingHint
--- PASS: TestWithErrorFormatter_ToolsContractMissingHint (0.00s)
=== RUN   TestWithErrorFormatter_PrefersSafeMessageOverReason
--- PASS: TestWithErrorFormatter_PrefersSafeMessageOverReason (0.00s)
=== RUN   TestWithErrorFormatter_BypassesSuspendAndStreamAborted
--- PASS: TestWithErrorFormatter_BypassesSuspendAndStreamAborted (0.00s)
=== RUN   TestWithErrorFormatter_BypassesContextCanceled
--- PASS: TestWithErrorFormatter_BypassesContextCanceled (0.00s)
=== RUN   TestFormatExecutionError_CancelOverReadLimit
=== PAUSE TestFormatExecutionError_CancelOverReadLimit
=== RUN   TestFormatExecutionError_TimeoutOverReadLimit
=== PAUSE TestFormatExecutionError_TimeoutOverReadLimit
=== RUN   TestErrorChunkSummaryText_InterruptOverInternal
=== PAUSE TestErrorChunkSummaryText_InterruptOverInternal
=== RUN   TestNewErrorChunkFromErr_InternalWrappedCancel_LlmMessageNotGeneric
=== PAUSE TestNewErrorChunkFromErr_InternalWrappedCancel_LlmMessageNotGeneric
=== RUN   TestReadLimitToolError_SandboxSubject
=== PAUSE TestReadLimitToolError_SandboxSubject
=== RUN   TestReadLimitToolError_BareSentinel_UsesGeneric
=== PAUSE TestReadLimitToolError_BareSentinel_UsesGeneric
=== RUN   TestErrorChunkGoldenOrder_CancelOverReadLimit
=== PAUSE TestErrorChunkGoldenOrder_CancelOverReadLimit
=== RUN   TestWithErrorFormatter_BypassesDeadlineExceeded
=== PAUSE TestWithErrorFormatter_BypassesDeadlineExceeded
=== RUN   TestWithErrorFormatter_YieldFailureIsWrapped
--- PASS: TestWithErrorFormatter_YieldFailureIsWrapped (0.00s)
=== RUN   TestWithErrorFormatter_PlainErrorPreservesActionableMessage
--- PASS: TestWithErrorFormatter_PlainErrorPreservesActionableMessage (0.00s)
=== RUN   TestErrorChunkSummaryText_LegacyTextNormalizes
=== PAUSE TestErrorChunkSummaryText_LegacyTextNormalizes
=== RUN   TestWithErrorFormatter_PlainErrorUsesFirstLineOnly
--- PASS: TestWithErrorFormatter_PlainErrorUsesFirstLineOnly (0.00s)
=== RUN   TestSessionExecute_ErrorFormatterSoftErrorCountsStep
--- PASS: TestSessionExecute_ErrorFormatterSoftErrorCountsStep (0.00s)
=== RUN   TestWithErrorFormatter_RegistryExecuteIter_EmitsSoftErrorChunk
--- PASS: TestWithErrorFormatter_RegistryExecuteIter_EmitsSoftErrorChunk (0.00s)
=== RUN   TestWithErrorFormatter_RegistryExecuteBatchStream_NoDuplicateErrorChunk
--- PASS: TestWithErrorFormatter_RegistryExecuteBatchStream_NoDuplicateErrorChunk (0.00s)
=== RUN   TestWithErrorFormatter_PreToolErrorsRemainHard
--- PASS: TestWithErrorFormatter_PreToolErrorsRemainHard (0.00s)
=== RUN   TestNewErrorChunkFromErr_ReadLimitExceeded
--- PASS: TestNewErrorChunkFromErr_ReadLimitExceeded (0.00s)
=== RUN   TestNewErrorChunkFromErr_WrappedCancel_NotValidation
=== PAUSE TestNewErrorChunkFromErr_WrappedCancel_NotValidation
=== RUN   TestNewErrorChunkFromErr_BareCancel_NotValidation
=== PAUSE TestNewErrorChunkFromErr_BareCancel_NotValidation
=== RUN   TestNewErrorChunkFromErr_ExistingToolErrorWrappedCancel_NotValidation
=== PAUSE TestNewErrorChunkFromErr_ExistingToolErrorWrappedCancel_NotValidation
=== RUN   TestNewErrorChunkFromErr_WrappedDeadline
=== PAUSE TestNewErrorChunkFromErr_WrappedDeadline
=== RUN   TestNewErrorChunkFromErr_InternalWrappingReadLimit
=== PAUSE TestNewErrorChunkFromErr_InternalWrappingReadLimit
=== RUN   TestNewErrorChunkFromErr_CancelOverReadLimit
=== PAUSE TestNewErrorChunkFromErr_CancelOverReadLimit
=== RUN   TestNewErrorChunkFromErr_InterruptInChainOverReadLimit
=== PAUSE TestNewErrorChunkFromErr_InterruptInChainOverReadLimit
=== RUN   TestNewErrorChunkFromErr_DeadlineOverReadLimit
=== PAUSE TestNewErrorChunkFromErr_DeadlineOverReadLimit
=== RUN   TestNewErrorChunkFromErr_TimeoutOverReadLimit
=== PAUSE TestNewErrorChunkFromErr_TimeoutOverReadLimit
=== RUN   TestWithErrorFormatter_BypassesWrappedCancel
=== PAUSE TestWithErrorFormatter_BypassesWrappedCancel
=== RUN   TestWithErrorFormatter_BypassesBareCancel
=== PAUSE TestWithErrorFormatter_BypassesBareCancel
=== RUN   TestWithLogging
--- PASS: TestWithLogging (0.00s)
=== RUN   TestWithLogging_SoftErrorChunkLogsToolError
--- PASS: TestWithLogging_SoftErrorChunkLogsToolError (0.00s)
=== RUN   TestWithLogging_SoftErrorChunkMarksSpan
--- PASS: TestWithLogging_SoftErrorChunkMarksSpan (0.00s)
=== RUN   TestWithLogging_SoftErrorChunkViaRegistry
--- PASS: TestWithLogging_SoftErrorChunkViaRegistry (0.00s)
=== RUN   TestWithRecovery
--- PASS: TestWithRecovery (0.00s)
=== RUN   TestRegistryBuilderUse
--- PASS: TestRegistryBuilderUse (0.00s)
=== RUN   TestMiddlewareShortCircuitSkipsInnerTool
--- PASS: TestMiddlewareShortCircuitSkipsInnerTool (0.00s)
=== RUN   TestAsAsyncTool_MiddlewareRunsInBackground
--- PASS: TestAsAsyncTool_MiddlewareRunsInBackground (0.08s)
=== RUN   TestAsAsyncTool_BudgetSoftErrorInOnComplete
--- PASS: TestAsAsyncTool_BudgetSoftErrorInOnComplete (0.00s)
=== RUN   TestAsAsyncTool_ErrorFormatterSoftErrorInOnComplete
--- PASS: TestAsAsyncTool_ErrorFormatterSoftErrorInOnComplete (0.00s)
=== RUN   TestAsAsyncTool_OnCompletePreservesStructuredValidationWire
--- PASS: TestAsAsyncTool_OnCompletePreservesStructuredValidationWire (0.00s)
=== RUN   TestAsAsyncTool_BackgroundYieldValidationInOnComplete
--- PASS: TestAsAsyncTool_BackgroundYieldValidationInOnComplete (0.00s)
=== RUN   TestWithTruncation_TruncatesTextPayload
--- PASS: TestWithTruncation_TruncatesTextPayload (0.00s)
=== RUN   TestWithTruncation_TruncatesMarkdownPayload
--- PASS: TestWithTruncation_TruncatesMarkdownPayload (0.00s)
=== RUN   TestWithTruncation_DoesNotTruncateBinaryPayload
--- PASS: TestWithTruncation_DoesNotTruncateBinaryPayload (0.00s)
=== RUN   TestWithTruncation_JSONIsOptIn
--- PASS: TestWithTruncation_JSONIsOptIn (0.00s)
=== RUN   TestWithTruncation_PreservesUTF8Boundaries
--- PASS: TestWithTruncation_PreservesUTF8Boundaries (0.00s)
=== RUN   TestNestedSuppliedSessionPreservesPolicyViewBudgetAndApproval
=== RUN   TestNestedSuppliedSessionPreservesPolicyViewBudgetAndApproval/policy
=== RUN   TestNestedSuppliedSessionPreservesPolicyViewBudgetAndApproval/view
=== RUN   TestNestedSuppliedSessionPreservesPolicyViewBudgetAndApproval/budget
=== RUN   TestNestedSuppliedSessionPreservesPolicyViewBudgetAndApproval/approval
--- PASS: TestNestedSuppliedSessionPreservesPolicyViewBudgetAndApproval (0.01s)
    --- PASS: TestNestedSuppliedSessionPreservesPolicyViewBudgetAndApproval/policy (0.00s)
    --- PASS: TestNestedSuppliedSessionPreservesPolicyViewBudgetAndApproval/view (0.00s)
    --- PASS: TestNestedSuppliedSessionPreservesPolicyViewBudgetAndApproval/budget (0.00s)
    --- PASS: TestNestedSuppliedSessionPreservesPolicyViewBudgetAndApproval/approval (0.00s)
=== RUN   TestLosslessDynamicInputIdentity
--- PASS: TestLosslessDynamicInputIdentity (0.00s)
=== RUN   TestLosslessNumericSchemaConstraints
=== RUN   TestLosslessNumericSchemaConstraints/minimum
=== RUN   TestLosslessNumericSchemaConstraints/maximum
=== RUN   TestLosslessNumericSchemaConstraints/enum
=== RUN   TestLosslessNumericSchemaConstraints/fractional
=== RUN   TestLosslessNumericSchemaConstraints/int64
--- PASS: TestLosslessNumericSchemaConstraints (0.00s)
    --- PASS: TestLosslessNumericSchemaConstraints/minimum (0.00s)
    --- PASS: TestLosslessNumericSchemaConstraints/maximum (0.00s)
    --- PASS: TestLosslessNumericSchemaConstraints/enum (0.00s)
    --- PASS: TestLosslessNumericSchemaConstraints/fractional (0.00s)
    --- PASS: TestLosslessNumericSchemaConstraints/int64 (0.00s)
=== RUN   TestLosslessTypedExtractorValidation
--- PASS: TestLosslessTypedExtractorValidation (0.00s)
=== RUN   TestLosslessInputStructurePolicy
=== RUN   TestLosslessInputStructurePolicy/case-15
=== RUN   TestLosslessInputStructurePolicy/case-26
=== RUN   TestLosslessInputStructurePolicy/case-11
=== RUN   TestLosslessInputStructurePolicy/case-272
--- PASS: TestLosslessInputStructurePolicy (0.00s)
    --- PASS: TestLosslessInputStructurePolicy/case-15 (0.00s)
    --- PASS: TestLosslessInputStructurePolicy/case-26 (0.00s)
    --- PASS: TestLosslessInputStructurePolicy/case-11 (0.00s)
    --- PASS: TestLosslessInputStructurePolicy/case-272 (0.00s)
=== RUN   TestLosslessTypedInterfaceNumbers
--- PASS: TestLosslessTypedInterfaceNumbers (0.00s)
=== RUN   TestLosslessSchemaTransformPreservesNamedPropertiesAndLiterals
--- PASS: TestLosslessSchemaTransformPreservesNamedPropertiesAndLiterals (0.00s)
=== RUN   TestLosslessInputStructureLimits
=== RUN   TestLosslessInputStructureLimits/depth-at-limit
=== RUN   TestLosslessInputStructureLimits/depth-over-limit
=== RUN   TestLosslessInputStructureLimits/nodes-at-limit
=== RUN   TestLosslessInputStructureLimits/nodes-over-limit
=== RUN   TestLosslessInputStructureLimits/escaped-duplicate
--- PASS: TestLosslessInputStructureLimits (1.71s)
    --- PASS: TestLosslessInputStructureLimits/depth-at-limit (0.00s)
    --- PASS: TestLosslessInputStructureLimits/depth-over-limit (0.00s)
    --- PASS: TestLosslessInputStructureLimits/nodes-at-limit (1.52s)
    --- PASS: TestLosslessInputStructureLimits/nodes-over-limit (0.19s)
    --- PASS: TestLosslessInputStructureLimits/escaped-duplicate (0.00s)
=== RUN   TestConcurrentApprovedResumesDispatchOnce
--- PASS: TestConcurrentApprovedResumesDispatchOnce (0.00s)
=== RUN   TestOperationFaultStoreFailureNeverAuthorizesDispatch
--- PASS: TestOperationFaultStoreFailureNeverAuthorizesDispatch (0.00s)
=== RUN   TestOperationFaultCommitPersistenceFailureNoBlindRetry
=== RUN   TestOperationFaultCommitPersistenceFailureNoBlindRetry/before_persistence
=== RUN   TestOperationFaultCommitPersistenceFailureNoBlindRetry/after_persistence_before_ack
--- PASS: TestOperationFaultCommitPersistenceFailureNoBlindRetry (0.00s)
    --- PASS: TestOperationFaultCommitPersistenceFailureNoBlindRetry/before_persistence (0.00s)
    --- PASS: TestOperationFaultCommitPersistenceFailureNoBlindRetry/after_persistence_before_ack (0.00s)
=== RUN   TestOperationFaultCancellationAndPanicRemainUnknown
=== RUN   TestOperationFaultCancellationAndPanicRemainUnknown/cancel
=== RUN   TestOperationFaultCancellationAndPanicRemainUnknown/panic
=== RUN   TestOperationFaultCancellationAndPanicRemainUnknown/invalid_terminal
=== RUN   TestOperationFaultCancellationAndPanicRemainUnknown/ignored_control_error
--- PASS: TestOperationFaultCancellationAndPanicRemainUnknown (0.00s)
    --- PASS: TestOperationFaultCancellationAndPanicRemainUnknown/cancel (0.00s)
    --- PASS: TestOperationFaultCancellationAndPanicRemainUnknown/panic (0.00s)
    --- PASS: TestOperationFaultCancellationAndPanicRemainUnknown/invalid_terminal (0.00s)
    --- PASS: TestOperationFaultCancellationAndPanicRemainUnknown/ignored_control_error (0.00s)
=== RUN   TestOperationFaultClaimDelayOrCancellationDoesNotDispatch
=== RUN   TestOperationFaultClaimDelayOrCancellationDoesNotDispatch/cancel
=== RUN   TestOperationFaultClaimDelayOrCancellationDoesNotDispatch/lease_expired
--- PASS: TestOperationFaultClaimDelayOrCancellationDoesNotDispatch (0.00s)
    --- PASS: TestOperationFaultClaimDelayOrCancellationDoesNotDispatch/cancel (0.00s)
    --- PASS: TestOperationFaultClaimDelayOrCancellationDoesNotDispatch/lease_expired (0.00s)
=== RUN   TestOperationFaultApprovalExpiresWhileClaimAcknowledgementWaits
--- PASS: TestOperationFaultApprovalExpiresWhileClaimAcknowledgementWaits (0.00s)
=== RUN   TestOperationNamespaceScopeAndNewIntentAreIndependent
--- PASS: TestOperationNamespaceScopeAndNewIntentAreIndependent (0.00s)
=== RUN   TestOperationDownstreamIdempotencyKeepsOriginalKeyOnAuthorizedRetry
--- PASS: TestOperationDownstreamIdempotencyKeepsOriginalKeyOnAuthorizedRetry (0.00s)
=== RUN   TestOperationProfileRegistryAndSessionReauthorize
=== RUN   TestOperationProfileRegistryAndSessionReauthorize/registry
=== RUN   TestOperationProfileRegistryAndSessionReauthorize/session
=== RUN   TestOperationProfileRegistryAndSessionReauthorize/direct
--- PASS: TestOperationProfileRegistryAndSessionReauthorize (0.01s)
    --- PASS: TestOperationProfileRegistryAndSessionReauthorize/registry (0.00s)
    --- PASS: TestOperationProfileRegistryAndSessionReauthorize/session (0.00s)
    --- PASS: TestOperationProfileRegistryAndSessionReauthorize/direct (0.01s)
=== RUN   TestOperationProfileTimeoutAfterDispatchIsNotRetryable
--- PASS: TestOperationProfileTimeoutAfterDispatchIsNotRetryable (0.01s)
=== RUN   TestOperationProfilePendingResumeReplayAndDeliveryFailure
--- PASS: TestOperationProfilePendingResumeReplayAndDeliveryFailure (0.00s)
=== RUN   TestOperationProfileLateFailureCannotReplaySuccess
--- PASS: TestOperationProfileLateFailureCannotReplaySuccess (0.00s)
=== RUN   TestOperationProfileApprovalBindsPreparedArgsAndAttachments
=== RUN   TestOperationProfileApprovalBindsPreparedArgsAndAttachments/args
=== RUN   TestOperationProfileApprovalBindsPreparedArgsAndAttachments/attachment
=== RUN   TestOperationProfileApprovalBindsPreparedArgsAndAttachments/attachment_mime
--- PASS: TestOperationProfileApprovalBindsPreparedArgsAndAttachments (0.00s)
    --- PASS: TestOperationProfileApprovalBindsPreparedArgsAndAttachments/args (0.00s)
    --- PASS: TestOperationProfileApprovalBindsPreparedArgsAndAttachments/attachment (0.00s)
    --- PASS: TestOperationProfileApprovalBindsPreparedArgsAndAttachments/attachment_mime (0.00s)
=== RUN   TestOperationInspectNeverClaimsOrMutates
--- PASS: TestOperationInspectNeverClaimsOrMutates (0.00s)
=== RUN   TestOperationReconcileUsesOriginalBindingAndPrivateSnapshot
--- PASS: TestOperationReconcileUsesOriginalBindingAndPrivateSnapshot (0.00s)
=== RUN   TestOperationReconcileCallbackFailureDoesNotAuthorizeRetry
--- PASS: TestOperationReconcileCallbackFailureDoesNotAuthorizeRetry (0.00s)
=== RUN   TestOperationReconcileCannotCompleteNewerAttempt
--- PASS: TestOperationReconcileCannotCompleteNewerAttempt (0.00s)
=== RUN   TestOperationReconcileRequiresUncertaintyAndEvidence
=== RUN   TestOperationReconcileRequiresUncertaintyAndEvidence/absent
=== RUN   TestOperationReconcileRequiresUncertaintyAndEvidence/in_progress
=== RUN   TestOperationReconcileRequiresUncertaintyAndEvidence/missing_proof
--- PASS: TestOperationReconcileRequiresUncertaintyAndEvidence (0.00s)
    --- PASS: TestOperationReconcileRequiresUncertaintyAndEvidence/absent (0.00s)
    --- PASS: TestOperationReconcileRequiresUncertaintyAndEvidence/in_progress (0.00s)
    --- PASS: TestOperationReconcileRequiresUncertaintyAndEvidence/missing_proof (0.00s)
=== RUN   TestOperationStoreAtomicGrantClaim
--- PASS: TestOperationStoreAtomicGrantClaim (0.00s)
=== RUN   TestApprovalBindsEveryField
=== RUN   TestApprovalBindsEveryField/Namespace
=== RUN   TestApprovalBindsEveryField/Scope
=== RUN   TestApprovalBindsEveryField/Subject
=== RUN   TestApprovalBindsEveryField/OperationID
=== RUN   TestApprovalBindsEveryField/Tool
=== RUN   TestApprovalBindsEveryField/ManifestFingerprint
=== RUN   TestApprovalBindsEveryField/ViewFingerprint
=== RUN   TestApprovalBindsEveryField/PolicyFingerprint
=== RUN   TestApprovalBindsEveryField/CanonicalDigest
=== RUN   TestApprovalBindsEveryField/CanonicalRules
=== RUN   TestApprovalBindsEveryField/DownstreamKey
--- PASS: TestApprovalBindsEveryField (0.00s)
    --- PASS: TestApprovalBindsEveryField/Namespace (0.00s)
    --- PASS: TestApprovalBindsEveryField/Scope (0.00s)
    --- PASS: TestApprovalBindsEveryField/Subject (0.00s)
    --- PASS: TestApprovalBindsEveryField/OperationID (0.00s)
    --- PASS: TestApprovalBindsEveryField/Tool (0.00s)
    --- PASS: TestApprovalBindsEveryField/ManifestFingerprint (0.00s)
    --- PASS: TestApprovalBindsEveryField/ViewFingerprint (0.00s)
    --- PASS: TestApprovalBindsEveryField/PolicyFingerprint (0.00s)
    --- PASS: TestApprovalBindsEveryField/CanonicalDigest (0.00s)
    --- PASS: TestApprovalBindsEveryField/CanonicalRules (0.00s)
    --- PASS: TestApprovalBindsEveryField/DownstreamKey (0.00s)
=== RUN   TestOperationRecoveryRequiresReconciliationAndFencesOldAttempt
--- PASS: TestOperationRecoveryRequiresReconciliationAndFencesOldAttempt (0.05s)
=== RUN   TestApprovalExpiredRejectedAndRecoveryPolicy
=== RUN   TestApprovalExpiredRejectedAndRecoveryPolicy/approval_expired
=== RUN   TestApprovalExpiredRejectedAndRecoveryPolicy/approval_rejected
=== RUN   TestApprovalExpiredRejectedAndRecoveryPolicy/approval_consumed
--- PASS: TestApprovalExpiredRejectedAndRecoveryPolicy (0.00s)
    --- PASS: TestApprovalExpiredRejectedAndRecoveryPolicy/approval_expired (0.00s)
    --- PASS: TestApprovalExpiredRejectedAndRecoveryPolicy/approval_rejected (0.00s)
    --- PASS: TestApprovalExpiredRejectedAndRecoveryPolicy/approval_consumed (0.00s)
=== RUN   TestOperationAttemptIdentityCannotBeRecycled
--- PASS: TestOperationAttemptIdentityCannotBeRecycled (0.00s)
=== RUN   TestOperationTerminalStreamFailureAfterEffectRemainsUnknown
=== RUN   TestOperationTerminalStreamFailureAfterEffectRemainsUnknown/invalid
=== RUN   TestOperationTerminalStreamFailureAfterEffectRemainsUnknown/duplicate
=== RUN   TestOperationTerminalStreamFailureAfterEffectRemainsUnknown/consumer-abort
=== RUN   TestOperationTerminalStreamFailureAfterEffectRemainsUnknown/late-producer-failure
--- PASS: TestOperationTerminalStreamFailureAfterEffectRemainsUnknown (0.01s)
    --- PASS: TestOperationTerminalStreamFailureAfterEffectRemainsUnknown/invalid (0.00s)
    --- PASS: TestOperationTerminalStreamFailureAfterEffectRemainsUnknown/duplicate (0.00s)
    --- PASS: TestOperationTerminalStreamFailureAfterEffectRemainsUnknown/consumer-abort (0.00s)
    --- PASS: TestOperationTerminalStreamFailureAfterEffectRemainsUnknown/late-producer-failure (0.00s)
=== RUN   TestOperationNormativeTransitions
=== RUN   TestOperationNormativeTransitions/absent/atomic_authorized_claim
=== RUN   TestOperationNormativeTransitions/absent/approval_missing
=== RUN   TestOperationNormativeTransitions/in_progress/concurrent_claim
=== RUN   TestOperationNormativeTransitions/in_progress/lease_expired
=== RUN   TestOperationNormativeTransitions/in_progress/fenced_success
=== RUN   TestOperationNormativeTransitions/in_progress/execution_or_validation_failure
=== RUN   TestOperationNormativeTransitions/unknown_outcome/unverified_retry
=== RUN   TestOperationNormativeTransitions/unknown_outcome/trusted_reconciled_success
=== RUN   TestOperationNormativeTransitions/unknown_outcome/trusted_retry_proof
=== RUN   TestOperationNormativeTransitions/unknown_outcome/trusted_rejected
=== RUN   TestOperationNormativeTransitions/retry_authorized/atomic_authorized_claim
=== RUN   TestOperationNormativeTransitions/rejected/repeat_delivery
=== RUN   TestOperationNormativeTransitions/completed/authorized_replay
--- PASS: TestOperationNormativeTransitions (0.01s)
    --- PASS: TestOperationNormativeTransitions/absent/atomic_authorized_claim (0.00s)
    --- PASS: TestOperationNormativeTransitions/absent/approval_missing (0.00s)
    --- PASS: TestOperationNormativeTransitions/in_progress/concurrent_claim (0.00s)
    --- PASS: TestOperationNormativeTransitions/in_progress/lease_expired (0.00s)
    --- PASS: TestOperationNormativeTransitions/in_progress/fenced_success (0.00s)
    --- PASS: TestOperationNormativeTransitions/in_progress/execution_or_validation_failure (0.00s)
    --- PASS: TestOperationNormativeTransitions/unknown_outcome/unverified_retry (0.00s)
    --- PASS: TestOperationNormativeTransitions/unknown_outcome/trusted_reconciled_success (0.00s)
    --- PASS: TestOperationNormativeTransitions/unknown_outcome/trusted_retry_proof (0.00s)
    --- PASS: TestOperationNormativeTransitions/unknown_outcome/trusted_rejected (0.00s)
    --- PASS: TestOperationNormativeTransitions/retry_authorized/atomic_authorized_claim (0.00s)
    --- PASS: TestOperationNormativeTransitions/rejected/repeat_delivery (0.00s)
    --- PASS: TestOperationNormativeTransitions/completed/authorized_replay (0.00s)
=== RUN   TestWithStrict
--- PASS: TestWithStrict (0.00s)
=== RUN   TestWithTags
--- PASS: TestWithTags (0.00s)
=== RUN   TestWithVersion
--- PASS: TestWithVersion (0.00s)
=== RUN   TestWithDangerous
--- PASS: TestWithDangerous (0.00s)
=== RUN   TestWithReadOnly
--- PASS: TestWithReadOnly (0.00s)
=== RUN   TestWithRequirements
--- PASS: TestWithRequirements (0.00s)
=== RUN   TestToolOptions_Combined
--- PASS: TestToolOptions_Combined (0.00s)
=== RUN   TestExecutionErrorFromChunk_ToolErrorJSON
=== PAUSE TestExecutionErrorFromChunk_ToolErrorJSON
=== RUN   TestExecutionErrorFromChunk_LegacyTextNormalizesToMalformedWire
=== PAUSE TestExecutionErrorFromChunk_LegacyTextNormalizesToMalformedWire
=== RUN   TestExecutionErrorFromChunk_PlainTextJSONBody
=== PAUSE TestExecutionErrorFromChunk_PlainTextJSONBody
=== RUN   TestExecutionErrorFromChunk_CorruptToolErrorJSON
=== PAUSE TestExecutionErrorFromChunk_CorruptToolErrorJSON
=== RUN   TestUnmarshalToolErrorWire_ToolsContractMissing
=== PAUSE TestUnmarshalToolErrorWire_ToolsContractMissing
=== RUN   TestDecodeOutcomeAs_Success
=== PAUSE TestDecodeOutcomeAs_Success
=== RUN   TestDecodeOutcomeAs_ExecutionError
=== PAUSE TestDecodeOutcomeAs_ExecutionError
=== RUN   TestDecodeOutcomeAs_InvalidResultJSON
=== PAUSE TestDecodeOutcomeAs_InvalidResultJSON
=== RUN   TestPolicyCompositionPreparesBeforeProfileAndReauthorizesReplay
=== RUN   TestPolicyCompositionPreparesBeforeProfileAndReauthorizesReplay/cache/direct
=== RUN   TestPolicyCompositionPreparesBeforeProfileAndReauthorizesReplay/cache/registry
=== RUN   TestPolicyCompositionPreparesBeforeProfileAndReauthorizesReplay/cache/session
=== RUN   TestPolicyCompositionPreparesBeforeProfileAndReauthorizesReplay/operation/direct
=== RUN   TestPolicyCompositionPreparesBeforeProfileAndReauthorizesReplay/operation/registry
=== RUN   TestPolicyCompositionPreparesBeforeProfileAndReauthorizesReplay/operation/session
--- PASS: TestPolicyCompositionPreparesBeforeProfileAndReauthorizesReplay (0.08s)
    --- PASS: TestPolicyCompositionPreparesBeforeProfileAndReauthorizesReplay/cache/direct (0.00s)
    --- PASS: TestPolicyCompositionPreparesBeforeProfileAndReauthorizesReplay/cache/registry (0.00s)
    --- PASS: TestPolicyCompositionPreparesBeforeProfileAndReauthorizesReplay/cache/session (0.05s)
    --- PASS: TestPolicyCompositionPreparesBeforeProfileAndReauthorizesReplay/operation/direct (0.01s)
    --- PASS: TestPolicyCompositionPreparesBeforeProfileAndReauthorizesReplay/operation/registry (0.01s)
    --- PASS: TestPolicyCompositionPreparesBeforeProfileAndReauthorizesReplay/operation/session (0.00s)
=== RUN   TestPolicyCompositionAppliesCurrentEnvelopeToReplay
=== RUN   TestPolicyCompositionAppliesCurrentEnvelopeToReplay/cache
=== RUN   TestPolicyCompositionAppliesCurrentEnvelopeToReplay/operation
--- PASS: TestPolicyCompositionAppliesCurrentEnvelopeToReplay (0.01s)
    --- PASS: TestPolicyCompositionAppliesCurrentEnvelopeToReplay/cache (0.00s)
    --- PASS: TestPolicyCompositionAppliesCurrentEnvelopeToReplay/operation (0.00s)
=== RUN   TestPolicyCompositionOuterPolicyChecksFinalHandlerArgs
=== RUN   TestPolicyCompositionOuterPolicyChecksFinalHandlerArgs/false
=== RUN   TestPolicyCompositionOuterPolicyChecksFinalHandlerArgs/true
--- PASS: TestPolicyCompositionOuterPolicyChecksFinalHandlerArgs (0.00s)
    --- PASS: TestPolicyCompositionOuterPolicyChecksFinalHandlerArgs/false (0.00s)
    --- PASS: TestPolicyCompositionOuterPolicyChecksFinalHandlerArgs/true (0.00s)
=== RUN   TestPolicyCompositionReplayNeverExpandsAudience
=== RUN   TestPolicyCompositionReplayNeverExpandsAudience/cache
=== RUN   TestPolicyCompositionReplayNeverExpandsAudience/operation
--- PASS: TestPolicyCompositionReplayNeverExpandsAudience (0.00s)
    --- PASS: TestPolicyCompositionReplayNeverExpandsAudience/cache (0.00s)
    --- PASS: TestPolicyCompositionReplayNeverExpandsAudience/operation (0.00s)
=== RUN   TestPolicyPreparationDoesNotLeakIntoNestedExecutor
--- PASS: TestPolicyPreparationDoesNotLeakIntoNestedExecutor (0.00s)
=== RUN   TestPolicyConstructorRejectsReplayMetadata
=== RUN   TestPolicyConstructorRejectsReplayMetadata/reserved
=== RUN   TestPolicyConstructorRejectsReplayMetadata/reserved#01
=== RUN   TestPolicyConstructorRejectsReplayMetadata/reserved#02
=== RUN   TestPolicyConstructorRejectsReplayMetadata/reserved#03
--- PASS: TestPolicyConstructorRejectsReplayMetadata (0.00s)
    --- PASS: TestPolicyConstructorRejectsReplayMetadata/reserved (0.00s)
    --- PASS: TestPolicyConstructorRejectsReplayMetadata/reserved#01 (0.00s)
    --- PASS: TestPolicyConstructorRejectsReplayMetadata/reserved#02 (0.00s)
    --- PASS: TestPolicyConstructorRejectsReplayMetadata/reserved#03 (0.00s)
=== RUN   TestPolicyReplayOverlayPreservesProvenance
--- PASS: TestPolicyReplayOverlayPreservesProvenance (0.00s)
=== RUN   TestNestedPolicyReplayEffectsApplyOnce
=== RUN   TestNestedPolicyReplayEffectsApplyOnce/cache
=== RUN   TestNestedPolicyReplayEffectsApplyOnce/operation
--- PASS: TestNestedPolicyReplayEffectsApplyOnce (0.02s)
    --- PASS: TestNestedPolicyReplayEffectsApplyOnce/cache (0.01s)
    --- PASS: TestNestedPolicyReplayEffectsApplyOnce/operation (0.01s)
=== RUN   TestPostHandlerFailureNeverRepairsArguments
=== RUN   TestPostHandlerFailureNeverRepairsArguments/result_validator/plain
=== RUN   TestPostHandlerFailureNeverRepairsArguments/result_validator/tool-error
=== RUN   TestPostHandlerFailureNeverRepairsArguments/effect_validator/plain
=== RUN   TestPostHandlerFailureNeverRepairsArguments/effect_validator/tool-error
=== RUN   TestPostHandlerFailureNeverRepairsArguments/postcondition/plain
=== RUN   TestPostHandlerFailureNeverRepairsArguments/postcondition/tool-error
--- PASS: TestPostHandlerFailureNeverRepairsArguments (0.01s)
    --- PASS: TestPostHandlerFailureNeverRepairsArguments/result_validator/plain (0.00s)
    --- PASS: TestPostHandlerFailureNeverRepairsArguments/result_validator/tool-error (0.00s)
    --- PASS: TestPostHandlerFailureNeverRepairsArguments/effect_validator/plain (0.00s)
    --- PASS: TestPostHandlerFailureNeverRepairsArguments/effect_validator/tool-error (0.00s)
    --- PASS: TestPostHandlerFailureNeverRepairsArguments/postcondition/plain (0.00s)
    --- PASS: TestPostHandlerFailureNeverRepairsArguments/postcondition/tool-error (0.00s)
=== RUN   TestPostHandlerJournalOutcome
=== RUN   TestPostHandlerJournalOutcome/result_validator
=== RUN   TestPostHandlerJournalOutcome/effect_validator
=== RUN   TestPostHandlerJournalOutcome/postcondition
=== RUN   TestPostHandlerJournalOutcome/success-delivery-failure
--- PASS: TestPostHandlerJournalOutcome (0.01s)
    --- PASS: TestPostHandlerJournalOutcome/result_validator (0.00s)
    --- PASS: TestPostHandlerJournalOutcome/effect_validator (0.00s)
    --- PASS: TestPostHandlerJournalOutcome/postcondition (0.00s)
    --- PASS: TestPostHandlerJournalOutcome/success-delivery-failure (0.00s)
=== RUN   TestPostHandlerArgumentFailuresRemainCorrectable
--- PASS: TestPostHandlerArgumentFailuresRemainCorrectable (0.00s)
=== RUN   TestAfterClaimPreDispatchFailureIsTruthful
=== RUN   TestAfterClaimPreDispatchFailureIsTruthful/canceled
=== RUN   TestAfterClaimPreDispatchFailureIsTruthful/expired
--- PASS: TestAfterClaimPreDispatchFailureIsTruthful (0.00s)
    --- PASS: TestAfterClaimPreDispatchFailureIsTruthful/canceled (0.00s)
    --- PASS: TestAfterClaimPreDispatchFailureIsTruthful/expired (0.00s)
=== RUN   TestPostHandlerDeadlineCauseStaysNonretryable
=== RUN   TestPostHandlerDeadlineCauseStaysNonretryable/result_validator
=== RUN   TestPostHandlerDeadlineCauseStaysNonretryable/effect_validator
=== RUN   TestPostHandlerDeadlineCauseStaysNonretryable/postcondition
--- PASS: TestPostHandlerDeadlineCauseStaysNonretryable (0.00s)
    --- PASS: TestPostHandlerDeadlineCauseStaysNonretryable/result_validator (0.00s)
    --- PASS: TestPostHandlerDeadlineCauseStaysNonretryable/effect_validator (0.00s)
    --- PASS: TestPostHandlerDeadlineCauseStaysNonretryable/postcondition (0.00s)
=== RUN   TestPostHandlerFormatterPreservesRecovery
--- PASS: TestPostHandlerFormatterPreservesRecovery (0.00s)
=== RUN   TestPostHandlerFormatterBypassAndNestedHandler
--- PASS: TestPostHandlerFormatterBypassAndNestedHandler (0.00s)
=== RUN   TestPostHandlerDiagnosticCausesDoNotControlRouting
=== RUN   TestPostHandlerDiagnosticCausesDoNotControlRouting/toolsy:_control_pause
=== RUN   TestPostHandlerDiagnosticCausesDoNotControlRouting/toolsy:_control_yield
=== RUN   TestPostHandlerDiagnosticCausesDoNotControlRouting/toolsy:_control_halt
=== RUN   TestPostHandlerDiagnosticCausesDoNotControlRouting/toolsy:_control_ui_action
=== RUN   TestPostHandlerDiagnosticCausesDoNotControlRouting/stream_aborted_by_caller
=== RUN   TestPostHandlerDiagnosticCausesDoNotControlRouting/context_deadline_exceeded
--- PASS: TestPostHandlerDiagnosticCausesDoNotControlRouting (0.01s)
    --- PASS: TestPostHandlerDiagnosticCausesDoNotControlRouting/toolsy:_control_pause (0.00s)
    --- PASS: TestPostHandlerDiagnosticCausesDoNotControlRouting/toolsy:_control_yield (0.00s)
    --- PASS: TestPostHandlerDiagnosticCausesDoNotControlRouting/toolsy:_control_halt (0.00s)
    --- PASS: TestPostHandlerDiagnosticCausesDoNotControlRouting/toolsy:_control_ui_action (0.00s)
    --- PASS: TestPostHandlerDiagnosticCausesDoNotControlRouting/stream_aborted_by_caller (0.00s)
    --- PASS: TestPostHandlerDiagnosticCausesDoNotControlRouting/context_deadline_exceeded (0.00s)
=== RUN   TestPreparedBoundarySingleDispatch
--- PASS: TestPreparedBoundarySingleDispatch (0.00s)
=== RUN   TestPreparedBoundaryBindsEffectiveManifestAndCanonicalInput
--- PASS: TestPreparedBoundaryBindsEffectiveManifestAndCanonicalInput (0.00s)
=== RUN   TestPreparedHandlerEnvCannotBecomeDirectNestedBinding
--- PASS: TestPreparedHandlerEnvCannotBecomeDirectNestedBinding (0.00s)
=== RUN   TestDirectPreparedCallsOwnStateWithSharedHostEnvironment
--- PASS: TestDirectPreparedCallsOwnStateWithSharedHostEnvironment (0.00s)
=== RUN   TestPreparedSnapshotPreservesBYOTAndIsolatesExportedFields
--- PASS: TestPreparedSnapshotPreservesBYOTAndIsolatesExportedFields (0.00s)
=== RUN   TestCompleteResultSnapshotIsolatesNestedTypedEffects
--- PASS: TestCompleteResultSnapshotIsolatesNestedTypedEffects (0.00s)
=== RUN   TestPreparedBinderPreservesOpaqueHostProof
--- PASS: TestPreparedBinderPreservesOpaqueHostProof (0.00s)
=== RUN   TestHostProviderCompletionBoundaryFixture
=== RUN   TestHostProviderCompletionBoundaryFixture/valid-prefix-is-not-completion
=== RUN   TestHostProviderCompletionBoundaryFixture/valid-prefix-then-invalid-suffix
=== RUN   TestHostProviderCompletionBoundaryFixture/valid-prefix-without-marker
--- PASS: TestHostProviderCompletionBoundaryFixture (0.00s)
    --- PASS: TestHostProviderCompletionBoundaryFixture/valid-prefix-is-not-completion (0.00s)
    --- PASS: TestHostProviderCompletionBoundaryFixture/valid-prefix-then-invalid-suffix (0.00s)
    --- PASS: TestHostProviderCompletionBoundaryFixture/valid-prefix-without-marker (0.00s)
=== RUN   TestMapToolkitReadError_CancelOverReadLimit
=== PAUSE TestMapToolkitReadError_CancelOverReadLimit
=== RUN   TestMapToolkitReadError_InterruptInChainOverReadLimit
=== PAUSE TestMapToolkitReadError_InterruptInChainOverReadLimit
=== RUN   TestMapToolkitReadError_ReadLimit
=== PAUSE TestMapToolkitReadError_ReadLimit
=== RUN   TestToolkitContextError_Canceled
=== PAUSE TestToolkitContextError_Canceled
=== RUN   TestMapToolkitCapError_CancelOverLimit
=== PAUSE TestMapToolkitCapError_CancelOverLimit
=== RUN   TestMapToolkitCapError_ReadLimit
=== PAUSE TestMapToolkitCapError_ReadLimit
=== RUN   TestRegistryBuilder_BuildAndExecute
--- PASS: TestRegistryBuilder_BuildAndExecute (0.00s)
=== RUN   TestRegistryBuilder_DuplicateToolName
--- PASS: TestRegistryBuilder_DuplicateToolName (0.00s)
=== RUN   TestRegistryBuilder_NestedAsyncTool_FailsBuild
--- PASS: TestRegistryBuilder_NestedAsyncTool_FailsBuild (0.00s)
=== RUN   TestRegistryBuilder_NestedAsyncTool_FailsBuild_WithManualMiddleware
--- PASS: TestRegistryBuilder_NestedAsyncTool_FailsBuild_WithManualMiddleware (0.00s)
=== RUN   TestRegistryBuilder_NestedAsyncTool_FailsBuild_WithUse
--- PASS: TestRegistryBuilder_NestedAsyncTool_FailsBuild_WithUse (0.00s)
=== RUN   TestRegistryBuilder_NestedAsyncTool_FailsBuild_WithLogging
--- PASS: TestRegistryBuilder_NestedAsyncTool_FailsBuild_WithLogging (0.00s)
=== RUN   TestRegistry_Has
--- PASS: TestRegistry_Has (0.00s)
=== RUN   TestRegistry_ToolNames
--- PASS: TestRegistry_ToolNames (0.01s)
=== RUN   TestRegistry_Subset_ValidTools
--- PASS: TestRegistry_Subset_ValidTools (0.00s)
=== RUN   TestRegistry_Subset_SilentDedup
--- PASS: TestRegistry_Subset_SilentDedup (0.00s)
=== RUN   TestRegistry_Subset_UnknownTool
--- PASS: TestRegistry_Subset_UnknownTool (0.01s)
=== RUN   TestRegistry_NilReceiverMapHelpers
=== PAUSE TestRegistry_NilReceiverMapHelpers
=== RUN   TestRegistry_Subset_ExecuteDeniedForNonMember
--- PASS: TestRegistry_Subset_ExecuteDeniedForNonMember (0.00s)
=== RUN   TestRegistry_Subset_ParentShutdownBlocksSubsetExecute
--- PASS: TestRegistry_Subset_ParentShutdownBlocksSubsetExecute (0.00s)
=== RUN   TestRegistry_Subset_ShutdownBlocksParentExecute
--- PASS: TestRegistry_Subset_ShutdownBlocksParentExecute (0.00s)
=== RUN   TestRegistry_Subset_InFlightWaitsOnParentShutdown
--- PASS: TestRegistry_Subset_InFlightWaitsOnParentShutdown (0.00s)
=== RUN   TestRegistry_Subset_InFlightWaitsOnSubsetShutdown
--- PASS: TestRegistry_Subset_InFlightWaitsOnSubsetShutdown (0.00s)
=== RUN   TestRegistry_InvalidRuntimeState
--- PASS: TestRegistry_InvalidRuntimeState (0.00s)
=== RUN   TestRegistry_Execute_ToolNotFound
--- PASS: TestRegistry_Execute_ToolNotFound (0.00s)
=== RUN   TestRegistry_Execute_PanicRecovery_OnAfterSummary
--- PASS: TestRegistry_Execute_PanicRecovery_OnAfterSummary (0.00s)
=== RUN   TestRegistry_Execute_OnAfterSummaryTracksSoftErrorChunk
--- PASS: TestRegistry_Execute_OnAfterSummaryTracksSoftErrorChunk (0.00s)
=== RUN   TestPrepareChunk_EmptyToolErrorJSON_Rejects
=== PAUSE TestPrepareChunk_EmptyToolErrorJSON_Rejects
=== RUN   TestHandleBatchToolError_YieldsStructuredErrorChunk
=== PAUSE TestHandleBatchToolError_YieldsStructuredErrorChunk
=== RUN   TestHandleBatchToolError_WrappedCancel_NoErrorChunk
=== PAUSE TestHandleBatchToolError_WrappedCancel_NoErrorChunk
=== RUN   TestHandleBatchToolError_BareCancel_NoErrorChunk
=== PAUSE TestHandleBatchToolError_BareCancel_NoErrorChunk
=== RUN   TestHandleBatchToolError_BareDeadlineExceeded_NoErrorChunk
=== PAUSE TestHandleBatchToolError_BareDeadlineExceeded_NoErrorChunk
=== RUN   TestHandleBatchToolError_DeadlineExceeded_NoErrorChunk
=== PAUSE TestHandleBatchToolError_DeadlineExceeded_NoErrorChunk
=== RUN   TestHandleBatchToolError_ReadLimit_YieldsValidationChunk
=== PAUSE TestHandleBatchToolError_ReadLimit_YieldsValidationChunk
=== RUN   TestHandleBatchToolError_InterruptOverReadLimit_NoChunk
=== PAUSE TestHandleBatchToolError_InterruptOverReadLimit_NoChunk
=== RUN   TestHandleBatchToolError_DeadlineOverReadLimit_NoChunk
=== PAUSE TestHandleBatchToolError_DeadlineOverReadLimit_NoChunk
=== RUN   TestHandleBatchToolError_TimeoutOverReadLimit_NoChunk
=== PAUSE TestHandleBatchToolError_TimeoutOverReadLimit_NoChunk
=== RUN   TestRegistry_ExecuteBatchStream_OnAfterSummaryTracksSoftenedErrorChunk
--- PASS: TestRegistry_ExecuteBatchStream_OnAfterSummaryTracksSoftenedErrorChunk (0.00s)
=== RUN   TestRegistry_ExecuteBatchStream_OnAfterSummaryTracksValidatorSoftenedError
--- PASS: TestRegistry_ExecuteBatchStream_OnAfterSummaryTracksValidatorSoftenedError (0.00s)
=== RUN   TestRegistry_Execute_ContextDeadlineMapsToErrTimeout
--- PASS: TestRegistry_Execute_ContextDeadlineMapsToErrTimeout (0.02s)
=== RUN   TestRegistry_ExecuteIter
--- PASS: TestRegistry_ExecuteIter (0.00s)
=== RUN   TestRegistry_ExecuteIter_DeadlineExceeded_SuppressedLikeCancel
=== PAUSE TestRegistry_ExecuteIter_DeadlineExceeded_SuppressedLikeCancel
=== RUN   TestRegistry_ExecuteIter_BareCancel_SuppressedLikeDeadline
=== PAUSE TestRegistry_ExecuteIter_BareCancel_SuppressedLikeDeadline
=== RUN   TestRegistry_ExecuteIter_WrappedCancel_SuppressedLikeDeadline
=== PAUSE TestRegistry_ExecuteIter_WrappedCancel_SuppressedLikeDeadline
=== RUN   TestRegistry_ExecuteBatchStream_ChunkTagsAndErrors
--- PASS: TestRegistry_ExecuteBatchStream_ChunkTagsAndErrors (0.00s)
=== RUN   TestRegistry_ExecuteBatchStream_MiddlewareErrorAsChunk
--- PASS: TestRegistry_ExecuteBatchStream_MiddlewareErrorAsChunk (0.00s)
=== RUN   TestRegistry_ExecuteBatchStream_StructuredErrorChunk
=== PAUSE TestRegistry_ExecuteBatchStream_StructuredErrorChunk
=== RUN   TestRegistry_ExecuteBatchStream_SyntheticErrorChunk_NormalizesEmptyErrorText
--- PASS: TestRegistry_ExecuteBatchStream_SyntheticErrorChunk_NormalizesEmptyErrorText (0.00s)
=== RUN   TestRegistry_ExecuteBatchStream_SyntheticErrorChunk_NormalizesInvalidUTF8
--- PASS: TestRegistry_ExecuteBatchStream_SyntheticErrorChunk_NormalizesInvalidUTF8 (0.00s)
=== RUN   TestRegistry_ExecuteBatchStream_ReturnsErrStreamAbortedOnYieldError
--- PASS: TestRegistry_ExecuteBatchStream_ReturnsErrStreamAbortedOnYieldError (0.00s)
=== RUN   TestRegistry_ExecuteBatchStream_MissingToolYieldErrorReturnsStreamAborted
--- PASS: TestRegistry_ExecuteBatchStream_MissingToolYieldErrorReturnsStreamAborted (0.00s)
=== RUN   TestRegistry_ExecuteBatchStream_StreamAbortCancelsSiblings
--- PASS: TestRegistry_ExecuteBatchStream_StreamAbortCancelsSiblings (0.00s)
=== RUN   TestRegistry_ExecuteBatchStream_StreamAbortPreventsExtraCallbackOnValidatorFailure
--- PASS: TestRegistry_ExecuteBatchStream_StreamAbortPreventsExtraCallbackOnValidatorFailure (0.00s)
=== RUN   TestRegistry_ValidatorFailClosed
--- PASS: TestRegistry_ValidatorFailClosed (0.00s)
=== RUN   TestRegistry_ShutdownRejectsNewCalls
--- PASS: TestRegistry_ShutdownRejectsNewCalls (0.00s)
=== RUN   TestRegistry_ConcurrentExecute_BothSucceed
--- PASS: TestRegistry_ConcurrentExecute_BothSucceed (0.00s)
=== RUN   TestRegistry_OnChunkCountsOnlySuccess
--- PASS: TestRegistry_OnChunkCountsOnlySuccess (0.00s)
=== RUN   TestRegistry_ExecuteBatchStream_YieldIsSerialized
--- PASS: TestRegistry_ExecuteBatchStream_YieldIsSerialized (0.02s)
=== RUN   TestRegistry_Shutdown_NoRaceWithConcurrentExecute
--- PASS: TestRegistry_Shutdown_NoRaceWithConcurrentExecute (0.03s)
=== RUN   TestRegistry_ExecuteBatchStream_AsyncToolsShutdownWaitsBackground
--- PASS: TestRegistry_ExecuteBatchStream_AsyncToolsShutdownWaitsBackground (0.05s)
=== RUN   TestRegistry_ExecuteBatchStream_AfterShutdown_YieldsSoftError
--- PASS: TestRegistry_ExecuteBatchStream_AfterShutdown_YieldsSoftError (0.00s)
=== RUN   TestRegistry_Execute_CanceledNotWrappedAsValidation
=== PAUSE TestRegistry_Execute_CanceledNotWrappedAsValidation
=== RUN   TestRegistry_Execute_DeadlineNormalizedToTimeout
=== PAUSE TestRegistry_Execute_DeadlineNormalizedToTimeout
=== RUN   TestResultCacheIgnoredConsumerAbortCannotPersistSuccess
--- PASS: TestResultCacheIgnoredConsumerAbortCannotPersistSuccess (0.00s)
=== RUN   TestResultCacheIgnoredPauseOrCancellationCannotPersistSuccess
=== RUN   TestResultCacheIgnoredPauseOrCancellationCannotPersistSuccess/false
=== RUN   TestResultCacheIgnoredPauseOrCancellationCannotPersistSuccess/true
--- PASS: TestResultCacheIgnoredPauseOrCancellationCannotPersistSuccess (0.00s)
    --- PASS: TestResultCacheIgnoredPauseOrCancellationCannotPersistSuccess/false (0.00s)
    --- PASS: TestResultCacheIgnoredPauseOrCancellationCannotPersistSuccess/true (0.00s)
=== RUN   TestResultCacheAuthorizesEveryReplay
=== RUN   TestResultCacheAuthorizesEveryReplay/false
=== RUN   TestResultCacheAuthorizesEveryReplay/true
--- PASS: TestResultCacheAuthorizesEveryReplay (0.01s)
    --- PASS: TestResultCacheAuthorizesEveryReplay/false (0.00s)
    --- PASS: TestResultCacheAuthorizesEveryReplay/true (0.00s)
=== RUN   TestResultCachePreservesCompleteTypedOutcome
--- PASS: TestResultCachePreservesCompleteTypedOutcome (0.00s)
=== RUN   TestResultCacheUsesCanonicalArgsAndAttachments
--- PASS: TestResultCacheUsesCanonicalArgsAndAttachments (0.00s)
=== RUN   TestResultCacheFailsClosedOnMissingPartition
--- PASS: TestResultCacheFailsClosedOnMissingPartition (0.00s)
=== RUN   TestResultCacheAsyncPolicyAndPrivacy
--- PASS: TestResultCacheAsyncPolicyAndPrivacy (0.00s)
=== RUN   TestResultCacheDoesNotCompleteFailedProducer
--- PASS: TestResultCacheDoesNotCompleteFailedProducer (0.00s)
=== RUN   TestResultCacheIsolatesAllowedScopes
--- PASS: TestResultCacheIsolatesAllowedScopes (0.00s)
=== RUN   TestResultCacheUnsupportedCodecFailsExplicitly
--- PASS: TestResultCacheUnsupportedCodecFailsExplicitly (0.00s)
=== RUN   TestResultCodecPreservesTypedNil
--- PASS: TestResultCodecPreservesTypedNil (0.00s)
=== RUN   TestResultCacheReplayDoesNotReapplyHostEffects
--- PASS: TestResultCacheReplayDoesNotReapplyHostEffects (0.00s)
=== RUN   TestJSONResultCodecPreservesDynamicNumbers
--- PASS: TestJSONResultCodecPreservesDynamicNumbers (0.00s)
=== RUN   TestJSONResultCodecRejectsTrailingDocument
--- PASS: TestJSONResultCodecRejectsTrailingDocument (0.00s)
=== RUN   TestJSONDynamicNumbersSurviveProtectedReplay
=== RUN   TestJSONDynamicNumbersSurviveProtectedReplay/cache
=== RUN   TestJSONDynamicNumbersSurviveProtectedReplay/operation
--- PASS: TestJSONDynamicNumbersSurviveProtectedReplay (0.01s)
    --- PASS: TestJSONDynamicNumbersSurviveProtectedReplay/cache (0.00s)
    --- PASS: TestJSONDynamicNumbersSurviveProtectedReplay/operation (0.01s)
=== RUN   TestResultContractNonBusinessOutputs
--- PASS: TestResultContractNonBusinessOutputs (0.01s)
=== RUN   TestResultContractWireFormatterSchema
--- PASS: TestResultContractWireFormatterSchema (0.00s)
=== RUN   TestResultContractRejectedOutputIsNotCached
--- PASS: TestResultContractRejectedOutputIsNotCached (0.00s)
=== RUN   TestResultContractConcurrentRejectionAndEnvelope
--- PASS: TestResultContractConcurrentRejectionAndEnvelope (0.00s)
=== RUN   TestResultContractAllBuilders
=== RUN   TestResultContractAllBuilders/typed/-1
=== RUN   TestResultContractAllBuilders/generic/-1
=== RUN   TestResultContractAllBuilders/proxy/-1
=== RUN   TestResultContractAllBuilders/dynamic/-1
=== RUN   TestResultContractAllBuilders/independent/-1
=== RUN   TestResultContractAllBuilders/typed/1
=== RUN   TestResultContractAllBuilders/generic/1
=== RUN   TestResultContractAllBuilders/proxy/1
=== RUN   TestResultContractAllBuilders/dynamic/1
=== RUN   TestResultContractAllBuilders/independent/1
--- PASS: TestResultContractAllBuilders (0.00s)
    --- PASS: TestResultContractAllBuilders/typed/-1 (0.00s)
    --- PASS: TestResultContractAllBuilders/generic/-1 (0.00s)
    --- PASS: TestResultContractAllBuilders/proxy/-1 (0.00s)
    --- PASS: TestResultContractAllBuilders/dynamic/-1 (0.00s)
    --- PASS: TestResultContractAllBuilders/independent/-1 (0.00s)
    --- PASS: TestResultContractAllBuilders/typed/1 (0.00s)
    --- PASS: TestResultContractAllBuilders/generic/1 (0.00s)
    --- PASS: TestResultContractAllBuilders/proxy/1 (0.00s)
    --- PASS: TestResultContractAllBuilders/dynamic/1 (0.00s)
    --- PASS: TestResultContractAllBuilders/independent/1 (0.00s)
=== RUN   TestResultContractInvalidSchemaRejectedAtConstruction
--- PASS: TestResultContractInvalidSchemaRejectedAtConstruction (0.00s)
=== RUN   TestResultContractRepresentation
=== RUN   TestResultContractRepresentation/raw-json
=== RUN   TestResultContractRepresentation/raw-text
=== RUN   TestResultContractRepresentation/empty
=== RUN   TestResultContractRepresentation/noop
--- PASS: TestResultContractRepresentation (0.00s)
    --- PASS: TestResultContractRepresentation/raw-json (0.00s)
    --- PASS: TestResultContractRepresentation/raw-text (0.00s)
    --- PASS: TestResultContractRepresentation/empty (0.00s)
    --- PASS: TestResultContractRepresentation/noop (0.00s)
=== RUN   TestResultContractBeforeProfileAndOnReplay
--- PASS: TestResultContractBeforeProfileAndOnReplay (0.00s)
=== RUN   TestResultContractOperationFailureRemainsUnknown
--- PASS: TestResultContractOperationFailureRemainsUnknown (0.01s)
=== RUN   TestCoreTests_NoErrorSubstringRouting
=== PAUSE TestCoreTests_NoErrorSubstringRouting
=== RUN   TestPut_Require_TypedNilInterface
--- PASS: TestPut_Require_TypedNilInterface (0.00s)
=== RUN   TestPut_Require_Lookup_TypedNil
--- PASS: TestPut_Require_Lookup_TypedNil (0.00s)
=== RUN   TestSetState_GetState_RoundTrip
--- PASS: TestSetState_GetState_RoundTrip (0.00s)
=== RUN   TestNamespaceIsolation_ClientKey
--- PASS: TestNamespaceIsolation_ClientKey (0.00s)
=== RUN   TestMiddlewareBudget_UsesDepKey
--- PASS: TestMiddlewareBudget_UsesDepKey (0.00s)
=== RUN   TestSameRunEnv_OrchestratorToTool
--- PASS: TestSameRunEnv_OrchestratorToTool (0.00s)
=== RUN   TestRunEnv_CloneSharesStore_NoDataRace
--- PASS: TestRunEnv_CloneSharesStore_NoDataRace (0.00s)
=== RUN   TestValidateRunPolicy_ForcedNotInAllowed
--- PASS: TestValidateRunPolicy_ForcedNotInAllowed (0.00s)
=== RUN   TestValidateRunPolicy_ForcedInAllowed
--- PASS: TestValidateRunPolicy_ForcedInAllowed (0.00s)
=== RUN   TestValidateRunPolicy_ForcedNotInRequired
--- PASS: TestValidateRunPolicy_ForcedNotInRequired (0.00s)
=== RUN   TestValidateRunPolicy_RequiredNotSubsetOfAllowed
--- PASS: TestValidateRunPolicy_RequiredNotSubsetOfAllowed (0.00s)
=== RUN   TestValidateRunPolicy_DuplicateAllowed
--- PASS: TestValidateRunPolicy_DuplicateAllowed (0.00s)
=== RUN   TestSession_EnforcesRequiredTools
--- PASS: TestSession_EnforcesRequiredTools (0.00s)
=== RUN   TestSession_EnforcesRunPolicyAllowedTools
--- PASS: TestSession_EnforcesRunPolicyAllowedTools (0.00s)
=== RUN   TestSession_EnforcesForcedTool
--- PASS: TestSession_EnforcesForcedTool (0.00s)
=== RUN   TestRegistry_DoesNotEnforceRunPolicy
--- PASS: TestRegistry_DoesNotEnforceRunPolicy (0.00s)
=== RUN   TestGenerateSchema_Simple
--- PASS: TestGenerateSchema_Simple (0.00s)
=== RUN   TestGenerateSchema_StructTagsDescriptionAndEnum
--- PASS: TestGenerateSchema_StructTagsDescriptionAndEnum (0.00s)
=== RUN   TestGenerateSchema_StrictMode
--- PASS: TestGenerateSchema_StrictMode (0.00s)
=== RUN   TestApplyStrictMode
--- PASS: TestApplyStrictMode (0.00s)
=== RUN   TestGenerateSchema_CompiledValidates
--- PASS: TestGenerateSchema_CompiledValidates (0.00s)
=== RUN   TestSchemaRegistryRegisterType_ValueType
--- PASS: TestSchemaRegistryRegisterType_ValueType (0.00s)
=== RUN   TestSchemaRegistryRegisterType_PointerFieldUsesValueMapping
--- PASS: TestSchemaRegistryRegisterType_PointerFieldUsesValueMapping (0.00s)
=== RUN   TestSchemaRegistry_IsolatedByDefault
--- PASS: TestSchemaRegistry_IsolatedByDefault (0.00s)
=== RUN   TestNewExtractorWithConfig_UsesSharedRegistry
--- PASS: TestNewExtractorWithConfig_UsesSharedRegistry (0.00s)
=== RUN   TestGenerateSchema_NoTopLevelRefOrDefs
--- PASS: TestGenerateSchema_NoTopLevelRefOrDefs (0.00s)
=== RUN   TestSchemaRegistryRegisterType_InvalidArgs_Panic
--- PASS: TestSchemaRegistryRegisterType_InvalidArgs_Panic (0.00s)
=== RUN   TestGenerateSchema_JSONRawMessage
--- PASS: TestGenerateSchema_JSONRawMessage (0.00s)
=== RUN   TestConcurrentSessionRebindExecutionAndCheckpoint
--- PASS: TestConcurrentSessionRebindExecutionAndCheckpoint (0.05s)
=== RUN   TestRunCallCapturesRegistryBeforeManifestCallback
--- PASS: TestRunCallCapturesRegistryBeforeManifestCallback (0.00s)
=== RUN   TestSnapshotCallbacksReenterWithoutLocks
--- PASS: TestSnapshotCallbacksReenterWithoutLocks (0.00s)
=== RUN   TestIncompatibleRebindPreservesConfigurationAndState
--- PASS: TestIncompatibleRebindPreservesConfigurationAndState (0.00s)
=== RUN   TestSnapshotMarshalCallbackReentersState
--- PASS: TestSnapshotMarshalCallbackReentersState (0.00s)
=== RUN   TestSession_RunCall_Success
=== PAUSE TestSession_RunCall_Success
=== RUN   TestSession_RunCall_BusinessValidationError
=== PAUSE TestSession_RunCall_BusinessValidationError
=== RUN   TestSession_RunCall_BusinessValidationError_WithoutFormatter
=== PAUSE TestSession_RunCall_BusinessValidationError_WithoutFormatter
=== RUN   TestSession_RunCall_ControlSignal
=== PAUSE TestSession_RunCall_ControlSignal
=== RUN   TestRunCallInfraError_Classification
=== PAUSE TestRunCallInfraError_Classification
=== RUN   TestSession_RunCall_ContextCancel_IsInfraNotBusiness
=== PAUSE TestSession_RunCall_ContextCancel_IsInfraNotBusiness
=== RUN   TestSession_RunCall_CancelOverReadLimit_IsInfra
=== PAUSE TestSession_RunCall_CancelOverReadLimit_IsInfra
=== RUN   TestSession_RunCall_DeadlineExceeded_IsInfraWithChain
=== PAUSE TestSession_RunCall_DeadlineExceeded_IsInfraWithChain
=== RUN   TestSession_RunCall_InfraMaxSteps
=== PAUSE TestSession_RunCall_InfraMaxSteps
=== RUN   TestSession_RunCall_InfraDependencyMissing
=== PAUSE TestSession_RunCall_InfraDependencyMissing
=== RUN   TestSession_RunCall_InfraDependencyMissing_WithFormatter
=== PAUSE TestSession_RunCall_InfraDependencyMissing_WithFormatter
=== RUN   TestSession_RunCall_InfraToolsContractMissing_WithFormatter
=== PAUSE TestSession_RunCall_InfraToolsContractMissing_WithFormatter
=== RUN   TestSession_RunCall_StructuredErrorEnvelope
=== PAUSE TestSession_RunCall_StructuredErrorEnvelope
=== RUN   TestSession_RunCall_NilSession
=== PAUSE TestSession_RunCall_NilSession
=== RUN   TestWithBudget_RunCallPreservesCode
=== PAUSE TestWithBudget_RunCallPreservesCode
=== RUN   TestSession_RunCall_ErrorChunkClearsPriorResult
=== PAUSE TestSession_RunCall_ErrorChunkClearsPriorResult
=== RUN   TestSession_RunCall_LegacyTextErrorChunk_NormalizedToInfraError
=== PAUSE TestSession_RunCall_LegacyTextErrorChunk_NormalizedToInfraError
=== RUN   TestSession_RunCall_StructuredBusinessErrorChunk_ToOutcome
=== PAUSE TestSession_RunCall_StructuredBusinessErrorChunk_ToOutcome
=== RUN   TestSession_RunCall_InfraInternal_WithFormatter
=== PAUSE TestSession_RunCall_InfraInternal_WithFormatter
=== RUN   TestSession_RunCall_ProgressBeforeBusinessError
=== PAUSE TestSession_RunCall_ProgressBeforeBusinessError
=== RUN   TestSession_RunCall_InfraToolNotFound
=== PAUSE TestSession_RunCall_InfraToolNotFound
=== RUN   TestSession_RunCall_SandboxStdoutReadLimit_BusinessOutcome
=== PAUSE TestSession_RunCall_SandboxStdoutReadLimit_BusinessOutcome
=== RUN   TestNewTypedTool_Validators
=== PAUSE TestNewTypedTool_Validators
=== RUN   TestSessionState_ExportImportSnapshotRoundtripViaJSON
=== PAUSE TestSessionState_ExportImportSnapshotRoundtripViaJSON
=== RUN   TestStateCodecRegistry_StructRoundtrip
=== PAUSE TestStateCodecRegistry_StructRoundtrip
=== RUN   TestSessionState_ImportSnapshotRegisteredKey_InvalidPayloadPreservesState
=== PAUSE TestSessionState_ImportSnapshotRegisteredKey_InvalidPayloadPreservesState
=== RUN   TestSessionState_ImportSnapshotEmptyClears
=== PAUSE TestSessionState_ImportSnapshotEmptyClears
=== RUN   TestSessionState_ImportSnapshotUnregisteredStructRemainsGenericMap
=== PAUSE TestSessionState_ImportSnapshotUnregisteredStructRemainsGenericMap
=== RUN   TestImportSnapshot_StrictMode_UnregisteredKeyFails
=== PAUSE TestImportSnapshot_StrictMode_UnregisteredKeyFails
=== RUN   TestImportSnapshot_StrictMode_EmptySnapshotClears
=== PAUSE TestImportSnapshot_StrictMode_EmptySnapshotClears
=== RUN   TestImportSnapshot_StrictMode_NullKeyWithoutCodecFails
=== PAUSE TestImportSnapshot_StrictMode_NullKeyWithoutCodecFails
=== RUN   TestExportSnapshot_StrictMode_UnregisteredKeyFails
=== PAUSE TestExportSnapshot_StrictMode_UnregisteredKeyFails
=== RUN   TestExportImportSnapshot_StrictMode_Roundtrip
=== PAUSE TestExportImportSnapshot_StrictMode_Roundtrip
=== RUN   TestSessionState_ConcurrentSetAndExportSnapshot
=== PAUSE TestSessionState_ConcurrentSetAndExportSnapshot
=== RUN   TestStateCodecRegistry_RegisterJSONCodec
=== PAUSE TestStateCodecRegistry_RegisterJSONCodec
=== RUN   TestValidateRunEnvSession_Mismatch
=== PAUSE TestValidateRunEnvSession_Mismatch
=== RUN   TestValidateRunEnvSession_NilSessionOrEnv
=== PAUSE TestValidateRunEnvSession_NilSessionOrEnv
=== RUN   TestSessionExecute_NilEnv_SetStateNoOp
=== PAUSE TestSessionExecute_NilEnv_SetStateNoOp
=== RUN   TestNewSessionSnapshotFromJSON_InvalidWire
=== PAUSE TestNewSessionSnapshotFromJSON_InvalidWire
=== RUN   TestImportSnapshot_EmptySnapshot
=== PAUSE TestImportSnapshot_EmptySnapshot
=== RUN   TestImportSnapshot_UnsupportedVersion
=== PAUSE TestImportSnapshot_UnsupportedVersion
=== RUN   TestStateCodecRegistry_JSONRoundtrip
=== PAUSE TestStateCodecRegistry_JSONRoundtrip
=== RUN   TestNewSession_DuplicateCodecKey
=== PAUSE TestNewSession_DuplicateCodecKey
=== RUN   TestSessionState_ConcurrentImportExport
=== PAUSE TestSessionState_ConcurrentImportExport
=== RUN   TestSessionExportSnapshot_StateCodecTypeMismatch
=== PAUSE TestSessionExportSnapshot_StateCodecTypeMismatch
=== RUN   TestSessionExportSnapshot_MarshalFailure
=== PAUSE TestSessionExportSnapshot_MarshalFailure
=== RUN   TestNewSessionSnapshotFromJSON_CorruptPayload
=== PAUSE TestNewSessionSnapshotFromJSON_CorruptPayload
=== RUN   TestRegisterStateCodec_CustomCodec
=== PAUSE TestRegisterStateCodec_CustomCodec
=== RUN   TestSessionExecute_RejectsForeignRunEnv
=== PAUSE TestSessionExecute_RejectsForeignRunEnv
=== RUN   TestSessionExportSnapshot_NilSession
=== PAUSE TestSessionExportSnapshot_NilSession
=== RUN   TestSessionExportSnapshot_ExcludesDeps
=== PAUSE TestSessionExportSnapshot_ExcludesDeps
=== RUN   TestSessionTrackExecutionCount
--- PASS: TestSessionTrackExecutionCount (0.01s)
=== RUN   TestSessionValidatorFailureConsumesStep
--- PASS: TestSessionValidatorFailureConsumesStep (0.00s)
=== RUN   TestSessionMaxStepsExceeded
--- PASS: TestSessionMaxStepsExceeded (0.00s)
=== RUN   TestSessionExecuteIterTracksSteps
--- PASS: TestSessionExecuteIterTracksSteps (0.00s)
=== RUN   TestSessionExecuteIter_DeadlineExceeded_SuppressedLikeCancel
=== PAUSE TestSessionExecuteIter_DeadlineExceeded_SuppressedLikeCancel
=== RUN   TestSessionExecuteIter_BareCancel_SuppressedLikeDeadline
=== PAUSE TestSessionExecuteIter_BareCancel_SuppressedLikeDeadline
=== RUN   TestSessionExecuteIter_WrappedCancel_SuppressedLikeDeadline
=== PAUSE TestSessionExecuteIter_WrappedCancel_SuppressedLikeDeadline
=== RUN   TestSessionExecuteIter_ReadLimit_YieldsError
=== PAUSE TestSessionExecuteIter_ReadLimit_YieldsError
=== RUN   TestSessionConcurrentUseCountsSteps
--- PASS: TestSessionConcurrentUseCountsSteps (0.01s)
=== RUN   TestSessionToolNotFoundConsumesStep
--- PASS: TestSessionToolNotFoundConsumesStep (0.00s)
=== RUN   TestSessionShutdownConsumesStep
--- PASS: TestSessionShutdownConsumesStep (0.00s)
=== RUN   TestSession_ContextDeadlineConsumesStep
--- PASS: TestSession_ContextDeadlineConsumesStep (0.02s)
=== RUN   TestSessionOverBudgetShortCircuitsBeforeRegistryExecution
--- PASS: TestSessionOverBudgetShortCircuitsBeforeRegistryExecution (0.00s)
=== RUN   TestSessionFreezesEveryCodecRegistrar
=== RUN   TestSessionFreezesEveryCodecRegistrar/optional
=== RUN   TestSessionFreezesEveryCodecRegistrar/required
=== RUN   TestSessionFreezesEveryCodecRegistrar/typed
=== RUN   TestSessionFreezesEveryCodecRegistrar/prototype
--- PASS: TestSessionFreezesEveryCodecRegistrar (0.00s)
    --- PASS: TestSessionFreezesEveryCodecRegistrar/optional (0.00s)
    --- PASS: TestSessionFreezesEveryCodecRegistrar/required (0.00s)
    --- PASS: TestSessionFreezesEveryCodecRegistrar/typed (0.00s)
    --- PASS: TestSessionFreezesEveryCodecRegistrar/prototype (0.00s)
=== RUN   TestExplicitCodecFreeze
--- PASS: TestExplicitCodecFreeze (0.00s)
=== RUN   TestInvalidSessionDoesNotFreezeCodecBuilder
=== RUN   TestInvalidSessionDoesNotFreezeCodecBuilder/policy
=== RUN   TestInvalidSessionDoesNotFreezeCodecBuilder/registry
--- PASS: TestInvalidSessionDoesNotFreezeCodecBuilder (0.00s)
    --- PASS: TestInvalidSessionDoesNotFreezeCodecBuilder/policy (0.00s)
    --- PASS: TestInvalidSessionDoesNotFreezeCodecBuilder/registry (0.00s)
=== RUN   TestConcurrentCodecRegistrationAndSessionConstruction
--- PASS: TestConcurrentCodecRegistrationAndSessionConstruction (0.00s)
=== RUN   TestRequiredSlotMissingCannotExportCheckpoint
--- PASS: TestRequiredSlotMissingCannotExportCheckpoint (0.00s)
=== RUN   TestCodecSlotOptionCanFinalizeBuilderWithoutDeadlock
--- PASS: TestCodecSlotOptionCanFinalizeBuilderWithoutDeadlock (0.00s)
=== RUN   TestRequiredNullableStateCheckpoint
=== RUN   TestRequiredNullableStateCheckpoint/false
=== RUN   TestRequiredNullableStateCheckpoint/true
--- PASS: TestRequiredNullableStateCheckpoint (0.00s)
    --- PASS: TestRequiredNullableStateCheckpoint/false (0.00s)
    --- PASS: TestRequiredNullableStateCheckpoint/true (0.00s)
=== RUN   TestCheckpointRestoreUsesCurrentHostPolicyAndBudget
--- PASS: TestCheckpointRestoreUsesCurrentHostPolicyAndBudget (0.00s)
=== RUN   TestSessionStatePreservesHostAliases
--- PASS: TestSessionStatePreservesHostAliases (0.00s)
=== RUN   TestFailedHydrationDoesNotRollbackHostCallbackWrites
--- PASS: TestFailedHydrationDoesNotRollbackHostCallbackWrites (0.00s)
=== RUN   TestTerminalStreamContract
=== RUN   TestTerminalStreamContract/valid
=== RUN   TestTerminalStreamContract/invalid
=== RUN   TestTerminalStreamContract/ignored-invalid
=== RUN   TestTerminalStreamContract/duplicate
=== RUN   TestTerminalStreamContract/missing
=== RUN   TestTerminalStreamContract/error-after-result
=== RUN   TestTerminalStreamContract/limit
--- PASS: TestTerminalStreamContract (0.02s)
    --- PASS: TestTerminalStreamContract/valid (0.00s)
    --- PASS: TestTerminalStreamContract/invalid (0.00s)
    --- PASS: TestTerminalStreamContract/ignored-invalid (0.00s)
    --- PASS: TestTerminalStreamContract/duplicate (0.00s)
    --- PASS: TestTerminalStreamContract/missing (0.00s)
    --- PASS: TestTerminalStreamContract/error-after-result (0.00s)
    --- PASS: TestTerminalStreamContract/limit (0.00s)
=== RUN   TestTerminalStreamControlAndConsumerAbort
--- PASS: TestTerminalStreamControlAndConsumerAbort (0.00s)
=== RUN   TestStreamSemanticsMustBeExplicit
--- PASS: TestStreamSemanticsMustBeExplicit (0.00s)
=== RUN   TestTerminalStreamConcurrentCalls
--- PASS: TestTerminalStreamConcurrentCalls (0.00s)
=== RUN   TestNewStreamTool_MultipleChunks
--- PASS: TestNewStreamTool_MultipleChunks (0.00s)
=== RUN   TestNewStreamTool_YieldError
--- PASS: TestNewStreamTool_YieldError (0.00s)
=== RUN   TestNewStreamTool_ZeroChunks
--- PASS: TestNewStreamTool_ZeroChunks (0.00s)
=== RUN   TestNewTool_YieldCalledOnce
--- PASS: TestNewTool_YieldCalledOnce (0.00s)
=== RUN   TestNewTool_YieldErrorReturnsErrStreamAborted
--- PASS: TestNewTool_YieldErrorReturnsErrStreamAborted (0.00s)
=== RUN   TestRegistry_ExecuteBatchStream_ChunkTags
--- PASS: TestRegistry_ExecuteBatchStream_ChunkTags (0.00s)
=== RUN   TestRegistry_ExecuteBatchStream_SerializedYield
--- PASS: TestRegistry_ExecuteBatchStream_SerializedYield (0.02s)
=== RUN   TestRegistry_ExecuteBatchStream_YieldError
--- PASS: TestRegistry_ExecuteBatchStream_YieldError (0.04s)
=== RUN   TestTask31TypedToolPipeline_ContextPolicyOutcomeEffects
=== PAUSE TestTask31TypedToolPipeline_ContextPolicyOutcomeEffects
=== RUN   TestTask31RegistryPolicy_DeniesBeforeValidatorAndHandler
=== PAUSE TestTask31RegistryPolicy_DeniesBeforeValidatorAndHandler
=== RUN   TestTask31RequirementsPolicy_EnforcesManifestRequirementsWithTypedContext
=== PAUSE TestTask31RequirementsPolicy_EnforcesManifestRequirementsWithTypedContext
=== RUN   TestTask31Requirements_DeclaredRequirementsRequireRequirementsPolicy
=== PAUSE TestTask31Requirements_DeclaredRequirementsRequireRequirementsPolicy
=== RUN   TestTask31RequirementsPolicy_AllowsToolsWithoutRequirementsWithoutTypedContext
=== PAUSE TestTask31RequirementsPolicy_AllowsToolsWithoutRequirementsWithoutTypedContext
=== RUN   TestTask31PolicyAndAuthorizer_ReceiveDefensiveInputCopies
=== PAUSE TestTask31PolicyAndAuthorizer_ReceiveDefensiveInputCopies
=== RUN   TestTask31TypedPipeline_ReceivesDefensiveCopiesAndSystemOwnedViewID
=== PAUSE TestTask31TypedPipeline_ReceivesDefensiveCopiesAndSystemOwnedViewID
=== RUN   TestTask31ObserverHooks_ReceiveDefensiveToolCallCopies
=== PAUSE TestTask31ObserverHooks_ReceiveDefensiveToolCallCopies
=== RUN   TestTask31RegistryView_SnapshotContractAndExecutionPolicy
=== PAUSE TestTask31RegistryView_SnapshotContractAndExecutionPolicy
=== RUN   TestTask31RunCall_CapabilityDeniedIsInfrastructureError
=== PAUSE TestTask31RunCall_CapabilityDeniedIsInfrastructureError
=== RUN   TestTask31TypedToolResult_EmptyAndNoopStatus
=== PAUSE TestTask31TypedToolResult_EmptyAndNoopStatus
=== RUN   TestTask32TypedTool_ArgsBinderPassesValidatedBoundaryToPolicyAndHandler
=== PAUSE TestTask32TypedTool_ArgsBinderPassesValidatedBoundaryToPolicyAndHandler
=== RUN   TestTask32Session_RebindAndCheckpointOwnViewCompatibility
=== PAUSE TestTask32Session_RebindAndCheckpointOwnViewCompatibility
=== RUN   TestTask32RegistryView_PolicyIDIsPartOfSnapshotIdentity
=== PAUSE TestTask32RegistryView_PolicyIDIsPartOfSnapshotIdentity
=== RUN   TestTask32SessionCheckpoint_RootPolicyIDIsPartOfBinding
=== PAUSE TestTask32SessionCheckpoint_RootPolicyIDIsPartOfBinding
=== RUN   TestTask32SessionCheckpoint_RejectsIncompatibleStateSchema
=== PAUSE TestTask32SessionCheckpoint_RejectsIncompatibleStateSchema
=== RUN   TestTask32SnapshotImport_RejectsNullAndMissingRequiredSlotsBySchema
=== PAUSE TestTask32SnapshotImport_RejectsNullAndMissingRequiredSlotsBySchema
=== RUN   TestTask32PolicyTool_PassesSanitizedRawToBaseToolWithoutHostWrapper
=== PAUSE TestTask32PolicyTool_PassesSanitizedRawToBaseToolWithoutHostWrapper
=== RUN   TestTask32PrepareChunk_ClonesExistingEnvelopeBeforeDelivery
=== PAUSE TestTask32PrepareChunk_ClonesExistingEnvelopeBeforeDelivery
=== RUN   TestTask32PolicyTool_EmptyBinderRawFailsClosed
=== PAUSE TestTask32PolicyTool_EmptyBinderRawFailsClosed
=== RUN   TestTask32PolicyTool_RequiresArgsBinder
=== PAUSE TestTask32PolicyTool_RequiresArgsBinder
=== RUN   TestTask32PolicyToolFromSpec_BuildsProductionGenericTool
=== PAUSE TestTask32PolicyToolFromSpec_BuildsProductionGenericTool
=== RUN   TestTask32ToolEnvelope_FromErrorChunkProvidesTypedClassification
=== PAUSE TestTask32ToolEnvelope_FromErrorChunkProvidesTypedClassification
=== RUN   TestTask32ToolEnvelope_TextMediaTypesAreNotStructured
=== PAUSE TestTask32ToolEnvelope_TextMediaTypesAreNotStructured
=== RUN   TestTask32TypedTool_BinderErrorIsStructuredValidation
=== PAUSE TestTask32TypedTool_BinderErrorIsStructuredValidation
=== RUN   TestTask32RunCall_HardBusinessErrorCarriesEnvelope
=== PAUSE TestTask32RunCall_HardBusinessErrorCarriesEnvelope
=== RUN   TestToolInput_Clone_DeepCopy
--- PASS: TestToolInput_Clone_DeepCopy (0.00s)
=== RUN   TestToolCall_Chunk
--- PASS: TestToolCall_Chunk (0.00s)
=== RUN   TestChunk_EventIsErrorMetadata
--- PASS: TestChunk_EventIsErrorMetadata (0.00s)
=== RUN   TestMinTool_ImplementsTool
--- PASS: TestMinTool_ImplementsTool (0.00s)
=== RUN   TestValidateManifestContract_AllPresent
=== PAUSE TestValidateManifestContract_AllPresent
=== RUN   TestValidateManifestContract_EmptyRequired
=== PAUSE TestValidateManifestContract_EmptyRequired
=== RUN   TestValidateManifestContract_MissingTools
=== PAUSE TestValidateManifestContract_MissingTools
=== RUN   TestValidateManifestContract_DedupRequiredNames
=== PAUSE TestValidateManifestContract_DedupRequiredNames
=== RUN   TestValidateManifestContract_FromRegistryManifestSet
=== PAUSE TestValidateManifestContract_FromRegistryManifestSet
=== RUN   TestRegistryManifestSet_UnbuiltWithToolsMap
=== PAUSE TestRegistryManifestSet_UnbuiltWithToolsMap
=== RUN   TestValidatable_NotImplemented
--- PASS: TestValidatable_NotImplemented (0.00s)
=== RUN   TestValidatable_Implemented
--- PASS: TestValidatable_Implemented (0.00s)
=== RUN   TestValidatable_PointerReceiver
--- PASS: TestValidatable_PointerReceiver (0.00s)
=== RUN   TestWithValidatorFromRegistry_LazyBinding
--- PASS: TestWithValidatorFromRegistry_LazyBinding (0.00s)
=== RUN   TestWithValidatorFromRegistry_RejectsRecursiveDelegate
--- PASS: TestWithValidatorFromRegistry_RejectsRecursiveDelegate (0.00s)
=== RUN   TestAsAsyncTool_ReturnsTaskID
--- PASS: TestAsAsyncTool_ReturnsTaskID (0.00s)
=== RUN   TestAsAsyncTool_OnCompleteHook
--- PASS: TestAsAsyncTool_OnCompleteHook (0.00s)
=== RUN   TestAsAsyncTool_OnComplete_PreservesCancelChain
--- PASS: TestAsAsyncTool_OnComplete_PreservesCancelChain (0.00s)
=== RUN   TestAsAsyncTool_NilCallback
--- PASS: TestAsAsyncTool_NilCallback (0.00s)
=== RUN   TestAsAsyncTool_BaseError
--- PASS: TestAsAsyncTool_BaseError (0.00s)
=== RUN   TestAsAsyncTool_YieldError_NoGoroutine
--- PASS: TestAsAsyncTool_YieldError_NoGoroutine (0.08s)
=== RUN   TestAsAsyncTool_CanceledContext_NoAcceptedNoGoroutine
--- PASS: TestAsAsyncTool_CanceledContext_NoAcceptedNoGoroutine (0.05s)
=== RUN   TestAsAsyncTool_PanicInBase_CallbackGetsInternalToolError
--- PASS: TestAsAsyncTool_PanicInBase_CallbackGetsInternalToolError (0.00s)
=== RUN   TestAsAsyncTool_OnCompletePanic_DoesNotCrashProcess
--- PASS: TestAsAsyncTool_OnCompletePanic_DoesNotCrashProcess (0.05s)
=== RUN   TestAsAsyncTool_MultipleAcceptedCallsDoNotBlockRegistry
--- PASS: TestAsAsyncTool_MultipleAcceptedCallsDoNotBlockRegistry (0.00s)
=== RUN   TestAsAsyncTool_RegistryShutdownWaitsForBackground
--- PASS: TestAsAsyncTool_RegistryShutdownWaitsForBackground (0.06s)
=== RUN   TestAsAsyncTool_InputCloneRace
--- PASS: TestAsAsyncTool_InputCloneRace (0.00s)
=== RUN   TestAsAsyncTool_BackgroundTimeout
=== RUN   TestAsAsyncTool_BackgroundTimeout/live_parent
=== RUN   TestAsAsyncTool_BackgroundTimeout/canceled_parent_after_accept
--- PASS: TestAsAsyncTool_BackgroundTimeout (0.06s)
    --- PASS: TestAsAsyncTool_BackgroundTimeout/live_parent (0.03s)
    --- PASS: TestAsAsyncTool_BackgroundTimeout/canceled_parent_after_accept (0.03s)
=== RUN   TestAsAsyncTool_MaxCollectedChunks_Exceeded
--- PASS: TestAsAsyncTool_MaxCollectedChunks_Exceeded (0.00s)
=== RUN   TestAsAsyncTool_MaxCollectedChunks_DefaultCap
--- PASS: TestAsAsyncTool_MaxCollectedChunks_DefaultCap (0.01s)
=== RUN   TestAsAsyncTool_InvalidChunk_StopsBackgroundCollect
--- PASS: TestAsAsyncTool_InvalidChunk_StopsBackgroundCollect (0.00s)
=== RUN   TestTwoOrdinaryBYOTConsumersShareOneTool
=== RUN   TestTwoOrdinaryBYOTConsumersShareOneTool/operator-registry
=== RUN   TestTwoOrdinaryBYOTConsumersShareOneTool/service-session
--- PASS: TestTwoOrdinaryBYOTConsumersShareOneTool (0.01s)
    --- PASS: TestTwoOrdinaryBYOTConsumersShareOneTool/operator-registry (0.00s)
    --- PASS: TestTwoOrdinaryBYOTConsumersShareOneTool/service-session (0.00s)
=== RUN   TestOverrideTool_ReplacesManifest
--- PASS: TestOverrideTool_ReplacesManifest (0.00s)
=== RUN   TestOverrideTool_PartialOverride
--- PASS: TestOverrideTool_PartialOverride (0.00s)
=== RUN   TestOverrideTool_ExecutesBase
--- PASS: TestOverrideTool_ExecutesBase (0.00s)
=== RUN   TestOverrideTool_ThreadSafety
--- PASS: TestOverrideTool_ThreadSafety (0.00s)
=== RUN   TestOverrideTool_Parameters_ReturnsCopy
--- PASS: TestOverrideTool_Parameters_ReturnsCopy (0.00s)
=== RUN   TestOverrideTool_Parameters_DeepCopy
--- PASS: TestOverrideTool_Parameters_DeepCopy (0.00s)
=== RUN   TestOverrideTool_Execute_ChunkToolNameUsesAlias
--- PASS: TestOverrideTool_Execute_ChunkToolNameUsesAlias (0.00s)
=== CONT  TestWithAuthorizationMiddleware_TrustsOnlyRegistryBoundView
--- PASS: TestWithAuthorizationMiddleware_TrustsOnlyRegistryBoundView (0.00s)
=== CONT  TestRegistryManifestSet_UnbuiltWithToolsMap
=== CONT  TestValidateManifestContract_FromRegistryManifestSet
=== CONT  TestHandleBatchToolError_BareDeadlineExceeded_NoErrorChunk
--- PASS: TestHandleBatchToolError_BareDeadlineExceeded_NoErrorChunk (0.00s)
=== CONT  TestValidateManifestContract_MissingTools
=== CONT  TestValidateManifestContract_EmptyRequired
--- PASS: TestValidateManifestContract_EmptyRequired (0.00s)
=== CONT  TestTask32RunCall_HardBusinessErrorCarriesEnvelope
=== CONT  TestTask32PolicyTool_EmptyBinderRawFailsClosed
=== CONT  TestTask32TypedTool_BinderErrorIsStructuredValidation
=== CONT  TestValidateManifestContract_DedupRequiredNames
--- PASS: TestTask32PolicyTool_EmptyBinderRawFailsClosed (0.00s)
=== CONT  TestHandleBatchToolError_WrappedCancel_NoErrorChunk
--- PASS: TestHandleBatchToolError_WrappedCancel_NoErrorChunk (0.00s)
=== CONT  TestTask32PolicyTool_PassesSanitizedRawToBaseToolWithoutHostWrapper
=== CONT  TestHandleBatchToolError_BareCancel_NoErrorChunk
--- PASS: TestHandleBatchToolError_BareCancel_NoErrorChunk (0.00s)
=== CONT  TestTask32ToolEnvelope_FromErrorChunkProvidesTypedClassification
--- PASS: TestTask32ToolEnvelope_FromErrorChunkProvidesTypedClassification (0.00s)
=== CONT  TestTask32SnapshotImport_RejectsNullAndMissingRequiredSlotsBySchema
=== CONT  TestTask32ToolEnvelope_TextMediaTypesAreNotStructured
=== RUN   TestTask32ToolEnvelope_TextMediaTypesAreNotStructured/text/plain
--- PASS: TestValidateManifestContract_DedupRequiredNames (0.00s)
=== CONT  TestHandleBatchToolError_DeadlineExceeded_NoErrorChunk
--- PASS: TestHandleBatchToolError_DeadlineExceeded_NoErrorChunk (0.00s)
=== CONT  TestTask32RegistryView_PolicyIDIsPartOfSnapshotIdentity
--- PASS: TestTask32TypedTool_BinderErrorIsStructuredValidation (0.00s)
=== CONT  TestTask32TypedTool_ArgsBinderPassesValidatedBoundaryToPolicyAndHandler
--- PASS: TestTask32RegistryView_PolicyIDIsPartOfSnapshotIdentity (0.00s)
=== CONT  TestHandleBatchToolError_YieldsStructuredErrorChunk
--- PASS: TestHandleBatchToolError_YieldsStructuredErrorChunk (0.00s)
=== CONT  TestTask31TypedToolResult_EmptyAndNoopStatus
--- PASS: TestValidateManifestContract_FromRegistryManifestSet (0.00s)
=== CONT  TestTask32SessionCheckpoint_RejectsIncompatibleStateSchema
--- PASS: TestTask32SessionCheckpoint_RejectsIncompatibleStateSchema (0.00s)
=== CONT  TestTask31RegistryView_SnapshotContractAndExecutionPolicy
=== CONT  TestTask32PrepareChunk_ClonesExistingEnvelopeBeforeDelivery
--- PASS: TestTask32PrepareChunk_ClonesExistingEnvelopeBeforeDelivery (0.00s)
=== PAUSE TestTask32ToolEnvelope_TextMediaTypesAreNotStructured/text/plain
--- PASS: TestTask31RegistryView_SnapshotContractAndExecutionPolicy (0.00s)
=== CONT  TestTask31TypedPipeline_ReceivesDefensiveCopiesAndSystemOwnedViewID
=== CONT  TestTask31ObserverHooks_ReceiveDefensiveToolCallCopies
--- PASS: TestTask32SnapshotImport_RejectsNullAndMissingRequiredSlotsBySchema (0.00s)
=== CONT  TestTask32Session_RebindAndCheckpointOwnViewCompatibility
=== RUN   TestTask32ToolEnvelope_TextMediaTypesAreNotStructured/text/plain;_charset=utf-8
--- PASS: TestValidateManifestContract_MissingTools (0.01s)
=== CONT  TestTask31RunCall_CapabilityDeniedIsInfrastructureError
--- PASS: TestTask31RunCall_CapabilityDeniedIsInfrastructureError (0.00s)
=== CONT  TestTask31RequirementsPolicy_AllowsToolsWithoutRequirementsWithoutTypedContext
--- PASS: TestRegistryManifestSet_UnbuiltWithToolsMap (0.01s)
--- PASS: TestTask32PolicyTool_PassesSanitizedRawToBaseToolWithoutHostWrapper (0.00s)
=== CONT  TestTask31PolicyAndAuthorizer_ReceiveDefensiveInputCopies
=== PAUSE TestTask32ToolEnvelope_TextMediaTypesAreNotStructured/text/plain;_charset=utf-8
=== CONT  TestPrepareChunk_EmptyToolErrorJSON_Rejects
--- PASS: TestPrepareChunk_EmptyToolErrorJSON_Rejects (0.00s)
=== CONT  TestRegistry_NilReceiverMapHelpers
--- PASS: TestRegistry_NilReceiverMapHelpers (0.00s)
=== RUN   TestTask32ToolEnvelope_TextMediaTypesAreNotStructured/text/markdown;_charset=utf-8
=== CONT  TestTask31Requirements_DeclaredRequirementsRequireRequirementsPolicy
=== RUN   TestTask31Requirements_DeclaredRequirementsRequireRequirementsPolicy/permissions
=== PAUSE TestTask32ToolEnvelope_TextMediaTypesAreNotStructured/text/markdown;_charset=utf-8
=== PAUSE TestTask31Requirements_DeclaredRequirementsRequireRequirementsPolicy/permissions
=== RUN   TestTask31Requirements_DeclaredRequirementsRequireRequirementsPolicy/memory
=== PAUSE TestTask31Requirements_DeclaredRequirementsRequireRequirementsPolicy/memory
=== RUN   TestTask31Requirements_DeclaredRequirementsRequireRequirementsPolicy/session
=== PAUSE TestTask31Requirements_DeclaredRequirementsRequireRequirementsPolicy/session
=== CONT  TestMapToolkitCapError_CancelOverLimit
--- PASS: TestMapToolkitCapError_CancelOverLimit (0.00s)
=== CONT  TestExtractor_ParseAndValidate_StrictMissingRequired
=== CONT  TestMapToolkitCapError_ReadLimit
--- PASS: TestTask31TypedToolResult_EmptyAndNoopStatus (0.00s)
=== CONT  TestToolkitContextError_Canceled
--- PASS: TestToolkitContextError_Canceled (0.00s)
=== CONT  TestMapToolkitReadError_InterruptInChainOverReadLimit
=== CONT  TestMapToolkitReadError_CancelOverReadLimit
--- PASS: TestMapToolkitReadError_InterruptInChainOverReadLimit (0.00s)
--- PASS: TestMapToolkitReadError_CancelOverReadLimit (0.00s)
=== CONT  TestMapToolkitReadError_ReadLimit
--- PASS: TestMapToolkitReadError_ReadLimit (0.00s)
=== CONT  TestDecodeOutcomeAs_ExecutionError
--- PASS: TestDecodeOutcomeAs_ExecutionError (0.00s)
=== CONT  TestDecodeOutcomeAs_Success
--- PASS: TestDecodeOutcomeAs_Success (0.00s)
=== CONT  TestUnmarshalToolErrorWire_ToolsContractMissing
--- PASS: TestUnmarshalToolErrorWire_ToolsContractMissing (0.00s)
--- PASS: TestTask32RunCall_HardBusinessErrorCarriesEnvelope (0.01s)
=== CONT  TestExecutionErrorFromChunk_CorruptToolErrorJSON
--- PASS: TestExecutionErrorFromChunk_CorruptToolErrorJSON (0.00s)
=== CONT  TestExecutionErrorFromChunk_LegacyTextNormalizesToMalformedWire
--- PASS: TestExecutionErrorFromChunk_LegacyTextNormalizesToMalformedWire (0.00s)
=== CONT  TestDecodeOutcomeAs_InvalidResultJSON
--- PASS: TestMapToolkitCapError_ReadLimit (0.00s)
=== CONT  TestExecutionErrorFromChunk_ToolErrorJSON
--- PASS: TestExecutionErrorFromChunk_ToolErrorJSON (0.00s)
--- PASS: TestDecodeOutcomeAs_InvalidResultJSON (0.00s)
--- PASS: TestExtractor_ParseAndValidate_StrictMissingRequired (0.00s)
=== CONT  TestExecutionErrorFromChunk_PlainTextJSONBody
--- PASS: TestTask31RequirementsPolicy_AllowsToolsWithoutRequirementsWithoutTypedContext (0.01s)
=== CONT  TestNewErrorChunkFromErr_InterruptInChainOverReadLimit
--- PASS: TestNewErrorChunkFromErr_InterruptInChainOverReadLimit (0.00s)
=== CONT  TestNewErrorChunkFromErr_DeadlineOverReadLimit
--- PASS: TestExecutionErrorFromChunk_PlainTextJSONBody (0.00s)
--- PASS: TestTask31PolicyAndAuthorizer_ReceiveDefensiveInputCopies (0.01s)
=== CONT  TestNewErrorChunkFromErr_ExistingToolErrorWrappedCancel_NotValidation
--- PASS: TestNewErrorChunkFromErr_ExistingToolErrorWrappedCancel_NotValidation (0.00s)
--- PASS: TestTask31TypedPipeline_ReceivesDefensiveCopiesAndSystemOwnedViewID (0.01s)
=== CONT  TestNewErrorChunkFromErr_TimeoutOverReadLimit
=== CONT  TestStandardCallParser_RejectsConflictingNameForSameCallID
=== CONT  TestWithErrorFormatter_BypassesBareCancel
=== CONT  TestExtractor_ParseAndValidate_Validatable
=== CONT  TestErrorChunkSummaryText_LegacyTextNormalizes
=== CONT  TestNewErrorChunkFromErr_BareCancel_NotValidation
=== CONT  TestWithErrorFormatter_BypassesWrappedCancel
=== CONT  TestNewErrorChunkFromErr_InternalWrappingReadLimit
=== CONT  TestNewErrorChunkFromErr_CancelOverReadLimit
=== CONT  TestReadLimitToolError_BareSentinel_UsesGeneric
=== CONT  TestErrorChunkGoldenOrder_CancelOverReadLimit
=== CONT  TestExtractor_ParseAndValidate_PointerT
=== CONT  TestExtractor_ParseAndValidate_SchemaViolation
=== CONT  TestExtractor_ParseAndValidate_Success
=== CONT  TestNewExtractor_Strict
=== CONT  TestExtractor_ParseAndValidate_InvalidJSON
=== CONT  TestNewExtractor_Success
=== CONT  TestNewTimeoutErrorFrom_PreservesDeadlineChain
=== CONT  TestMapSandboxReadLimitError_BareSentinel_ReturnsNil
=== CONT  TestMapSandboxReadLimitError
=== CONT  TestMapReadLimitErrorFor
=== CONT  TestMapReadLimitError
=== CONT  TestMapReadLimitError_ExtractsLimitFromCause
--- PASS: TestNewErrorChunkFromErr_DeadlineOverReadLimit (0.00s)
--- PASS: TestTask31ObserverHooks_ReceiveDefensiveToolCallCopies (0.01s)
--- PASS: TestNewErrorChunkFromErr_TimeoutOverReadLimit (0.00s)
=== CONT  TestExtractor_ParseAndValidate_ValidatablePointer
--- PASS: TestNewExtractor_Success (0.00s)
=== CONT  TestNewDynamicToolFromSpec_StrictOption
--- PASS: TestTask32TypedTool_ArgsBinderPassesValidatedBoundaryToPolicyAndHandler (0.01s)
=== CONT  TestNewDynamicToolFromSpec_NilHandler
--- PASS: TestNewDynamicToolFromSpec_NilHandler (0.00s)
=== CONT  TestNewDynamicToolFromSpec_ValidationError
--- PASS: TestStandardCallParser_RejectsConflictingNameForSameCallID (0.00s)
--- PASS: TestWithErrorFormatter_BypassesWrappedCancel (0.00s)
--- PASS: TestReadLimitToolError_BareSentinel_UsesGeneric (0.00s)
--- PASS: TestErrorChunkSummaryText_LegacyTextNormalizes (0.00s)
--- PASS: TestErrorChunkGoldenOrder_CancelOverReadLimit (0.00s)
--- PASS: TestNewErrorChunkFromErr_CancelOverReadLimit (0.00s)
--- PASS: TestNewErrorChunkFromErr_BareCancel_NotValidation (0.00s)
--- PASS: TestWithErrorFormatter_BypassesBareCancel (0.00s)
=== CONT  TestNewDynamicToolFromSpec_InvalidSchema
=== CONT  TestNewErrorChunkFromErr_WrappedCancel_NotValidation
=== CONT  TestNewDynamicToolFromSpec_PostConstructMutatingCallerDoesNotAffectToolSchema
--- PASS: TestNewDynamicToolFromSpec_StrictOption (0.00s)
=== CONT  TestNewErrorChunkFromErr_WrappedDeadline
=== CONT  TestManifestSetFromManifests_DuplicateName
=== CONT  TestNewErrorChunkFromErr_InternalWrappedCancel_LlmMessageNotGeneric
=== CONT  TestFormatExecutionError_TimeoutOverReadLimit
=== CONT  TestReadLimitToolError_SandboxSubject
=== CONT  TestFormatExecutionError_CancelOverReadLimit
=== CONT  TestManifestSetFromManifests_EmptyName
=== CONT  TestRegistry_ManifestSet_MatchesNewManifestSet
=== CONT  TestManifestSetFromManifests_ClonesRequirements
=== CONT  TestNewManifestSet_NilTool
=== CONT  TestWithErrorFormatter_BypassesDeadlineExceeded
=== CONT  TestWrapHandlerError_CancelOverReadLimit
=== CONT  TestTask31TypedToolPipeline_ContextPolicyOutcomeEffects
=== CONT  TestNewDynamicToolFromSpec_DoesNotMutateInputSchemaMap
=== CONT  TestSessionExecuteIter_ReadLimit_YieldsError
=== CONT  TestManifestSet_Manifest
=== CONT  TestSessionExecuteIter_BareCancel_SuppressedLikeDeadline
=== CONT  TestSessionExecuteIter_DeadlineExceeded_SuppressedLikeCancel
=== CONT  TestNewDynamicToolFromSpec_RequirementsOptions
=== CONT  TestSessionExportSnapshot_ExcludesDeps
=== CONT  TestNewManifestSet_SingleTool
=== CONT  TestSessionExportSnapshot_NilSession
=== CONT  TestTask31RegistryPolicy_DeniesBeforeValidatorAndHandler
=== CONT  TestExtractor_ParseAndValidate_ValidatableToolErrorPassthrough
=== CONT  TestNewDynamicToolFromSpec_ErrorClassification
=== CONT  TestNewManifestSet_EmptyName
--- PASS: TestNewErrorChunkFromErr_InternalWrappingReadLimit (0.00s)
=== CONT  TestNewManifestSet_DuplicateName
=== CONT  TestTask31RequirementsPolicy_EnforcesManifestRequirementsWithTypedContext
=== CONT  TestNewManifestSet_SortedNames
=== CONT  TestSessionExecute_RejectsForeignRunEnv
--- PASS: TestExtractor_ParseAndValidate_SchemaViolation (0.00s)
--- PASS: TestExtractor_ParseAndValidate_Success (0.00s)
--- PASS: TestNewExtractor_Strict (0.00s)
--- PASS: TestNewTimeoutErrorFrom_PreservesDeadlineChain (0.00s)
--- PASS: TestMapSandboxReadLimitError_BareSentinel_ReturnsNil (0.00s)
--- PASS: TestExtractor_ParseAndValidate_InvalidJSON (0.00s)
--- PASS: TestMapSandboxReadLimitError (0.00s)
--- PASS: TestMapReadLimitError (0.00s)
--- PASS: TestMapReadLimitError_ExtractsLimitFromCause (0.00s)
--- PASS: TestMapReadLimitErrorFor (0.00s)
--- PASS: TestExtractor_ParseAndValidate_PointerT (0.00s)
--- PASS: TestExtractor_ParseAndValidate_Validatable (0.00s)
--- PASS: TestNewDynamicToolFromSpec_InvalidSchema (0.00s)
--- PASS: TestNewErrorChunkFromErr_WrappedCancel_NotValidation (0.00s)
--- PASS: TestExtractor_ParseAndValidate_ValidatablePointer (0.00s)
--- PASS: TestManifestSetFromManifests_DuplicateName (0.00s)
--- PASS: TestTask32Session_RebindAndCheckpointOwnViewCompatibility (0.01s)
--- PASS: TestNewErrorChunkFromErr_InternalWrappedCancel_LlmMessageNotGeneric (0.00s)
--- PASS: TestFormatExecutionError_TimeoutOverReadLimit (0.00s)
--- PASS: TestFormatExecutionError_CancelOverReadLimit (0.00s)
--- PASS: TestManifestSetFromManifests_EmptyName (0.00s)
--- PASS: TestReadLimitToolError_SandboxSubject (0.00s)
--- PASS: TestManifestSetFromManifests_ClonesRequirements (0.00s)
--- PASS: TestNewDynamicToolFromSpec_ValidationError (0.00s)
--- PASS: TestNewManifestSet_NilTool (0.00s)
--- PASS: TestNewDynamicToolFromSpec_PostConstructMutatingCallerDoesNotAffectToolSchema (0.00s)
=== CONT  TestRegisterStateCodec_CustomCodec
--- PASS: TestWrapHandlerError_CancelOverReadLimit (0.00s)
--- PASS: TestRegistry_ManifestSet_MatchesNewManifestSet (0.00s)
--- PASS: TestSessionExecuteIter_ReadLimit_YieldsError (0.00s)
--- PASS: TestNewDynamicToolFromSpec_DoesNotMutateInputSchemaMap (0.00s)
=== CONT  TestNewSession_DuplicateCodecKey
=== CONT  TestExtractor_Schema_ReturnsCopy
=== CONT  TestSessionExportSnapshot_MarshalFailure
=== CONT  TestSessionExecuteIter_WrappedCancel_SuppressedLikeDeadline
=== CONT  TestSessionExportSnapshot_StateCodecTypeMismatch
=== CONT  TestImportSnapshot_UnsupportedVersion
=== CONT  TestImportSnapshot_EmptySnapshot
=== CONT  TestNewSessionSnapshotFromJSON_CorruptPayload
=== CONT  TestStandardCallParser_NormalizesContinuationMissingToolName
=== CONT  TestNewSessionSnapshotFromJSON_InvalidWire
=== RUN   TestNewSessionSnapshotFromJSON_InvalidWire/not_json
--- PASS: TestSessionExecuteIter_BareCancel_SuppressedLikeDeadline (0.00s)
=== CONT  TestSessionExecute_NilEnv_SetStateNoOp
--- PASS: TestManifestSet_Manifest (0.00s)
=== PAUSE TestNewSessionSnapshotFromJSON_InvalidWire/not_json
=== RUN   TestNewSessionSnapshotFromJSON_InvalidWire/zero_version
--- PASS: TestNewDynamicToolFromSpec_RequirementsOptions (0.00s)
=== CONT  TestSessionState_ConcurrentImportExport
=== CONT  TestValidateRunEnvSession_NilSessionOrEnv
=== CONT  TestStateCodecRegistry_JSONRoundtrip
--- PASS: TestSessionExportSnapshot_ExcludesDeps (0.00s)
=== CONT  TestNewProxyTool_BareReadLimitExceeded
--- PASS: TestSessionExportSnapshot_NilSession (0.00s)
--- PASS: TestNewManifestSet_SingleTool (0.00s)
--- PASS: TestNewManifestSet_EmptyName (0.00s)
--- PASS: TestNewDynamicToolFromSpec_ErrorClassification (0.00s)
=== PAUSE TestNewSessionSnapshotFromJSON_InvalidWire/zero_version
=== RUN   TestNewSessionSnapshotFromJSON_InvalidWire/missing_payload
--- PASS: TestWithErrorFormatter_BypassesDeadlineExceeded (0.00s)
--- PASS: TestRegisterStateCodec_CustomCodec (0.00s)
--- PASS: TestTask31TypedToolPipeline_ContextPolicyOutcomeEffects (0.00s)
--- PASS: TestSessionExecute_RejectsForeignRunEnv (0.00s)
--- PASS: TestExtractor_ParseAndValidate_ValidatableToolErrorPassthrough (0.00s)
=== CONT  TestValidateRunEnvSession_Mismatch
=== PAUSE TestNewSessionSnapshotFromJSON_InvalidWire/missing_payload
=== CONT  TestStateCodecRegistry_RegisterJSONCodec
=== CONT  TestStandardCallParser_RejectsSplitCompleteThenDuplicateSameID
=== CONT  TestSessionState_ConcurrentSetAndExportSnapshot
=== CONT  TestWrapHandlerError_ReadLimitExceeded
=== CONT  TestExportSnapshot_StrictMode_UnregisteredKeyFails
=== CONT  TestImportSnapshot_StrictMode_NullKeyWithoutCodecFails
=== CONT  TestExportImportSnapshot_StrictMode_Roundtrip
=== CONT  TestImportSnapshot_StrictMode_UnregisteredKeyFails
--- PASS: TestNewErrorChunkFromErr_WrappedDeadline (0.01s)
--- PASS: TestNewManifestSet_DuplicateName (0.00s)
--- PASS: TestNewSession_DuplicateCodecKey (0.00s)
--- PASS: TestSessionExportSnapshot_MarshalFailure (0.00s)
--- PASS: TestSessionExecuteIter_WrappedCancel_SuppressedLikeDeadline (0.00s)
=== CONT  TestSessionState_ImportSnapshotUnregisteredStructRemainsGenericMap
=== CONT  TestSessionState_ImportSnapshotRegisteredKey_InvalidPayloadPreservesState
--- PASS: TestImportSnapshot_EmptySnapshot (0.00s)
=== CONT  TestSessionState_ImportSnapshotEmptyClears
=== CONT  TestSession_RunCall_ProgressBeforeBusinessError
=== CONT  TestWrapHandlerError_BareReadLimitExceeded_GenericMessage
=== CONT  TestWrapHandlerError_WrappedDeadline
=== CONT  TestSession_RunCall_InfraInternal_WithFormatter
--- PASS: TestNewSessionSnapshotFromJSON_CorruptPayload (0.00s)
--- PASS: TestImportSnapshot_UnsupportedVersion (0.00s)
--- PASS: TestStandardCallParser_NormalizesContinuationMissingToolName (0.00s)
=== CONT  TestStandardCallParser_RejectsDuplicateCompleteCallWithSameID
--- PASS: TestSessionExecute_NilEnv_SetStateNoOp (0.00s)
=== CONT  TestWrapHandlerError_WrappedCancel
=== CONT  TestSession_RunCall_StructuredBusinessErrorChunk_ToOutcome
=== CONT  TestNewTypedTool_Validators
=== CONT  TestSessionState_ExportImportSnapshotRoundtripViaJSON
=== CONT  TestStateCodecRegistry_StructRoundtrip
=== CONT  TestSession_RunCall_InfraToolNotFound
=== CONT  TestStandardCallParser_RejectsOtherToolCallWhenExpectingExactlyOne
=== CONT  TestValidateManifestContract_AllPresent
=== CONT  TestSession_RunCall_LegacyTextErrorChunk_NormalizedToInfraError
=== CONT  TestTask32PolicyTool_RequiresArgsBinder
=== CONT  TestImportSnapshot_StrictMode_EmptySnapshotClears
=== CONT  TestTask32SessionCheckpoint_RootPolicyIDIsPartOfBinding
=== CONT  TestWrapHandlerError_InternalWrappingReadLimit
=== CONT  TestSession_RunCall_SandboxStdoutReadLimit_BusinessOutcome
--- PASS: TestSessionExportSnapshot_StateCodecTypeMismatch (0.00s)
--- PASS: TestTask31RegistryPolicy_DeniesBeforeValidatorAndHandler (0.01s)
--- PASS: TestValidateRunEnvSession_Mismatch (0.00s)
=== CONT  TestCoreTests_NoErrorSubstringRouting
=== RUN   TestCoreTests_NoErrorSubstringRouting/runpolicy_test.go
=== CONT  TestRegistry_Execute_DeadlineNormalizedToTimeout
=== PAUSE TestCoreTests_NoErrorSubstringRouting/runpolicy_test.go
=== RUN   TestCoreTests_NoErrorSubstringRouting/session_outcome_test.go
=== PAUSE TestCoreTests_NoErrorSubstringRouting/session_outcome_test.go
=== RUN   TestCoreTests_NoErrorSubstringRouting/session_state_test.go
=== PAUSE TestCoreTests_NoErrorSubstringRouting/session_state_test.go
=== CONT  TestSession_RunCall_ContextCancel_IsInfraNotBusiness
=== CONT  TestRegistry_Execute_CanceledNotWrappedAsValidation
=== RUN   TestSession_RunCall_ContextCancel_IsInfraNotBusiness/with_formatter
=== PAUSE TestSession_RunCall_ContextCancel_IsInfraNotBusiness/with_formatter
=== RUN   TestSession_RunCall_ContextCancel_IsInfraNotBusiness/without_formatter
=== PAUSE TestSession_RunCall_ContextCancel_IsInfraNotBusiness/without_formatter
=== CONT  TestRegistry_ExecuteBatchStream_StructuredErrorChunk
=== CONT  TestRegistry_ExecuteIter_WrappedCancel_SuppressedLikeDeadline
=== CONT  TestRegistry_ExecuteIter_DeadlineExceeded_SuppressedLikeCancel
=== CONT  TestHandleBatchToolError_TimeoutOverReadLimit_NoChunk
=== CONT  TestHandleBatchToolError_DeadlineOverReadLimit_NoChunk
=== CONT  TestRegistry_ExecuteIter_BareCancel_SuppressedLikeDeadline
--- PASS: TestStateCodecRegistry_RegisterJSONCodec (0.00s)
=== CONT  TestHandleBatchToolError_ReadLimit_YieldsValidationChunk
=== CONT  TestHandleBatchToolError_InterruptOverReadLimit_NoChunk
=== CONT  TestErrorChunkSummaryText_InterruptOverInternal
--- PASS: TestStandardCallParser_RejectsSplitCompleteThenDuplicateSameID (0.00s)
--- PASS: TestTask31RequirementsPolicy_EnforcesManifestRequirementsWithTypedContext (0.01s)
--- PASS: TestWrapHandlerError_ReadLimitExceeded (0.00s)
=== CONT  TestManifestSetFromManifests
=== CONT  TestSession_RunCall_NilSession
=== CONT  TestSession_RunCall_ErrorChunkClearsPriorResult
=== CONT  TestSession_RunCall_StructuredErrorEnvelope
=== CONT  TestStandardCallParser_RejectsInvalidMergedJSON
=== CONT  TestSession_RunCall_InfraToolsContractMissing_WithFormatter
=== CONT  TestWrapHandlerError_BareCancel
=== CONT  TestNewDynamicToolFromSpec_Success
=== CONT  TestWrapHandlerError_TimeoutOverReadLimit
=== CONT  TestWrapHandlerError_SandboxReadLimitSubject
=== CONT  TestWrapHandlerError_DeadlineOverReadLimit
=== CONT  TestSession_RunCall_InfraDependencyMissing_WithFormatter
=== CONT  TestSession_RunCall_DeadlineExceeded_IsInfraWithChain
=== CONT  TestWrapHandlerError_InterruptInChainOverReadLimit
=== CONT  TestTask32PolicyToolFromSpec_BuildsProductionGenericTool
=== CONT  TestWithBudget_RunCallPreservesCode
=== CONT  TestWrapHandlerError_BareErrTimeout
--- PASS: TestNewManifestSet_SortedNames (0.01s)
--- PASS: TestExportSnapshot_StrictMode_UnregisteredKeyFails (0.00s)
--- PASS: TestImportSnapshot_StrictMode_NullKeyWithoutCodecFails (0.00s)
=== CONT  TestSession_RunCall_ControlSignal
--- PASS: TestExportImportSnapshot_StrictMode_Roundtrip (0.00s)
=== CONT  TestSession_RunCall_InfraMaxSteps
=== CONT  TestSession_RunCall_CancelOverReadLimit_IsInfra
=== CONT  TestRunCallInfraError_Classification
=== RUN   TestRunCallInfraError_Classification/business_validation
=== PAUSE TestRunCallInfraError_Classification/business_validation
=== RUN   TestRunCallInfraError_Classification/business_schema
=== PAUSE TestRunCallInfraError_Classification/business_schema
=== RUN   TestRunCallInfraError_Classification/business_budget
=== PAUSE TestRunCallInfraError_Classification/business_budget
=== RUN   TestRunCallInfraError_Classification/infra_not_found
=== PAUSE TestRunCallInfraError_Classification/infra_not_found
=== RUN   TestRunCallInfraError_Classification/infra_shutdown
=== PAUSE TestRunCallInfraError_Classification/infra_shutdown
=== RUN   TestRunCallInfraError_Classification/infra_max_steps
--- PASS: TestExtractor_Schema_ReturnsCopy (0.00s)
--- PASS: TestSessionState_ConcurrentSetAndExportSnapshot (0.00s)
--- PASS: TestNewProxyTool_BareReadLimitExceeded (0.00s)
=== CONT  TestSession_RunCall_InfraDependencyMissing
=== PAUSE TestRunCallInfraError_Classification/infra_max_steps
=== CONT  TestSession_RunCall_BusinessValidationError
=== RUN   TestRunCallInfraError_Classification/infra_registry_not_ready
--- PASS: TestValidateRunEnvSession_NilSessionOrEnv (0.00s)
--- PASS: TestSessionState_ImportSnapshotRegisteredKey_InvalidPayloadPreservesState (0.00s)
--- PASS: TestImportSnapshot_StrictMode_UnregisteredKeyFails (0.00s)
--- PASS: TestStateCodecRegistry_JSONRoundtrip (0.00s)
--- PASS: TestSessionState_ImportSnapshotEmptyClears (0.00s)
=== CONT  TestSession_RunCall_BusinessValidationError_WithoutFormatter
=== CONT  TestTask31Requirements_DeclaredRequirementsRequireRequirementsPolicy/permissions
=== CONT  TestTask31Requirements_DeclaredRequirementsRequireRequirementsPolicy/session
=== CONT  TestTask32ToolEnvelope_TextMediaTypesAreNotStructured/text/plain
=== CONT  TestNewSessionSnapshotFromJSON_InvalidWire/not_json
=== CONT  TestNewSessionSnapshotFromJSON_InvalidWire/missing_payload
=== CONT  TestNewSessionSnapshotFromJSON_InvalidWire/zero_version
=== CONT  TestCoreTests_NoErrorSubstringRouting/session_state_test.go
=== CONT  TestCoreTests_NoErrorSubstringRouting/session_outcome_test.go
=== CONT  TestCoreTests_NoErrorSubstringRouting/runpolicy_test.go
=== CONT  TestSession_RunCall_ContextCancel_IsInfraNotBusiness/without_formatter
=== CONT  TestTask31Requirements_DeclaredRequirementsRequireRequirementsPolicy/memory
--- PASS: TestWrapHandlerError_WrappedDeadline (0.00s)
--- PASS: TestSessionState_ImportSnapshotUnregisteredStructRemainsGenericMap (0.00s)
=== CONT  TestTask32ToolEnvelope_TextMediaTypesAreNotStructured/text/markdown;_charset=utf-8
=== CONT  TestTask32ToolEnvelope_TextMediaTypesAreNotStructured/text/plain;_charset=utf-8
=== PAUSE TestRunCallInfraError_Classification/infra_registry_not_ready
=== CONT  TestSession_RunCall_Success
--- PASS: TestWrapHandlerError_BareReadLimitExceeded_GenericMessage (0.00s)
=== RUN   TestRunCallInfraError_Classification/infra_stream_aborted
=== CONT  TestSession_RunCall_ContextCancel_IsInfraNotBusiness/with_formatter
--- PASS: TestStandardCallParser_RejectsDuplicateCompleteCallWithSameID (0.00s)
--- PASS: TestSession_RunCall_InfraInternal_WithFormatter (0.00s)
--- PASS: TestWrapHandlerError_WrappedCancel (0.00s)
--- PASS: TestSession_RunCall_InfraToolNotFound (0.00s)
--- PASS: TestStandardCallParser_RejectsOtherToolCallWhenExpectingExactlyOne (0.00s)
--- PASS: TestSessionState_ConcurrentImportExport (0.01s)
--- PASS: TestSession_RunCall_ProgressBeforeBusinessError (0.00s)
--- PASS: TestSession_RunCall_LegacyTextErrorChunk_NormalizedToInfraError (0.00s)
--- PASS: TestImportSnapshot_StrictMode_EmptySnapshotClears (0.00s)
--- PASS: TestWrapHandlerError_InternalWrappingReadLimit (0.00s)
--- PASS: TestSession_RunCall_StructuredBusinessErrorChunk_ToOutcome (0.00s)
--- PASS: TestTask32SessionCheckpoint_RootPolicyIDIsPartOfBinding (0.00s)
--- PASS: TestTask32PolicyTool_RequiresArgsBinder (0.00s)
--- PASS: TestRegistry_ExecuteIter_WrappedCancel_SuppressedLikeDeadline (0.00s)
--- PASS: TestRegistry_Execute_DeadlineNormalizedToTimeout (0.00s)
--- PASS: TestHandleBatchToolError_TimeoutOverReadLimit_NoChunk (0.00s)
--- PASS: TestHandleBatchToolError_DeadlineOverReadLimit_NoChunk (0.00s)
--- PASS: TestRegistry_ExecuteIter_BareCancel_SuppressedLikeDeadline (0.00s)
=== PAUSE TestRunCallInfraError_Classification/infra_stream_aborted
--- PASS: TestRegistry_ExecuteBatchStream_StructuredErrorChunk (0.00s)
=== RUN   TestRunCallInfraError_Classification/infra_dependency_missing
--- PASS: TestHandleBatchToolError_InterruptOverReadLimit_NoChunk (0.00s)
--- PASS: TestErrorChunkSummaryText_InterruptOverInternal (0.00s)
=== PAUSE TestRunCallInfraError_Classification/infra_dependency_missing
=== RUN   TestRunCallInfraError_Classification/infra_contract_missing
=== PAUSE TestRunCallInfraError_Classification/infra_contract_missing
--- PASS: TestHandleBatchToolError_ReadLimit_YieldsValidationChunk (0.00s)
=== RUN   TestRunCallInfraError_Classification/infra_policy_denied
=== PAUSE TestRunCallInfraError_Classification/infra_policy_denied
--- PASS: TestStateCodecRegistry_StructRoundtrip (0.00s)
--- PASS: TestRegistry_Execute_CanceledNotWrappedAsValidation (0.00s)
=== RUN   TestRunCallInfraError_Classification/infra_capability_denied
=== PAUSE TestRunCallInfraError_Classification/infra_capability_denied
=== RUN   TestRunCallInfraError_Classification/infra_internal
=== PAUSE TestRunCallInfraError_Classification/infra_internal
=== RUN   TestRunCallInfraError_Classification/infra_plain
--- PASS: TestSession_RunCall_SandboxStdoutReadLimit_BusinessOutcome (0.00s)
--- PASS: TestValidateManifestContract_AllPresent (0.00s)
--- PASS: TestSession_RunCall_NilSession (0.00s)
--- PASS: TestSession_RunCall_ErrorChunkClearsPriorResult (0.00s)
--- PASS: TestStandardCallParser_RejectsInvalidMergedJSON (0.00s)
--- PASS: TestWrapHandlerError_BareCancel (0.00s)
=== PAUSE TestRunCallInfraError_Classification/infra_plain
--- PASS: TestSession_RunCall_InfraToolsContractMissing_WithFormatter (0.00s)
=== RUN   TestRunCallInfraError_Classification/infra_context_canceled
--- PASS: TestNewDynamicToolFromSpec_Success (0.00s)
--- PASS: TestWrapHandlerError_TimeoutOverReadLimit (0.00s)
=== PAUSE TestRunCallInfraError_Classification/infra_context_canceled
--- PASS: TestWrapHandlerError_SandboxReadLimitSubject (0.00s)
--- PASS: TestWrapHandlerError_DeadlineOverReadLimit (0.00s)
--- PASS: TestManifestSetFromManifests (0.00s)
--- PASS: TestWrapHandlerError_InterruptInChainOverReadLimit (0.00s)
--- PASS: TestSession_RunCall_InfraDependencyMissing_WithFormatter (0.00s)
=== RUN   TestRunCallInfraError_Classification/infra_wrapped_cancel
--- PASS: TestWrapHandlerError_BareErrTimeout (0.00s)
--- PASS: TestWithBudget_RunCallPreservesCode (0.00s)
--- PASS: TestSession_RunCall_InfraMaxSteps (0.00s)
--- PASS: TestSessionState_ExportImportSnapshotRoundtripViaJSON (0.01s)
--- PASS: TestSession_RunCall_CancelOverReadLimit_IsInfra (0.00s)
--- PASS: TestSession_RunCall_ControlSignal (0.00s)
--- PASS: TestSession_RunCall_DeadlineExceeded_IsInfraWithChain (0.00s)
--- PASS: TestSession_RunCall_InfraDependencyMissing (0.00s)
--- PASS: TestNewTypedTool_Validators (0.01s)
--- PASS: TestSession_RunCall_BusinessValidationError (0.00s)
--- PASS: TestSessionExecuteIter_DeadlineExceeded_SuppressedLikeCancel (0.02s)
--- PASS: TestTask32PolicyToolFromSpec_BuildsProductionGenericTool (0.01s)
--- PASS: TestSession_RunCall_StructuredErrorEnvelope (0.01s)
=== PAUSE TestRunCallInfraError_Classification/infra_wrapped_cancel
=== RUN   TestRunCallInfraError_Classification/infra_timeout_from_deadline
=== PAUSE TestRunCallInfraError_Classification/infra_timeout_from_deadline
=== RUN   TestRunCallInfraError_Classification/infra_bare_deadline
=== PAUSE TestRunCallInfraError_Classification/infra_bare_deadline
=== CONT  TestRunCallInfraError_Classification/business_schema
=== CONT  TestRunCallInfraError_Classification/infra_bare_deadline
=== CONT  TestRunCallInfraError_Classification/infra_timeout_from_deadline
=== CONT  TestRunCallInfraError_Classification/infra_wrapped_cancel
=== CONT  TestRunCallInfraError_Classification/infra_plain
=== CONT  TestRunCallInfraError_Classification/infra_max_steps
=== CONT  TestRunCallInfraError_Classification/infra_capability_denied
=== CONT  TestRunCallInfraError_Classification/infra_context_canceled
=== CONT  TestRunCallInfraError_Classification/business_budget
=== CONT  TestRunCallInfraError_Classification/business_validation
=== CONT  TestRunCallInfraError_Classification/infra_stream_aborted
=== CONT  TestRunCallInfraError_Classification/infra_internal
=== CONT  TestRunCallInfraError_Classification/infra_contract_missing
=== CONT  TestRunCallInfraError_Classification/infra_dependency_missing
=== CONT  TestRunCallInfraError_Classification/infra_shutdown
=== CONT  TestRunCallInfraError_Classification/infra_policy_denied
=== CONT  TestRunCallInfraError_Classification/infra_registry_not_ready
=== CONT  TestRunCallInfraError_Classification/infra_not_found
--- PASS: TestSession_RunCall_BusinessValidationError_WithoutFormatter (0.00s)
--- PASS: TestSession_RunCall_Success (0.00s)
--- PASS: TestTask31Requirements_DeclaredRequirementsRequireRequirementsPolicy (0.00s)
    --- PASS: TestTask31Requirements_DeclaredRequirementsRequireRequirementsPolicy/permissions (0.00s)
    --- PASS: TestTask31Requirements_DeclaredRequirementsRequireRequirementsPolicy/memory (0.00s)
    --- PASS: TestTask31Requirements_DeclaredRequirementsRequireRequirementsPolicy/session (0.01s)
--- PASS: TestNewSessionSnapshotFromJSON_InvalidWire (0.00s)
    --- PASS: TestNewSessionSnapshotFromJSON_InvalidWire/not_json (0.00s)
    --- PASS: TestNewSessionSnapshotFromJSON_InvalidWire/missing_payload (0.00s)
    --- PASS: TestNewSessionSnapshotFromJSON_InvalidWire/zero_version (0.00s)
--- PASS: TestCoreTests_NoErrorSubstringRouting (0.00s)
    --- PASS: TestCoreTests_NoErrorSubstringRouting/session_state_test.go (0.00s)
    --- PASS: TestCoreTests_NoErrorSubstringRouting/session_outcome_test.go (0.00s)
    --- PASS: TestCoreTests_NoErrorSubstringRouting/runpolicy_test.go (0.00s)
--- PASS: TestTask32ToolEnvelope_TextMediaTypesAreNotStructured (0.00s)
    --- PASS: TestTask32ToolEnvelope_TextMediaTypesAreNotStructured/text/plain (0.00s)
    --- PASS: TestTask32ToolEnvelope_TextMediaTypesAreNotStructured/text/markdown;_charset=utf-8 (0.00s)
    --- PASS: TestTask32ToolEnvelope_TextMediaTypesAreNotStructured/text/plain;_charset=utf-8 (0.00s)
--- PASS: TestRunCallInfraError_Classification (0.01s)
    --- PASS: TestRunCallInfraError_Classification/business_schema (0.00s)
    --- PASS: TestRunCallInfraError_Classification/infra_bare_deadline (0.00s)
    --- PASS: TestRunCallInfraError_Classification/infra_timeout_from_deadline (0.00s)
    --- PASS: TestRunCallInfraError_Classification/infra_wrapped_cancel (0.00s)
    --- PASS: TestRunCallInfraError_Classification/infra_plain (0.00s)
    --- PASS: TestRunCallInfraError_Classification/infra_max_steps (0.00s)
    --- PASS: TestRunCallInfraError_Classification/infra_capability_denied (0.00s)
    --- PASS: TestRunCallInfraError_Classification/infra_context_canceled (0.00s)
    --- PASS: TestRunCallInfraError_Classification/business_validation (0.00s)
    --- PASS: TestRunCallInfraError_Classification/business_budget (0.00s)
    --- PASS: TestRunCallInfraError_Classification/infra_stream_aborted (0.00s)
    --- PASS: TestRunCallInfraError_Classification/infra_internal (0.00s)
    --- PASS: TestRunCallInfraError_Classification/infra_contract_missing (0.00s)
    --- PASS: TestRunCallInfraError_Classification/infra_dependency_missing (0.00s)
    --- PASS: TestRunCallInfraError_Classification/infra_shutdown (0.00s)
    --- PASS: TestRunCallInfraError_Classification/infra_policy_denied (0.00s)
    --- PASS: TestRunCallInfraError_Classification/infra_not_found (0.00s)
    --- PASS: TestRunCallInfraError_Classification/infra_registry_not_ready (0.00s)
--- PASS: TestSession_RunCall_ContextCancel_IsInfraNotBusiness (0.00s)
    --- PASS: TestSession_RunCall_ContextCancel_IsInfraNotBusiness/without_formatter (0.00s)
    --- PASS: TestSession_RunCall_ContextCancel_IsInfraNotBusiness/with_formatter (0.00s)
--- PASS: TestRegistry_ExecuteIter_DeadlineExceeded_SuppressedLikeCancel (0.02s)
=== RUN   FuzzValidate
=== RUN   FuzzValidate/seed#0
=== RUN   FuzzValidate/seed#1
=== RUN   FuzzValidate/seed#2
--- PASS: FuzzValidate (0.00s)
    --- PASS: FuzzValidate/seed#0 (0.00s)
    --- PASS: FuzzValidate/seed#1 (0.00s)
    --- PASS: FuzzValidate/seed#2 (0.00s)
=== RUN   ExampleRegistryBuilder_Add
--- PASS: ExampleRegistryBuilder_Add (0.00s)
=== RUN   ExampleExtractor_ParseAndValidate
--- PASS: ExampleExtractor_ParseAndValidate (0.00s)
=== RUN   ExampleExtractor_Schema
--- PASS: ExampleExtractor_Schema (0.00s)
=== RUN   ExampleRegistryBuilder_Use
--- PASS: ExampleRegistryBuilder_Use (0.00s)
=== RUN   ExampleNewTool
--- PASS: ExampleNewTool (0.00s)
=== RUN   ExampleRegistry_Execute
--- PASS: ExampleRegistry_Execute (0.00s)
=== RUN   ExampleRegistry_ExecuteBatchStream
--- PASS: ExampleRegistry_ExecuteBatchStream (0.00s)
PASS
ok  	github.com/skosovsky/toolsy	5.139s
=== RUN   TestJournalRestartDoesNotRedispatchConsumedClaim
--- PASS: TestJournalRestartDoesNotRedispatchConsumedClaim (0.07s)
=== RUN   TestJournalConcurrentWorkers
--- PASS: TestJournalConcurrentWorkers (0.32s)
=== RUN   TestJournalInterprocessClaim
--- PASS: TestJournalInterprocessClaim (1.10s)
=== RUN   TestJournalChild
    store_test.go:129: subprocess helper
--- SKIP: TestJournalChild (0.00s)
=== RUN   TestJournalLimitFailsBeforeClaimPersistence
--- PASS: TestJournalLimitFailsBeforeClaimPersistence (0.04s)
=== RUN   TestJournalRemoteCommitCrashRecovery
--- PASS: TestJournalRemoteCommitCrashRecovery (0.27s)
=== RUN   TestJournalCrashChild
    store_test.go:260: abrupt-process-loss helper
--- SKIP: TestJournalCrashChild (0.00s)
PASS
ok  	github.com/skosovsky/toolsy/adapters/execution/filejournal	3.995s
=== RUN   TestRunHelpWritesUsageToStdout
=== PAUSE TestRunHelpWritesUsageToStdout
=== RUN   TestRunSuccessPrintsGeneratedFiles
--- PASS: TestRunSuccessPrintsGeneratedFiles (0.01s)
=== RUN   TestRunErrorPrefixesToolName
=== PAUSE TestRunErrorPrefixesToolName
=== CONT  TestRunHelpWritesUsageToStdout
=== CONT  TestRunErrorPrefixesToolName
--- PASS: TestRunHelpWritesUsageToStdout (0.00s)
--- PASS: TestRunErrorPrefixesToolName (0.00s)
PASS
ok  	github.com/skosovsky/toolsy/cmd/toolsy-gen	1.404s
?   	github.com/skosovsky/toolsy/cmd/toolsy-release	[no test files]
=== RUN   TestOrdinaryHostPendingApproveRestartReplay
--- PASS: TestOrdinaryHostPendingApproveRestartReplay (0.22s)
PASS
ok  	github.com/skosovsky/toolsy/examples/approval_journal	1.620s
?   	github.com/skosovsky/toolsy/examples/calculator	[no test files]
?   	github.com/skosovsky/toolsy/examples/contract_recovery	[no test files]
=== RUN   TestCheckedInCatalogPayload
    catalog_test.go:32: tools=2 full_catalog_bytes=1126 schema_bytes=474
--- PASS: TestCheckedInCatalogPayload (0.01s)
PASS
ok  	github.com/skosovsky/toolsy/examples/full_agent	1.395s
?   	github.com/skosovsky/toolsy/examples/run_call	[no test files]
?   	github.com/skosovsky/toolsy/examples/semantic_truncation	[no test files]
?   	github.com/skosovsky/toolsy/examples/session_snapshot	[no test files]
?   	github.com/skosovsky/toolsy/examples/stream_terminal	[no test files]
?   	github.com/skosovsky/toolsy/examples/streaming	[no test files]
=== RUN   TestCleanupCauseDoesNotReplaceExecutionClassification
=== RUN   TestCleanupCauseDoesNotReplaceExecutionClassification/completed_cleanup_deadline
=== RUN   TestCleanupCauseDoesNotReplaceExecutionClassification/completed_cleanup_cancel
=== RUN   TestCleanupCauseDoesNotReplaceExecutionClassification/timeout_cleanup_cancel
=== RUN   TestCleanupCauseDoesNotReplaceExecutionClassification/output_limit_cleanup_deadline
--- PASS: TestCleanupCauseDoesNotReplaceExecutionClassification (0.00s)
    --- PASS: TestCleanupCauseDoesNotReplaceExecutionClassification/completed_cleanup_deadline (0.00s)
    --- PASS: TestCleanupCauseDoesNotReplaceExecutionClassification/completed_cleanup_cancel (0.00s)
    --- PASS: TestCleanupCauseDoesNotReplaceExecutionClassification/timeout_cleanup_cancel (0.00s)
    --- PASS: TestCleanupCauseDoesNotReplaceExecutionClassification/output_limit_cleanup_deadline (0.00s)
=== RUN   TestNewBuildsDynamicSchema
--- PASS: TestNewBuildsDynamicSchema (0.00s)
=== RUN   TestNewAllowedLanguagesIntersection
--- PASS: TestNewAllowedLanguagesIntersection (0.00s)
=== RUN   TestNewAllowedLanguagesMustIntersect
--- PASS: TestNewAllowedLanguagesMustIntersect (0.00s)
=== RUN   TestNewSucceeds
--- PASS: TestNewSucceeds (0.00s)
=== RUN   TestNewRejectsNilSandbox
--- PASS: TestNewRejectsNilSandbox (0.00s)
=== RUN   TestExecuteSuccess
--- PASS: TestExecuteSuccess (0.00s)
=== RUN   TestExecuteEmptyCodeReturnsValidationToolError
--- PASS: TestExecuteEmptyCodeReturnsValidationToolError (0.00s)
=== RUN   TestExecuteRejectsUnsupportedLanguageBeforeSandbox
--- PASS: TestExecuteRejectsUnsupportedLanguageBeforeSandbox (0.00s)
=== RUN   TestExecuteSucceedsWithinShortContextDeadline
--- PASS: TestExecuteSucceedsWithinShortContextDeadline (0.00s)
=== RUN   TestExecuteReturnsTimeoutWhenContextExpired
--- PASS: TestExecuteReturnsTimeoutWhenContextExpired (0.00s)
=== RUN   TestExecuteReturnsCanceledBeforeRun
--- PASS: TestExecuteReturnsCanceledBeforeRun (0.00s)
=== RUN   TestExecuteEnforcesTimeoutViaContext
--- PASS: TestExecuteEnforcesTimeoutViaContext (0.02s)
=== RUN   TestExecutePreservesSandboxSentinels
--- PASS: TestExecutePreservesSandboxSentinels (0.00s)
=== RUN   TestNewDefaultsDangerousManifest
--- PASS: TestNewDefaultsDangerousManifest (0.00s)
=== RUN   TestExecutePropagatesToolManifestPolicy
--- PASS: TestExecutePropagatesToolManifestPolicy (0.00s)
=== RUN   TestNewRejectsEmptyLanguageNames
--- PASS: TestNewRejectsEmptyLanguageNames (0.00s)
=== RUN   TestExecuteWrapsSandboxErrorChain
--- PASS: TestExecuteWrapsSandboxErrorChain (0.00s)
=== RUN   TestMapExecError_ReadLimitMapsValidationWithStdoutSubject
--- PASS: TestMapExecError_ReadLimitMapsValidationWithStdoutSubject (0.00s)
=== RUN   TestMapExecError_CancelOverTimeout_Composite
=== PAUSE TestMapExecError_CancelOverTimeout_Composite
=== RUN   TestMapExecError_CancelOverReadLimit
=== PAUSE TestMapExecError_CancelOverReadLimit
=== RUN   TestExecute_SandboxOutputCap_CodeValidationFailed
--- PASS: TestExecute_SandboxOutputCap_CodeValidationFailed (0.00s)
=== RUN   TestCollectionFailureAfterEffectRemainsUnknownAcrossJournalRestart
--- PASS: TestCollectionFailureAfterEffectRemainsUnknownAcrossJournalRestart (0.09s)
=== CONT  TestMapExecError_CancelOverReadLimit
--- PASS: TestMapExecError_CancelOverReadLimit (0.00s)
=== CONT  TestMapExecError_CancelOverTimeout_Composite
--- PASS: TestMapExecError_CancelOverTimeout_Composite (0.00s)
PASS
ok  	github.com/skosovsky/toolsy/exectool	1.529s
=== RUN   TestApplySemanticTruncation_NoOpUnderLimit
--- PASS: TestApplySemanticTruncation_NoOpUnderLimit (0.00s)
=== RUN   TestApplySemanticTruncation_SummarizesOldMessages
--- PASS: TestApplySemanticTruncation_SummarizesOldMessages (0.00s)
=== RUN   TestApplySemanticTruncation_FallbackOnSummarizerError
--- PASS: TestApplySemanticTruncation_FallbackOnSummarizerError (0.00s)
=== RUN   TestApplySemanticTruncation_FallbackOnInvalidSummary
--- PASS: TestApplySemanticTruncation_FallbackOnInvalidSummary (0.00s)
=== RUN   TestApplySemanticTruncation_DoubleOverflowUsesMechanicalAfterSummary
--- PASS: TestApplySemanticTruncation_DoubleOverflowUsesMechanicalAfterSummary (0.00s)
=== RUN   TestApplySemanticTruncation_DoesNotSplitToolCallAndResult
--- PASS: TestApplySemanticTruncation_DoesNotSplitToolCallAndResult (0.00s)
=== RUN   TestApplySemanticTruncation_ReturnsErrorOnInvalidConfig
--- PASS: TestApplySemanticTruncation_ReturnsErrorOnInvalidConfig (0.00s)
=== RUN   TestApplySemanticTruncation_ReturnsErrorWhenProtectedPrefixTooLarge
--- PASS: TestApplySemanticTruncation_ReturnsErrorWhenProtectedPrefixTooLarge (0.00s)
=== RUN   TestApplySemanticTruncation_ReturnsErrorWhenTokenCountFails
--- PASS: TestApplySemanticTruncation_ReturnsErrorWhenTokenCountFails (0.00s)
=== RUN   TestApplySemanticTruncation_ChangedOutputGetsNewBackingArray
--- PASS: TestApplySemanticTruncation_ChangedOutputGetsNewBackingArray (0.00s)
=== RUN   TestApplySemanticTruncation_SuccessfulSummaryDoesNotScanOriginalSuffixes
--- PASS: TestApplySemanticTruncation_SuccessfulSummaryDoesNotScanOriginalSuffixes (0.00s)
=== RUN   TestApplySemanticTruncation_NonMonotonicCounterPreservesFirstFit
--- PASS: TestApplySemanticTruncation_NonMonotonicCounterPreservesFirstFit (0.00s)
PASS
ok  	github.com/skosovsky/toolsy/history	(cached)
=== RUN   TestToolCallRoundtrip
--- PASS: TestToolCallRoundtrip (0.00s)
=== RUN   TestResultPreservesDeliveryAndReplayProvenance
=== RUN   TestResultPreservesDeliveryAndReplayProvenance/internal
=== RUN   TestResultPreservesDeliveryAndReplayProvenance/user
=== RUN   TestResultPreservesDeliveryAndReplayProvenance/model
--- PASS: TestResultPreservesDeliveryAndReplayProvenance (0.00s)
    --- PASS: TestResultPreservesDeliveryAndReplayProvenance/internal (0.00s)
    --- PASS: TestResultPreservesDeliveryAndReplayProvenance/user (0.00s)
    --- PASS: TestResultPreservesDeliveryAndReplayProvenance/model (0.00s)
=== RUN   TestRawResultMaterializesDeliveryBinding
--- PASS: TestRawResultMaterializesDeliveryBinding (0.00s)
=== RUN   TestSoftErrorClassificationRoundtrip
--- PASS: TestSoftErrorClassificationRoundtrip (0.00s)
=== RUN   TestUnsupportedExecutionStateFailsEncoding
=== RUN   TestUnsupportedExecutionStateFailsEncoding/progress
=== RUN   TestUnsupportedExecutionStateFailsEncoding/wrapped_error
=== RUN   TestUnsupportedExecutionStateFailsEncoding/cycle
=== RUN   TestUnsupportedExecutionStateFailsEncoding/inconsistent_envelope
=== RUN   TestUnsupportedExecutionStateFailsEncoding/control_event
=== RUN   TestUnsupportedExecutionStateFailsEncoding/typed_result
=== RUN   TestUnsupportedExecutionStateFailsEncoding/typed_nil
=== RUN   TestUnsupportedExecutionStateFailsEncoding/effects
=== RUN   TestUnsupportedExecutionStateFailsEncoding/envelope_result
=== RUN   TestUnsupportedExecutionStateFailsEncoding/custom_metadata
=== RUN   TestUnsupportedExecutionStateFailsEncoding/progress_event
=== RUN   TestUnsupportedExecutionStateFailsEncoding/controls
=== RUN   TestUnsupportedExecutionStateFailsEncoding/control
--- PASS: TestUnsupportedExecutionStateFailsEncoding (0.00s)
    --- PASS: TestUnsupportedExecutionStateFailsEncoding/progress (0.00s)
    --- PASS: TestUnsupportedExecutionStateFailsEncoding/wrapped_error (0.00s)
    --- PASS: TestUnsupportedExecutionStateFailsEncoding/cycle (0.00s)
    --- PASS: TestUnsupportedExecutionStateFailsEncoding/inconsistent_envelope (0.00s)
    --- PASS: TestUnsupportedExecutionStateFailsEncoding/control_event (0.00s)
    --- PASS: TestUnsupportedExecutionStateFailsEncoding/typed_result (0.00s)
    --- PASS: TestUnsupportedExecutionStateFailsEncoding/typed_nil (0.00s)
    --- PASS: TestUnsupportedExecutionStateFailsEncoding/effects (0.00s)
    --- PASS: TestUnsupportedExecutionStateFailsEncoding/envelope_result (0.00s)
    --- PASS: TestUnsupportedExecutionStateFailsEncoding/custom_metadata (0.00s)
    --- PASS: TestUnsupportedExecutionStateFailsEncoding/progress_event (0.00s)
    --- PASS: TestUnsupportedExecutionStateFailsEncoding/controls (0.00s)
    --- PASS: TestUnsupportedExecutionStateFailsEncoding/control (0.00s)
=== RUN   TestCallsRejectContextAndAttachments
=== RUN   TestCallsRejectContextAndAttachments/metadata
=== RUN   TestCallsRejectContextAndAttachments/subject
=== RUN   TestCallsRejectContextAndAttachments/scope
=== RUN   TestCallsRejectContextAndAttachments/values
=== RUN   TestCallsRejectContextAndAttachments/environment
=== RUN   TestCallsRejectContextAndAttachments/attachments
--- PASS: TestCallsRejectContextAndAttachments (0.00s)
    --- PASS: TestCallsRejectContextAndAttachments/metadata (0.00s)
    --- PASS: TestCallsRejectContextAndAttachments/subject (0.00s)
    --- PASS: TestCallsRejectContextAndAttachments/scope (0.00s)
    --- PASS: TestCallsRejectContextAndAttachments/values (0.00s)
    --- PASS: TestCallsRejectContextAndAttachments/environment (0.00s)
    --- PASS: TestCallsRejectContextAndAttachments/attachments (0.00s)
=== RUN   TestDecodingRejectsLossyAndAmbiguousRecords
=== RUN   TestDecodingRejectsLossyAndAmbiguousRecords/trailing_garbage
=== RUN   TestDecodingRejectsLossyAndAmbiguousRecords/missing_boolean
=== RUN   TestDecodingRejectsLossyAndAmbiguousRecords/duplicate_metadata
=== RUN   TestDecodingRejectsLossyAndAmbiguousRecords/v1
=== RUN   TestDecodingRejectsLossyAndAmbiguousRecords/missing_version
=== RUN   TestDecodingRejectsLossyAndAmbiguousRecords/unknown_audience
=== RUN   TestDecodingRejectsLossyAndAmbiguousRecords/duplicate_audience
=== RUN   TestDecodingRejectsLossyAndAmbiguousRecords/case_alias_audience
=== RUN   TestDecodingRejectsLossyAndAmbiguousRecords/unknown_field
=== RUN   TestDecodingRejectsLossyAndAmbiguousRecords/null_boolean
=== RUN   TestDecodingRejectsLossyAndAmbiguousRecords/null_envelope
=== RUN   TestDecodingRejectsLossyAndAmbiguousRecords/missing_audience
=== RUN   TestDecodingRejectsLossyAndAmbiguousRecords/null_audience
=== RUN   TestDecodingRejectsLossyAndAmbiguousRecords/trailing_document
--- PASS: TestDecodingRejectsLossyAndAmbiguousRecords (0.01s)
    --- PASS: TestDecodingRejectsLossyAndAmbiguousRecords/trailing_garbage (0.00s)
    --- PASS: TestDecodingRejectsLossyAndAmbiguousRecords/missing_boolean (0.00s)
    --- PASS: TestDecodingRejectsLossyAndAmbiguousRecords/duplicate_metadata (0.00s)
    --- PASS: TestDecodingRejectsLossyAndAmbiguousRecords/v1 (0.00s)
    --- PASS: TestDecodingRejectsLossyAndAmbiguousRecords/missing_version (0.00s)
    --- PASS: TestDecodingRejectsLossyAndAmbiguousRecords/unknown_audience (0.00s)
    --- PASS: TestDecodingRejectsLossyAndAmbiguousRecords/duplicate_audience (0.00s)
    --- PASS: TestDecodingRejectsLossyAndAmbiguousRecords/case_alias_audience (0.00s)
    --- PASS: TestDecodingRejectsLossyAndAmbiguousRecords/unknown_field (0.00s)
    --- PASS: TestDecodingRejectsLossyAndAmbiguousRecords/null_boolean (0.00s)
    --- PASS: TestDecodingRejectsLossyAndAmbiguousRecords/null_envelope (0.00s)
    --- PASS: TestDecodingRejectsLossyAndAmbiguousRecords/missing_audience (0.00s)
    --- PASS: TestDecodingRejectsLossyAndAmbiguousRecords/null_audience (0.00s)
    --- PASS: TestDecodingRejectsLossyAndAmbiguousRecords/trailing_document (0.00s)
=== RUN   TestToolCallStrictDecoding
--- PASS: TestToolCallStrictDecoding (0.00s)
PASS
ok  	github.com/skosovsky/toolsy/historycodec	2.361s
=== RUN   TestApply_ValidatorOnly
--- PASS: TestApply_ValidatorOnly (0.00s)
=== RUN   TestApplyWithEnvelope_ValidatorOnly
--- PASS: TestApplyWithEnvelope_ValidatorOnly (0.00s)
=== RUN   TestApplyWithEnvelope_FormatterError
--- PASS: TestApplyWithEnvelope_FormatterError (0.00s)
=== RUN   TestApplyWithEnvelope_NilEnvelopeUsesFormatter
--- PASS: TestApplyWithEnvelope_NilEnvelopeUsesFormatter (0.00s)
=== RUN   TestApplyWithEnvelope_ValidatorReject_ResultContract
--- PASS: TestApplyWithEnvelope_ValidatorReject_ResultContract (0.00s)
=== RUN   TestWireContentCap
--- PASS: TestWireContentCap (0.00s)
=== RUN   TestValidateWireJSON_BoundsAndValidity
--- PASS: TestValidateWireJSON_BoundsAndValidity (0.00s)
=== RUN   TestValidateWireJSON_Invalid
--- PASS: TestValidateWireJSON_Invalid (0.00s)
=== RUN   TestApplyWithEnvelope_MaxWireBytes
--- PASS: TestApplyWithEnvelope_MaxWireBytes (0.00s)
=== RUN   TestMarshalWireCap_RejectsOversizedWire
--- PASS: TestMarshalWireCap_RejectsOversizedWire (0.00s)
=== RUN   TestJSONResult_MarshalJSON_InvalidWire
--- PASS: TestJSONResult_MarshalJSON_InvalidWire (0.00s)
=== RUN   TestJSONResult_MarshalJSON_Nil
--- PASS: TestJSONResult_MarshalJSON_Nil (0.00s)
=== RUN   TestJSONResult_MarshalJSON_ValidPassthrough
--- PASS: TestJSONResult_MarshalJSON_ValidPassthrough (0.00s)
=== RUN   TestHostValidatorPreservesPostHandlerCause
--- PASS: TestHostValidatorPreservesPostHandlerCause (0.00s)
PASS
ok  	github.com/skosovsky/toolsy/internal/format	2.170s
=== RUN   TestDecodeRejectsRecursiveDuplicateKeys
--- PASS: TestDecodeRejectsRecursiveDuplicateKeys (0.00s)
=== RUN   TestCompileRejectsExcessiveSchemaDepth
--- PASS: TestCompileRejectsExcessiveSchemaDepth (0.00s)
=== RUN   TestCompileAcceptsBoundedLocalReferenceCycle
--- PASS: TestCompileAcceptsBoundedLocalReferenceCycle (0.00s)
=== RUN   TestCompileRejectsFanOutAboveNodeBudget
--- PASS: TestCompileRejectsFanOutAboveNodeBudget (0.01s)
PASS
ok  	github.com/skosovsky/toolsy/internal/jsonschemax	(cached)
=== RUN   TestPreparedArtifactsMatchCommittedVCS
--- PASS: TestPreparedArtifactsMatchCommittedVCS (2.36s)
=== RUN   TestReleasePrepareOnlyPreservesSource
--- PASS: TestReleasePrepareOnlyPreservesSource (1.76s)
=== RUN   TestReleaseRejectsTransformingAttributes
=== RUN   TestReleaseRejectsTransformingAttributes/export-ignore
=== RUN   TestReleaseRejectsTransformingAttributes/export-subst
=== RUN   TestReleaseRejectsTransformingAttributes/filter=fixture
=== RUN   TestReleaseRejectsTransformingAttributes/working-tree-encoding=UTF-8
=== RUN   TestReleaseRejectsTransformingAttributes/ident
=== RUN   TestReleaseRejectsTransformingAttributes/text
=== RUN   TestReleaseRejectsTransformingAttributes/eol=crlf
--- PASS: TestReleaseRejectsTransformingAttributes (6.84s)
    --- PASS: TestReleaseRejectsTransformingAttributes/export-ignore (0.86s)
    --- PASS: TestReleaseRejectsTransformingAttributes/export-subst (1.37s)
    --- PASS: TestReleaseRejectsTransformingAttributes/filter=fixture (0.93s)
    --- PASS: TestReleaseRejectsTransformingAttributes/working-tree-encoding=UTF-8 (1.04s)
    --- PASS: TestReleaseRejectsTransformingAttributes/ident (0.93s)
    --- PASS: TestReleaseRejectsTransformingAttributes/text (0.84s)
    --- PASS: TestReleaseRejectsTransformingAttributes/eol=crlf (0.87s)
=== RUN   TestReleaseRejectsGlobalTransformingAttributes
--- PASS: TestReleaseRejectsGlobalTransformingAttributes (0.72s)
=== RUN   TestReleaseAllowsMetadataAttributes
--- PASS: TestReleaseAllowsMetadataAttributes (1.50s)
=== RUN   TestCommandCancellationBoundsIgnoringProcessGroup
--- PASS: TestCommandCancellationBoundsIgnoringProcessGroup (2.10s)
=== RUN   TestPrivateConfigurationPreservesAuthAndDropsSelectors
--- PASS: TestPrivateConfigurationPreservesAuthAndDropsSelectors (0.00s)
=== RUN   TestSourceCRLFCheckoutIsPreserved
--- PASS: TestSourceCRLFCheckoutIsPreserved (2.20s)
=== RUN   TestReleaseFailurePreservesSource
=== RUN   TestReleaseFailurePreservesSource/verify
=== RUN   TestReleaseFailurePreservesSource/publish
=== RUN   TestReleaseFailurePreservesSource/tracked-dirty
=== RUN   TestReleaseFailurePreservesSource/incomplete-modules
--- PASS: TestReleaseFailurePreservesSource (6.72s)
    --- PASS: TestReleaseFailurePreservesSource/verify (2.05s)
    --- PASS: TestReleaseFailurePreservesSource/publish (3.13s)
    --- PASS: TestReleaseFailurePreservesSource/tracked-dirty (0.80s)
    --- PASS: TestReleaseFailurePreservesSource/incomplete-modules (0.74s)
=== RUN   TestReleaseCancelAtConfirmationPreservesSource
--- PASS: TestReleaseCancelAtConfirmationPreservesSource (1.94s)
=== RUN   TestReleaseExactArtifactGraph
--- PASS: TestReleaseExactArtifactGraph (2.42s)
=== RUN   TestPublicationScope
--- PASS: TestPublicationScope (2.16s)
=== RUN   TestPublicationFailures
=== RUN   TestPublicationFailures/local_collision
=== RUN   TestPublicationFailures/push_collision
=== RUN   TestPublicationFailures/reject_child
=== RUN   TestPublicationFailures/no_atomic
=== RUN   TestPublicationFailures/multiple_destinations
--- PASS: TestPublicationFailures (6.74s)
    --- PASS: TestPublicationFailures/local_collision (0.91s)
    --- PASS: TestPublicationFailures/push_collision (1.07s)
    --- PASS: TestPublicationFailures/reject_child (2.32s)
    --- PASS: TestPublicationFailures/no_atomic (1.80s)
    --- PASS: TestPublicationFailures/multiple_destinations (0.64s)
=== RUN   TestPublicationRechecksAfterPreparation
--- PASS: TestPublicationRechecksAfterPreparation (1.81s)
=== RUN   TestReleasePreservesUntrackedSource
--- PASS: TestReleasePreservesUntrackedSource (3.21s)
PASS
ok  	github.com/skosovsky/toolsy/internal/release	44.398s
=== RUN   TestCappedBuffer_WriteExceedsLimit
=== PAUSE TestCappedBuffer_WriteExceedsLimit
=== RUN   TestFinalizeOrInterrupt_TimeoutOverOverflow
=== PAUSE TestFinalizeOrInterrupt_TimeoutOverOverflow
=== RUN   TestFinalizeOrInterrupt_NonExitErrorWithOverflow
=== PAUSE TestFinalizeOrInterrupt_NonExitErrorWithOverflow
=== RUN   TestFinalizeOrInterrupt_CancelOverOverflow
=== PAUSE TestFinalizeOrInterrupt_CancelOverOverflow
=== RUN   TestFinishRun_ReadLimitWithGuestExit
=== PAUSE TestFinishRun_ReadLimitWithGuestExit
=== RUN   TestFinishRun_GuestExitWithoutInfrastructureFailure
=== PAUSE TestFinishRun_GuestExitWithoutInfrastructureFailure
=== RUN   TestFinishRun_StdoutOverflowExitZero
=== PAUSE TestFinishRun_StdoutOverflowExitZero
=== RUN   TestFinishRun_CollectionFailureCannotBecomeGuestExit
=== PAUSE TestFinishRun_CollectionFailureCannotBecomeGuestExit
=== RUN   TestWithCleanupError_PreservesPrimaryAndDiagnostic
=== PAUSE TestWithCleanupError_PreservesPrimaryAndDiagnostic
=== RUN   TestWithCleanupError_CompletedAndSuccessfulCleanup
=== PAUSE TestWithCleanupError_CompletedAndSuccessfulCleanup
=== RUN   TestWithCleanupError_SecondaryCancellationCannotChangePrimary
=== PAUSE TestWithCleanupError_SecondaryCancellationCannotChangePrimary
=== RUN   TestReadLimitSubjectAndMaxBytes
=== PAUSE TestReadLimitSubjectAndMaxBytes
=== RUN   TestRemoveWorkspace_PagesNestedFilesAndPreservesSymlinkDestination
=== PAUSE TestRemoveWorkspace_PagesNestedFilesAndPreservesSymlinkDestination
=== RUN   TestRemoveWorkspace_CanceledBeforeRemovalAndAbsentWorkspace
=== PAUSE TestRemoveWorkspace_CanceledBeforeRemovalAndAbsentWorkspace
=== RUN   TestRemoveWorkspace_RejectsReplacedRootSymlink
=== PAUSE TestRemoveWorkspace_RejectsReplacedRootSymlink
=== RUN   TestNormalizeRelativePath
=== RUN   TestNormalizeRelativePath/nested
=== RUN   TestNormalizeRelativePath/backslashes
=== RUN   TestNormalizeRelativePath/empty
=== RUN   TestNormalizeRelativePath/absolute
=== RUN   TestNormalizeRelativePath/windows_absolute_slash
=== RUN   TestNormalizeRelativePath/windows_absolute_backslash
=== RUN   TestNormalizeRelativePath/unc_slash
=== RUN   TestNormalizeRelativePath/unc_backslash
=== RUN   TestNormalizeRelativePath/traversal
=== RUN   TestNormalizeRelativePath/dot
--- PASS: TestNormalizeRelativePath (0.00s)
    --- PASS: TestNormalizeRelativePath/nested (0.00s)
    --- PASS: TestNormalizeRelativePath/backslashes (0.00s)
    --- PASS: TestNormalizeRelativePath/empty (0.00s)
    --- PASS: TestNormalizeRelativePath/absolute (0.00s)
    --- PASS: TestNormalizeRelativePath/windows_absolute_slash (0.00s)
    --- PASS: TestNormalizeRelativePath/windows_absolute_backslash (0.00s)
    --- PASS: TestNormalizeRelativePath/unc_slash (0.00s)
    --- PASS: TestNormalizeRelativePath/unc_backslash (0.00s)
    --- PASS: TestNormalizeRelativePath/traversal (0.00s)
    --- PASS: TestNormalizeRelativePath/dot (0.00s)
=== RUN   TestWriteWorkspace
--- PASS: TestWriteWorkspace (0.00s)
=== RUN   TestWriteWorkspaceRejectsTraversal
--- PASS: TestWriteWorkspaceRejectsTraversal (0.00s)
=== RUN   TestCanonicalizeFilesNormalizesPaths
--- PASS: TestCanonicalizeFilesNormalizesPaths (0.00s)
=== RUN   TestCanonicalizeFilesRejectsCollisionsAfterNormalization
--- PASS: TestCanonicalizeFilesRejectsCollisionsAfterNormalization (0.00s)
=== RUN   TestCanonicalizeFilesRejectsReservedPaths
--- PASS: TestCanonicalizeFilesRejectsReservedPaths (0.00s)
=== RUN   TestCanonicalizeFilesRejectsInvalidReservedPathWhenFilesEmpty
--- PASS: TestCanonicalizeFilesRejectsInvalidReservedPathWhenFilesEmpty (0.00s)
=== CONT  TestCappedBuffer_WriteExceedsLimit
--- PASS: TestCappedBuffer_WriteExceedsLimit (0.00s)
=== CONT  TestRemoveWorkspace_CanceledBeforeRemovalAndAbsentWorkspace
--- PASS: TestRemoveWorkspace_CanceledBeforeRemovalAndAbsentWorkspace (0.00s)
=== CONT  TestRemoveWorkspace_RejectsReplacedRootSymlink
=== CONT  TestFinishRun_StdoutOverflowExitZero
--- PASS: TestFinishRun_StdoutOverflowExitZero (0.00s)
=== CONT  TestRemoveWorkspace_PagesNestedFilesAndPreservesSymlinkDestination
=== CONT  TestReadLimitSubjectAndMaxBytes
--- PASS: TestReadLimitSubjectAndMaxBytes (0.00s)
=== CONT  TestWithCleanupError_SecondaryCancellationCannotChangePrimary
--- PASS: TestWithCleanupError_SecondaryCancellationCannotChangePrimary (0.00s)
=== CONT  TestWithCleanupError_CompletedAndSuccessfulCleanup
--- PASS: TestWithCleanupError_CompletedAndSuccessfulCleanup (0.00s)
=== CONT  TestFinalizeOrInterrupt_CancelOverOverflow
--- PASS: TestFinalizeOrInterrupt_CancelOverOverflow (0.00s)
=== CONT  TestFinishRun_ReadLimitWithGuestExit
--- PASS: TestFinishRun_ReadLimitWithGuestExit (0.00s)
=== CONT  TestFinishRun_GuestExitWithoutInfrastructureFailure
--- PASS: TestFinishRun_GuestExitWithoutInfrastructureFailure (0.00s)
=== CONT  TestFinalizeOrInterrupt_NonExitErrorWithOverflow
--- PASS: TestFinalizeOrInterrupt_NonExitErrorWithOverflow (0.00s)
=== CONT  TestFinalizeOrInterrupt_TimeoutOverOverflow
=== CONT  TestFinishRun_CollectionFailureCannotBecomeGuestExit
--- PASS: TestFinishRun_CollectionFailureCannotBecomeGuestExit (0.00s)
=== CONT  TestWithCleanupError_PreservesPrimaryAndDiagnostic
--- PASS: TestWithCleanupError_PreservesPrimaryAndDiagnostic (0.00s)
--- PASS: TestFinalizeOrInterrupt_TimeoutOverOverflow (0.00s)
--- PASS: TestRemoveWorkspace_RejectsReplacedRootSymlink (0.01s)
--- PASS: TestRemoveWorkspace_PagesNestedFilesAndPreservesSymlinkDestination (0.15s)
PASS
ok  	github.com/skosovsky/toolsy/internal/sandboxfs	2.349s
?   	github.com/skosovsky/toolsy/internal/sqlutil	[no test files]
?   	github.com/skosovsky/toolsy/internal/testhttp	[no test files]
=== RUN   TestGeneratorRejectsUnknownAndInapplicableKeywords
=== PAUSE TestGeneratorRejectsUnknownAndInapplicableKeywords
=== RUN   TestGeneratedSourceSchemaExecutionParity
--- PASS: TestGeneratedSourceSchemaExecutionParity (12.85s)
=== RUN   TestYAMLManifestPrecisionAndBounds
=== PAUSE TestYAMLManifestPrecisionAndBounds
=== RUN   TestGeneratorRejectsUnrepresentablePropertyNames
=== PAUSE TestGeneratorRejectsUnrepresentablePropertyNames
=== RUN   TestReadManifestFile_ExceedsLimit
=== PAUSE TestReadManifestFile_ExceedsLimit
=== RUN   TestReadFileLimitedFromDisk_StatPreCheck
=== PAUSE TestReadFileLimitedFromDisk_StatPreCheck
=== RUN   TestGenerate_RespectsMaxFileBytesConfig
=== PAUSE TestGenerate_RespectsMaxFileBytesConfig
=== RUN   TestReadFileLimitedFromDisk_CancelBeforeRead
=== PAUSE TestReadFileLimitedFromDisk_CancelBeforeRead
=== RUN   TestReadFileLimitedFromDisk_CancelOverStatSize
=== PAUSE TestReadFileLimitedFromDisk_CancelOverStatSize
=== RUN   TestReadFileLimited_CanceledAfterSuccessfulReadOverCap
=== PAUSE TestReadFileLimited_CanceledAfterSuccessfulReadOverCap
=== RUN   TestFinishGeneratorRead_InterruptInChainOverReadLimit
=== PAUSE TestFinishGeneratorRead_InterruptInChainOverReadLimit
=== RUN   TestWalkDirUsesInjectedReadDir
=== PAUSE TestWalkDirUsesInjectedReadDir
=== RUN   TestGenerateWithFSParityWithGenerate
=== PAUSE TestGenerateWithFSParityWithGenerate
=== RUN   TestDiscoverManifestsSortedAndSkipsHidden
=== PAUSE TestDiscoverManifestsSortedAndSkipsHidden
=== RUN   TestInferPackageNameMixedPackages
=== PAUSE TestInferPackageNameMixedPackages
=== RUN   TestLoadManifestValidationErrors
=== PAUSE TestLoadManifestValidationErrors
=== RUN   TestRenderManifestImportsAndPackageFallback
=== PAUSE TestRenderManifestImportsAndPackageFallback
=== RUN   TestRenderManifestRequiredPrimitiveAndArrayChecks
=== PAUSE TestRenderManifestRequiredPrimitiveAndArrayChecks
=== RUN   TestRenderManifestNonStreamNoAsyncWrapper
=== PAUSE TestRenderManifestNonStreamNoAsyncWrapper
=== RUN   TestValidateManifestSetDetectsCollisions
=== PAUSE TestValidateManifestSetDetectsCollisions
=== RUN   TestGenerateDetectsExistingSymbolCollision
=== PAUSE TestGenerateDetectsExistingSymbolCollision
=== RUN   TestCommitFilesAtomicallyRollsBackOnFailure
--- PASS: TestCommitFilesAtomicallyRollsBackOnFailure (0.00s)
=== RUN   TestToolsyGenEndToEnd
--- PASS: TestToolsyGenEndToEnd (10.46s)
=== RUN   TestGeneratedProxyBareReadLimitExceeded
=== PAUSE TestGeneratedProxyBareReadLimitExceeded
=== CONT  TestYAMLManifestPrecisionAndBounds
=== RUN   TestYAMLManifestPrecisionAndBounds/large_integer
=== PAUSE TestYAMLManifestPrecisionAndBounds/large_integer
=== CONT  TestGeneratedProxyBareReadLimitExceeded
--- PASS: TestGeneratedProxyBareReadLimitExceeded (0.00s)
=== CONT  TestGenerateDetectsExistingSymbolCollision
=== CONT  TestGenerateWithFSParityWithGenerate
=== CONT  TestInferPackageNameMixedPackages
=== CONT  TestRenderManifestNonStreamNoAsyncWrapper
=== CONT  TestRenderManifestImportsAndPackageFallback
=== CONT  TestRenderManifestRequiredPrimitiveAndArrayChecks
--- PASS: TestInferPackageNameMixedPackages (0.03s)
=== CONT  TestReadManifestFile_ExceedsLimit
--- PASS: TestGenerateWithFSParityWithGenerate (0.03s)
=== CONT  TestReadFileLimitedFromDisk_CancelBeforeRead
=== CONT  TestReadFileLimitedFromDisk_CancelOverStatSize
=== CONT  TestValidateManifestSetDetectsCollisions
--- PASS: TestValidateManifestSetDetectsCollisions (0.00s)
=== CONT  TestLoadManifestValidationErrors
=== RUN   TestLoadManifestValidationErrors/missing_property_description
=== PAUSE TestLoadManifestValidationErrors/missing_property_description
=== RUN   TestLoadManifestValidationErrors/nested_object
=== RUN   TestYAMLManifestPrecisionAndBounds/hex_integer
=== PAUSE TestYAMLManifestPrecisionAndBounds/hex_integer
--- PASS: TestReadManifestFile_ExceedsLimit (0.01s)
=== CONT  TestDiscoverManifestsSortedAndSkipsHidden
--- PASS: TestDiscoverManifestsSortedAndSkipsHidden (0.00s)
=== CONT  TestWalkDirUsesInjectedReadDir
--- PASS: TestWalkDirUsesInjectedReadDir (0.00s)
=== CONT  TestFinishGeneratorRead_InterruptInChainOverReadLimit
--- PASS: TestFinishGeneratorRead_InterruptInChainOverReadLimit (0.00s)
=== PAUSE TestLoadManifestValidationErrors/nested_object
=== RUN   TestYAMLManifestPrecisionAndBounds/decimal
=== PAUSE TestYAMLManifestPrecisionAndBounds/decimal
=== CONT  TestGeneratorRejectsUnknownAndInapplicableKeywords
=== RUN   TestGeneratorRejectsUnknownAndInapplicableKeywords/{"type":"string","description":"x","minimum":0}
=== RUN   TestLoadManifestValidationErrors/unsupported_anyOf
=== PAUSE TestLoadManifestValidationErrors/unsupported_anyOf
=== RUN   TestLoadManifestValidationErrors/unsupported_oneOf
=== RUN   TestYAMLManifestPrecisionAndBounds/alias
=== PAUSE TestYAMLManifestPrecisionAndBounds/alias
=== PAUSE TestGeneratorRejectsUnknownAndInapplicableKeywords/{"type":"string","description":"x","minimum":0}
=== RUN   TestGeneratorRejectsUnknownAndInapplicableKeywords/{"type":"integer","description":"x","x-ignored":true}
=== PAUSE TestLoadManifestValidationErrors/unsupported_oneOf
=== RUN   TestLoadManifestValidationErrors/unsupported_allOf
=== RUN   TestYAMLManifestPrecisionAndBounds/infinity
=== PAUSE TestGeneratorRejectsUnknownAndInapplicableKeywords/{"type":"integer","description":"x","x-ignored":true}
=== RUN   TestGeneratorRejectsUnknownAndInapplicableKeywords/{"type":"array","description":"x","items":{"type":"string","contentEncoding":"base64"}}
=== PAUSE TestLoadManifestValidationErrors/unsupported_allOf
=== RUN   TestLoadManifestValidationErrors/unsupported_not
=== PAUSE TestLoadManifestValidationErrors/unsupported_not
=== RUN   TestLoadManifestValidationErrors/unsupported_ref
=== PAUSE TestLoadManifestValidationErrors/unsupported_ref
=== RUN   TestLoadManifestValidationErrors/unsupported_patternProperties
=== PAUSE TestYAMLManifestPrecisionAndBounds/infinity
=== RUN   TestYAMLManifestPrecisionAndBounds/duplicate
=== PAUSE TestGeneratorRejectsUnknownAndInapplicableKeywords/{"type":"array","description":"x","items":{"type":"string","contentEncoding":"base64"}}
=== RUN   TestGeneratorRejectsUnknownAndInapplicableKeywords/{"type":["string","integer"],"description":"x"}
=== PAUSE TestGeneratorRejectsUnknownAndInapplicableKeywords/{"type":["string","integer"],"description":"x"}
=== PAUSE TestLoadManifestValidationErrors/unsupported_patternProperties
=== RUN   TestLoadManifestValidationErrors/nested_array
=== PAUSE TestYAMLManifestPrecisionAndBounds/duplicate
=== RUN   TestYAMLManifestPrecisionAndBounds/depth
=== PAUSE TestYAMLManifestPrecisionAndBounds/depth
=== RUN   TestGeneratorRejectsUnknownAndInapplicableKeywords/{"type":"object","description":"x","properties":{}}
=== PAUSE TestGeneratorRejectsUnknownAndInapplicableKeywords/{"type":"object","description":"x","properties":{}}
=== PAUSE TestLoadManifestValidationErrors/nested_array
=== CONT  TestReadFileLimitedFromDisk_StatPreCheck
=== RUN   TestLoadManifestValidationErrors/non_object_root
=== PAUSE TestLoadManifestValidationErrors/non_object_root
=== CONT  TestGeneratorRejectsUnrepresentablePropertyNames
=== RUN   TestGeneratorRejectsUnrepresentablePropertyNames/a,b
=== PAUSE TestGeneratorRejectsUnrepresentablePropertyNames/a,b
=== RUN   TestGeneratorRejectsUnrepresentablePropertyNames/a\b
=== CONT  TestGenerate_RespectsMaxFileBytesConfig
--- PASS: TestReadFileLimitedFromDisk_StatPreCheck (0.00s)
=== CONT  TestYAMLManifestPrecisionAndBounds/infinity
=== CONT  TestYAMLManifestPrecisionAndBounds/duplicate
=== CONT  TestGeneratorRejectsUnknownAndInapplicableKeywords/{"type":"string","description":"x","minimum":0}
--- PASS: TestReadFileLimitedFromDisk_CancelBeforeRead (0.03s)
=== CONT  TestYAMLManifestPrecisionAndBounds/alias
=== CONT  TestYAMLManifestPrecisionAndBounds/decimal
=== CONT  TestYAMLManifestPrecisionAndBounds/hex_integer
=== CONT  TestYAMLManifestPrecisionAndBounds/large_integer
=== CONT  TestYAMLManifestPrecisionAndBounds/depth
=== CONT  TestLoadManifestValidationErrors/missing_property_description
=== CONT  TestReadFileLimited_CanceledAfterSuccessfulReadOverCap
--- PASS: TestReadFileLimited_CanceledAfterSuccessfulReadOverCap (0.00s)
=== CONT  TestGeneratorRejectsUnknownAndInapplicableKeywords/{"type":["string","integer"],"description":"x"}
--- PASS: TestYAMLManifestPrecisionAndBounds (0.05s)
    --- PASS: TestYAMLManifestPrecisionAndBounds/infinity (0.00s)
    --- PASS: TestYAMLManifestPrecisionAndBounds/duplicate (0.00s)
    --- PASS: TestYAMLManifestPrecisionAndBounds/alias (0.00s)
    --- PASS: TestYAMLManifestPrecisionAndBounds/decimal (0.00s)
    --- PASS: TestYAMLManifestPrecisionAndBounds/hex_integer (0.00s)
    --- PASS: TestYAMLManifestPrecisionAndBounds/large_integer (0.03s)
    --- PASS: TestYAMLManifestPrecisionAndBounds/depth (0.00s)
=== CONT  TestGeneratorRejectsUnknownAndInapplicableKeywords/{"type":"array","description":"x","items":{"type":"string","contentEncoding":"base64"}}
=== PAUSE TestGeneratorRejectsUnrepresentablePropertyNames/a\b
=== RUN   TestGeneratorRejectsUnrepresentablePropertyNames/a_b
=== PAUSE TestGeneratorRejectsUnrepresentablePropertyNames/a_b
=== RUN   TestGeneratorRejectsUnrepresentablePropertyNames/a😀b
=== PAUSE TestGeneratorRejectsUnrepresentablePropertyNames/a😀b
=== RUN   TestGeneratorRejectsUnrepresentablePropertyNames/raw_json
=== PAUSE TestGeneratorRejectsUnrepresentablePropertyNames/raw_json
=== CONT  TestGeneratorRejectsUnknownAndInapplicableKeywords/{"type":"object","description":"x","properties":{}}
--- PASS: TestRenderManifestImportsAndPackageFallback (0.06s)
=== CONT  TestLoadManifestValidationErrors/non_object_root
=== CONT  TestLoadManifestValidationErrors/unsupported_patternProperties
--- PASS: TestGenerateDetectsExistingSymbolCollision (0.09s)
=== CONT  TestLoadManifestValidationErrors/unsupported_not
=== CONT  TestLoadManifestValidationErrors/unsupported_oneOf
--- PASS: TestReadFileLimitedFromDisk_CancelOverStatSize (0.06s)
=== CONT  TestLoadManifestValidationErrors/unsupported_allOf
=== CONT  TestLoadManifestValidationErrors/nested_object
=== CONT  TestGeneratorRejectsUnknownAndInapplicableKeywords/{"type":"integer","description":"x","x-ignored":true}
=== CONT  TestLoadManifestValidationErrors/unsupported_anyOf
--- PASS: TestRenderManifestRequiredPrimitiveAndArrayChecks (0.09s)
=== CONT  TestGeneratorRejectsUnrepresentablePropertyNames/a_b
=== CONT  TestGeneratorRejectsUnrepresentablePropertyNames/raw_json
=== CONT  TestGeneratorRejectsUnrepresentablePropertyNames/a😀b
=== CONT  TestLoadManifestValidationErrors/nested_array
=== CONT  TestLoadManifestValidationErrors/unsupported_ref
--- PASS: TestGeneratorRejectsUnknownAndInapplicableKeywords (0.01s)
    --- PASS: TestGeneratorRejectsUnknownAndInapplicableKeywords/{"type":"string","description":"x","minimum":0} (0.03s)
    --- PASS: TestGeneratorRejectsUnknownAndInapplicableKeywords/{"type":["string","integer"],"description":"x"} (0.00s)
    --- PASS: TestGeneratorRejectsUnknownAndInapplicableKeywords/{"type":"array","description":"x","items":{"type":"string","contentEncoding":"base64"}} (0.01s)
    --- PASS: TestGeneratorRejectsUnknownAndInapplicableKeywords/{"type":"integer","description":"x","x-ignored":true} (0.01s)
    --- PASS: TestGeneratorRejectsUnknownAndInapplicableKeywords/{"type":"object","description":"x","properties":{}} (0.04s)
=== CONT  TestGeneratorRejectsUnrepresentablePropertyNames/a\b
=== CONT  TestGeneratorRejectsUnrepresentablePropertyNames/a,b
--- PASS: TestRenderManifestNonStreamNoAsyncWrapper (0.10s)
--- PASS: TestLoadManifestValidationErrors (0.02s)
    --- PASS: TestLoadManifestValidationErrors/missing_property_description (0.00s)
    --- PASS: TestLoadManifestValidationErrors/unsupported_patternProperties (0.00s)
    --- PASS: TestLoadManifestValidationErrors/unsupported_not (0.00s)
    --- PASS: TestLoadManifestValidationErrors/unsupported_allOf (0.00s)
    --- PASS: TestLoadManifestValidationErrors/unsupported_anyOf (0.00s)
    --- PASS: TestLoadManifestValidationErrors/non_object_root (0.04s)
    --- PASS: TestLoadManifestValidationErrors/nested_array (0.00s)
    --- PASS: TestLoadManifestValidationErrors/unsupported_oneOf (0.04s)
    --- PASS: TestLoadManifestValidationErrors/unsupported_ref (0.01s)
    --- PASS: TestLoadManifestValidationErrors/nested_object (0.03s)
--- PASS: TestGeneratorRejectsUnrepresentablePropertyNames (0.03s)
    --- PASS: TestGeneratorRejectsUnrepresentablePropertyNames/a_b (0.00s)
    --- PASS: TestGeneratorRejectsUnrepresentablePropertyNames/a😀b (0.00s)
    --- PASS: TestGeneratorRejectsUnrepresentablePropertyNames/a,b (0.00s)
    --- PASS: TestGeneratorRejectsUnrepresentablePropertyNames/raw_json (0.00s)
    --- PASS: TestGeneratorRejectsUnrepresentablePropertyNames/a\b (0.01s)
--- PASS: TestGenerate_RespectsMaxFileBytesConfig (0.09s)
PASS
ok  	github.com/skosovsky/toolsy/internal/toolsygen	24.897s
=== RUN   TestMockTool
--- PASS: TestMockTool (0.00s)
=== RUN   TestNewTestRegistry
--- PASS: TestNewTestRegistry (0.00s)
PASS
ok  	github.com/skosovsky/toolsy/testutil	1.409s
=== RUN   TestReaderWithContext_CancellationIsBetweenReads
=== PAUSE TestReaderWithContext_CancellationIsBetweenReads
=== RUN   TestReaderWithContext_NilContextPreservesReader
=== PAUSE TestReaderWithContext_NilContextPreservesReader
=== RUN   TestReadLimitedBytes_CancelMidRead
--- PASS: TestReadLimitedBytes_CancelMidRead (0.04s)
=== RUN   TestTruncateStringUTF8
--- PASS: TestTruncateStringUTF8 (0.00s)
=== RUN   TestTruncateBytesByRunes
--- PASS: TestTruncateBytesByRunes (0.00s)
=== RUN   TestTruncateBytesToValidUTF8String
--- PASS: TestTruncateBytesToValidUTF8String (0.00s)
=== RUN   TestTruncateBytesToValidUTF8String_MultibyteUTF8
--- PASS: TestTruncateBytesToValidUTF8String_MultibyteUTF8 (0.00s)
=== RUN   TestReadAndTruncateValidUTF8_NonPositiveLimitWithData
--- PASS: TestReadAndTruncateValidUTF8_NonPositiveLimitWithData (0.00s)
=== RUN   TestReadLimitedBytes_WithinLimit
--- PASS: TestReadLimitedBytes_WithinLimit (0.00s)
=== RUN   TestReadLimitedBytes_ExceedsLimit
--- PASS: TestReadLimitedBytes_ExceedsLimit (0.00s)
=== RUN   TestReadLimitedBytes_ContextCanceled
--- PASS: TestReadLimitedBytes_ContextCanceled (0.00s)
=== RUN   TestReadLimitSubject_SandboxAndGenericFormats
=== PAUSE TestReadLimitSubject_SandboxAndGenericFormats
=== RUN   TestReadLimitMaxBytes_SandboxAndGenericFormats
=== PAUSE TestReadLimitMaxBytes_SandboxAndGenericFormats
=== RUN   TestReadLimitedBytes_InfiniteReader
--- PASS: TestReadLimitedBytes_InfiniteReader (0.05s)
=== RUN   TestReadLimitedBytes_InfiniteReaderBoundedAllocs
--- PASS: TestReadLimitedBytes_InfiniteReaderBoundedAllocs (0.05s)
=== RUN   TestReadLimitedBytes_InfiniteReaderStopsAtLimit
--- PASS: TestReadLimitedBytes_InfiniteReaderStopsAtLimit (0.01s)
=== RUN   TestReadLimitedBytes_DevZero
--- PASS: TestReadLimitedBytes_DevZero (0.02s)
=== RUN   TestReadLimitedBytes_NonPositiveLimit
--- PASS: TestReadLimitedBytes_NonPositiveLimit (0.00s)
=== RUN   TestReadAndTruncate_TruncatesUTF8
--- PASS: TestReadAndTruncate_TruncatesUTF8 (0.00s)
=== RUN   TestReadAndTruncate_MultibyteUTF8
--- PASS: TestReadAndTruncate_MultibyteUTF8 (0.00s)
=== RUN   TestReadAndTruncate_ExceedDoesNotReturnSentinel
--- PASS: TestReadAndTruncate_ExceedDoesNotReturnSentinel (0.00s)
=== RUN   TestIsReadLimitExceeded
--- PASS: TestIsReadLimitExceeded (0.00s)
=== RUN   TestReadLimitError_TypedParsing
=== PAUSE TestReadLimitError_TypedParsing
=== RUN   TestReadLimitedBytes_ReadError
--- PASS: TestReadLimitedBytes_ReadError (0.00s)
=== CONT  TestReadLimitSubject_SandboxAndGenericFormats
--- PASS: TestReadLimitSubject_SandboxAndGenericFormats (0.00s)
=== CONT  TestReadLimitError_TypedParsing
--- PASS: TestReadLimitError_TypedParsing (0.00s)
=== CONT  TestReadLimitMaxBytes_SandboxAndGenericFormats
=== CONT  TestReaderWithContext_NilContextPreservesReader
--- PASS: TestReadLimitMaxBytes_SandboxAndGenericFormats (0.00s)
--- PASS: TestReaderWithContext_NilContextPreservesReader (0.00s)
=== CONT  TestReaderWithContext_CancellationIsBetweenReads
--- PASS: TestReaderWithContext_CancellationIsBetweenReads (0.00s)
PASS
ok  	github.com/skosovsky/toolsy/textprocessor	(cached)
test - ./contracts/grpc
=== RUN   TestInvokeRPCRejectsOversizedResponse
--- PASS: TestInvokeRPCRejectsOversizedResponse (0.00s)
=== RUN   TestInvokeRPCRejectsOversizedResponseUTF8Safely
--- PASS: TestInvokeRPCRejectsOversizedResponseUTF8Safely (0.00s)
=== RUN   TestProjectionProtoJSONConformance
=== RUN   TestProjectionProtoJSONConformance/{"largeCount":"9223372036854775807","status":"READY"}
=== RUN   TestProjectionProtoJSONConformance/{"largeCount":"-9223372036854775808","status":123}
=== RUN   TestProjectionProtoJSONConformance/{"largeCount":"9223372036854775808"}
=== RUN   TestProjectionProtoJSONConformance/{"largeCount":"-9223372036854775809"}
=== RUN   TestProjectionProtoJSONConformance/{"status":"MISSING"}
=== RUN   TestProjectionProtoJSONConformance/{"extra":true}
--- PASS: TestProjectionProtoJSONConformance (0.00s)
    --- PASS: TestProjectionProtoJSONConformance/{"largeCount":"9223372036854775807","status":"READY"} (0.00s)
    --- PASS: TestProjectionProtoJSONConformance/{"largeCount":"-9223372036854775808","status":123} (0.00s)
    --- PASS: TestProjectionProtoJSONConformance/{"largeCount":"9223372036854775808"} (0.00s)
    --- PASS: TestProjectionProtoJSONConformance/{"largeCount":"-9223372036854775809"} (0.00s)
    --- PASS: TestProjectionProtoJSONConformance/{"status":"MISSING"} (0.00s)
    --- PASS: TestProjectionProtoJSONConformance/{"extra":true} (0.00s)
=== RUN   TestProjectionUnsupportedTypes
--- PASS: TestProjectionUnsupportedTypes (0.00s)
=== RUN   TestRecursiveDiscoveryBoundedSubprocess
--- PASS: TestRecursiveDiscoveryBoundedSubprocess (1.04s)
=== RUN   TestDiscoveryStreamingAndOutputContract
--- PASS: TestDiscoveryStreamingAndOutputContract (0.01s)
=== RUN   TestProjectionMapsSharedMessagesAndOneof
--- PASS: TestProjectionMapsSharedMessagesAndOneof (0.00s)
=== RUN   TestProjectionTraversalLimits
--- PASS: TestProjectionTraversalLimits (0.00s)
=== RUN   TestProjectionEnumExpansionBudget
=== RUN   TestProjectionEnumExpansionBudget/one_oversized_enum
=== RUN   TestProjectionEnumExpansionBudget/repeated_shared_enum
--- PASS: TestProjectionEnumExpansionBudget (0.01s)
    --- PASS: TestProjectionEnumExpansionBudget/one_oversized_enum (0.01s)
    --- PASS: TestProjectionEnumExpansionBudget/repeated_shared_enum (0.00s)
PASS
ok  	github.com/skosovsky/toolsy/contracts/grpc	2.881s
test - ./contracts/openapi
=== RUN   TestSourceProjectedSchemaParity
=== RUN   TestSourceProjectedSchemaParity/minimum
=== RUN   TestSourceProjectedSchemaParity/pattern
=== RUN   TestSourceProjectedSchemaParity/additionalProperties
=== RUN   TestSourceProjectedSchemaParity/composition
=== RUN   TestSourceProjectedSchemaParity/nullable
=== RUN   TestSourceProjectedSchemaParity/array
--- PASS: TestSourceProjectedSchemaParity (0.01s)
    --- PASS: TestSourceProjectedSchemaParity/minimum (0.00s)
    --- PASS: TestSourceProjectedSchemaParity/pattern (0.00s)
    --- PASS: TestSourceProjectedSchemaParity/additionalProperties (0.00s)
    --- PASS: TestSourceProjectedSchemaParity/composition (0.00s)
    --- PASS: TestSourceProjectedSchemaParity/nullable (0.00s)
    --- PASS: TestSourceProjectedSchemaParity/array (0.00s)
=== RUN   TestDiscoveryTransportLocationsAndArrayBody
--- PASS: TestDiscoveryTransportLocationsAndArrayBody (0.01s)
=== RUN   TestUnsupportedContractsFailBeforePublication
--- PASS: TestUnsupportedContractsFailBeforePublication (0.01s)
=== RUN   TestRecursiveDiscoveryBoundedSubprocess
--- PASS: TestRecursiveDiscoveryBoundedSubprocess (1.04s)
=== RUN   TestRepeatedReferencesAndStableNaming
--- PASS: TestRepeatedReferencesAndStableNaming (0.01s)
=== RUN   TestServerPrecedenceAndRelativeURL
=== RUN   TestServerPrecedenceAndRelativeURL/root
=== RUN   TestServerPrecedenceAndRelativeURL/path
=== RUN   TestServerPrecedenceAndRelativeURL/operation
--- PASS: TestServerPrecedenceAndRelativeURL (0.01s)
    --- PASS: TestServerPrecedenceAndRelativeURL/root (0.00s)
    --- PASS: TestServerPrecedenceAndRelativeURL/path (0.00s)
    --- PASS: TestServerPrecedenceAndRelativeURL/operation (0.00s)
=== RUN   TestNamingNaturalHashCollision
--- PASS: TestNamingNaturalHashCollision (0.00s)
=== RUN   TestPathExtensionDiscovery
--- PASS: TestPathExtensionDiscovery (0.00s)
=== RUN   TestSuccessfulResponseContract
=== RUN   TestSuccessfulResponseContract/valid
=== RUN   TestSuccessfulResponseContract/invalid-constraint
=== RUN   TestSuccessfulResponseContract/invalid-json
=== RUN   TestSuccessfulResponseContract/missing-json-body
=== RUN   TestSuccessfulResponseContract/wrong-media-type
=== RUN   TestSuccessfulResponseContract/undeclared-status
--- PASS: TestSuccessfulResponseContract (0.03s)
    --- PASS: TestSuccessfulResponseContract/valid (0.00s)
    --- PASS: TestSuccessfulResponseContract/invalid-constraint (0.01s)
    --- PASS: TestSuccessfulResponseContract/invalid-json (0.00s)
    --- PASS: TestSuccessfulResponseContract/missing-json-body (0.00s)
    --- PASS: TestSuccessfulResponseContract/wrong-media-type (0.00s)
    --- PASS: TestSuccessfulResponseContract/undeclared-status (0.00s)
=== RUN   TestSimpleExpansionEncodesReservedBytes
--- PASS: TestSimpleExpansionEncodesReservedBytes (0.00s)
=== RUN   TestRepeatedLiteralExpansionBounded
--- PASS: TestRepeatedLiteralExpansionBounded (0.00s)
=== RUN   TestDiscoveryNamingNaturalHashCollision
--- PASS: TestDiscoveryNamingNaturalHashCollision (0.00s)
=== RUN   TestEmptyDeclaredResponseIgnoresMediaType
--- PASS: TestEmptyDeclaredResponseIgnoresMediaType (0.01s)
=== RUN   TestEmptyQueryArraysUseUndefinedExpansion
--- PASS: TestEmptyQueryArraysUseUndefinedExpansion (0.00s)
=== RUN   TestRequestBodyUnsupportedMethods
--- PASS: TestRequestBodyUnsupportedMethods (0.01s)
=== RUN   TestTraceDiscoveryRejected
--- PASS: TestTraceDiscoveryRejected (0.00s)
=== RUN   TestExecuteRejectsOversizedResponse
=== RUN   TestExecuteRejectsOversizedResponse/text/plain
=== RUN   TestExecuteRejectsOversizedResponse/application/json
--- PASS: TestExecuteRejectsOversizedResponse (0.00s)
    --- PASS: TestExecuteRejectsOversizedResponse/text/plain (0.00s)
    --- PASS: TestExecuteRejectsOversizedResponse/application/json (0.00s)
=== RUN   TestExecuteNonSuccessStatus
--- PASS: TestExecuteNonSuccessStatus (0.00s)
=== RUN   TestParseURL_ExceedsSpecSizeLimit
--- PASS: TestParseURL_ExceedsSpecSizeLimit (0.10s)
=== RUN   TestParseURL_CancelOverReadLimit_InterruptWins
--- PASS: TestParseURL_CancelOverReadLimit_InterruptWins (0.00s)
=== RUN   TestParseURL_InterruptInChainOverReadLimit_InterruptWins
--- PASS: TestParseURL_InterruptInChainOverReadLimit_InterruptWins (0.00s)
=== RUN   TestParseURL_Non2xxStatus
--- PASS: TestParseURL_Non2xxStatus (0.00s)
=== RUN   TestPublicOpenAPIPoolReuseAndCleanup
--- PASS: TestPublicOpenAPIPoolReuseAndCleanup (0.11s)
=== RUN   TestPublicToolRedirectContract
=== RUN   TestPublicToolRedirectContract/get/301/same=false
=== RUN   TestPublicToolRedirectContract/get/301/same=true
=== RUN   TestPublicToolRedirectContract/get/302/same=false
=== RUN   TestPublicToolRedirectContract/get/302/same=true
=== RUN   TestPublicToolRedirectContract/get/303/same=false
=== RUN   TestPublicToolRedirectContract/get/303/same=true
=== RUN   TestPublicToolRedirectContract/get/307/same=false
=== RUN   TestPublicToolRedirectContract/get/307/same=true
=== RUN   TestPublicToolRedirectContract/get/308/same=false
=== RUN   TestPublicToolRedirectContract/get/308/same=true
=== RUN   TestPublicToolRedirectContract/post/301/same=false
=== RUN   TestPublicToolRedirectContract/post/301/same=true
=== RUN   TestPublicToolRedirectContract/post/302/same=false
=== RUN   TestPublicToolRedirectContract/post/302/same=true
=== RUN   TestPublicToolRedirectContract/post/303/same=false
=== RUN   TestPublicToolRedirectContract/post/303/same=true
=== RUN   TestPublicToolRedirectContract/post/307/same=false
=== RUN   TestPublicToolRedirectContract/post/307/same=true
=== RUN   TestPublicToolRedirectContract/post/308/same=false
=== RUN   TestPublicToolRedirectContract/post/308/same=true
--- PASS: TestPublicToolRedirectContract (0.28s)
    --- PASS: TestPublicToolRedirectContract/get/301/same=false (0.01s)
    --- PASS: TestPublicToolRedirectContract/get/301/same=true (0.02s)
    --- PASS: TestPublicToolRedirectContract/get/302/same=false (0.02s)
    --- PASS: TestPublicToolRedirectContract/get/302/same=true (0.03s)
    --- PASS: TestPublicToolRedirectContract/get/303/same=false (0.01s)
    --- PASS: TestPublicToolRedirectContract/get/303/same=true (0.02s)
    --- PASS: TestPublicToolRedirectContract/get/307/same=false (0.04s)
    --- PASS: TestPublicToolRedirectContract/get/307/same=true (0.01s)
    --- PASS: TestPublicToolRedirectContract/get/308/same=false (0.01s)
    --- PASS: TestPublicToolRedirectContract/get/308/same=true (0.01s)
    --- PASS: TestPublicToolRedirectContract/post/301/same=false (0.00s)
    --- PASS: TestPublicToolRedirectContract/post/301/same=true (0.00s)
    --- PASS: TestPublicToolRedirectContract/post/302/same=false (0.00s)
    --- PASS: TestPublicToolRedirectContract/post/302/same=true (0.00s)
    --- PASS: TestPublicToolRedirectContract/post/303/same=false (0.03s)
    --- PASS: TestPublicToolRedirectContract/post/303/same=true (0.00s)
    --- PASS: TestPublicToolRedirectContract/post/307/same=false (0.00s)
    --- PASS: TestPublicToolRedirectContract/post/307/same=true (0.00s)
    --- PASS: TestPublicToolRedirectContract/post/308/same=false (0.03s)
    --- PASS: TestPublicToolRedirectContract/post/308/same=true (0.02s)
PASS
ok  	github.com/skosovsky/toolsy/contracts/openapi	3.438s
test - ./contracts/graphql
=== RUN   TestProtocolConformance
--- PASS: TestProtocolConformance (0.02s)
=== RUN   TestUnsupportedAndBoundedProjection
--- PASS: TestUnsupportedAndBoundedProjection (0.01s)
=== RUN   TestExecutionFailsClosed
--- PASS: TestExecutionFailsClosed (0.00s)
=== RUN   TestListNullabilityContract
--- PASS: TestListNullabilityContract (0.00s)
=== RUN   TestIntegralJSONSourceCoercion
--- PASS: TestIntegralJSONSourceCoercion (0.00s)
=== RUN   TestPostIntrospection_ExceedsResponseLimit
--- PASS: TestPostIntrospection_ExceedsResponseLimit (0.00s)
=== RUN   TestPostIntrospection_CancelOverReadLimit_InterruptWins
--- PASS: TestPostIntrospection_CancelOverReadLimit_InterruptWins (0.00s)
=== RUN   TestPostIntrospection_InterruptInChainOverReadLimit_InterruptWins
--- PASS: TestPostIntrospection_InterruptInChainOverReadLimit_InterruptWins (0.00s)
=== RUN   TestPostIntrospection_Non2xxStatus
--- PASS: TestPostIntrospection_Non2xxStatus (0.00s)
=== RUN   TestExecuteGraphQL_Non2xxStatus
--- PASS: TestExecuteGraphQL_Non2xxStatus (0.00s)
=== RUN   TestPublicGraphQLPoolReuseAndCleanup
--- PASS: TestPublicGraphQLPoolReuseAndCleanup (0.02s)
=== RUN   TestPublicToolRejectsRedirects
=== RUN   TestPublicToolRejectsRedirects/301/same=false
=== RUN   TestPublicToolRejectsRedirects/301/same=true
=== RUN   TestPublicToolRejectsRedirects/302/same=false
=== RUN   TestPublicToolRejectsRedirects/302/same=true
=== RUN   TestPublicToolRejectsRedirects/303/same=false
=== RUN   TestPublicToolRejectsRedirects/303/same=true
=== RUN   TestPublicToolRejectsRedirects/307/same=false
=== RUN   TestPublicToolRejectsRedirects/307/same=true
=== RUN   TestPublicToolRejectsRedirects/308/same=false
=== RUN   TestPublicToolRejectsRedirects/308/same=true
--- PASS: TestPublicToolRejectsRedirects (0.08s)
    --- PASS: TestPublicToolRejectsRedirects/301/same=false (0.01s)
    --- PASS: TestPublicToolRejectsRedirects/301/same=true (0.01s)
    --- PASS: TestPublicToolRejectsRedirects/302/same=false (0.01s)
    --- PASS: TestPublicToolRejectsRedirects/302/same=true (0.01s)
    --- PASS: TestPublicToolRejectsRedirects/303/same=false (0.01s)
    --- PASS: TestPublicToolRejectsRedirects/303/same=true (0.01s)
    --- PASS: TestPublicToolRejectsRedirects/307/same=false (0.01s)
    --- PASS: TestPublicToolRejectsRedirects/307/same=true (0.01s)
    --- PASS: TestPublicToolRejectsRedirects/308/same=false (0.01s)
    --- PASS: TestPublicToolRejectsRedirects/308/same=true (0.01s)
=== RUN   TestPublicIntrospectionRejectsRedirect
--- PASS: TestPublicIntrospectionRejectsRedirect (0.00s)
PASS
ok  	github.com/skosovsky/toolsy/contracts/graphql	1.764s
test - ./ext/toolsyotel
=== RUN   TestContentPolicy_AllPayloadPaths
=== RUN   TestContentPolicy_AllPayloadPaths/result/capture=false
=== RUN   TestContentPolicy_AllPayloadPaths/result/capture=true
=== RUN   TestContentPolicy_AllPayloadPaths/soft/capture=false
=== RUN   TestContentPolicy_AllPayloadPaths/soft/capture=true
=== RUN   TestContentPolicy_AllPayloadPaths/hard/capture=false
=== RUN   TestContentPolicy_AllPayloadPaths/hard/capture=true
=== RUN   TestContentPolicy_AllPayloadPaths/panic/capture=false
=== RUN   TestContentPolicy_AllPayloadPaths/panic/capture=true
=== RUN   TestContentPolicy_AllPayloadPaths/semantic/capture=false
=== RUN   TestContentPolicy_AllPayloadPaths/semantic/capture=true
--- PASS: TestContentPolicy_AllPayloadPaths (0.00s)
    --- PASS: TestContentPolicy_AllPayloadPaths/result/capture=false (0.00s)
    --- PASS: TestContentPolicy_AllPayloadPaths/result/capture=true (0.00s)
    --- PASS: TestContentPolicy_AllPayloadPaths/soft/capture=false (0.00s)
    --- PASS: TestContentPolicy_AllPayloadPaths/soft/capture=true (0.00s)
    --- PASS: TestContentPolicy_AllPayloadPaths/hard/capture=false (0.00s)
    --- PASS: TestContentPolicy_AllPayloadPaths/hard/capture=true (0.00s)
    --- PASS: TestContentPolicy_AllPayloadPaths/panic/capture=false (0.00s)
    --- PASS: TestContentPolicy_AllPayloadPaths/panic/capture=true (0.00s)
    --- PASS: TestContentPolicy_AllPayloadPaths/semantic/capture=false (0.00s)
    --- PASS: TestContentPolicy_AllPayloadPaths/semantic/capture=true (0.00s)
=== RUN   TestContentPolicy_RedactionPrecedesExactCap
=== RUN   TestContentPolicy_RedactionPrecedesExactCap/result
=== RUN   TestContentPolicy_RedactionPrecedesExactCap/soft
=== RUN   TestContentPolicy_RedactionPrecedesExactCap/hard
=== RUN   TestContentPolicy_RedactionPrecedesExactCap/panic
=== RUN   TestContentPolicy_RedactionPrecedesExactCap/semantic
--- PASS: TestContentPolicy_RedactionPrecedesExactCap (0.00s)
    --- PASS: TestContentPolicy_RedactionPrecedesExactCap/result (0.00s)
    --- PASS: TestContentPolicy_RedactionPrecedesExactCap/soft (0.00s)
    --- PASS: TestContentPolicy_RedactionPrecedesExactCap/hard (0.00s)
    --- PASS: TestContentPolicy_RedactionPrecedesExactCap/panic (0.00s)
    --- PASS: TestContentPolicy_RedactionPrecedesExactCap/semantic (0.00s)
=== RUN   TestContentPolicy_RedactorPanicFailsClosed
--- PASS: TestContentPolicy_RedactorPanicFailsClosed (0.00s)
=== RUN   TestWithTracing_SetsSpanNameAndAttributes
--- PASS: TestWithTracing_SetsSpanNameAndAttributes (0.00s)
=== RUN   TestWithTracing_ErrorMarksSpan
--- PASS: TestWithTracing_ErrorMarksSpan (0.00s)
=== RUN   TestWithTracing_ControlPauseIsNeutral
--- PASS: TestWithTracing_ControlPauseIsNeutral (0.00s)
=== RUN   TestWithTracing_StreamAbortedIsNeutral
--- PASS: TestWithTracing_StreamAbortedIsNeutral (0.00s)
=== RUN   TestWithTracing_SoftErrorChunkMarksSpan
--- PASS: TestWithTracing_SoftErrorChunkMarksSpan (0.00s)
=== RUN   TestWithTracing_SoftErrorChunkViaRegistry
--- PASS: TestWithTracing_SoftErrorChunkViaRegistry (0.00s)
=== RUN   TestMiddleware_ContentCapture_SoftErrorLegacyTextViaRegistry
--- PASS: TestMiddleware_ContentCapture_SoftErrorLegacyTextViaRegistry (0.00s)
=== RUN   TestMiddleware_ContentCapture_DisabledDefault_ErrorPath
--- PASS: TestMiddleware_ContentCapture_DisabledDefault_ErrorPath (0.00s)
=== RUN   TestMiddleware_ContentCapture_YieldErrorSkipsUndeliveredChunk
--- PASS: TestMiddleware_ContentCapture_YieldErrorSkipsUndeliveredChunk (0.00s)
=== RUN   TestMiddleware_ContentCapture_DisabledDefault
--- PASS: TestMiddleware_ContentCapture_DisabledDefault (0.00s)
=== RUN   TestMiddleware_ContentCapture_AlwaysSetsOperationAttrs
--- PASS: TestMiddleware_ContentCapture_AlwaysSetsOperationAttrs (0.00s)
=== RUN   TestMiddleware_ContentCapture_Enabled
--- PASS: TestMiddleware_ContentCapture_Enabled (0.00s)
=== RUN   TestMiddleware_ContentCapture_Truncation
--- PASS: TestMiddleware_ContentCapture_Truncation (0.00s)
=== RUN   TestMiddleware_ContentCapture_ErrorOutput
--- PASS: TestMiddleware_ContentCapture_ErrorOutput (0.00s)
=== RUN   TestWithTracing_AsyncToolViaRegistry_SpanEndsAfterBackground
--- PASS: TestWithTracing_AsyncToolViaRegistry_SpanEndsAfterBackground (0.02s)
=== RUN   TestWithTracing_NestedAsyncTool_FailsRegistryBuild
--- PASS: TestWithTracing_NestedAsyncTool_FailsRegistryBuild (0.00s)
=== RUN   TestTruncatePayload_NoTruncation
=== PAUSE TestTruncatePayload_NoTruncation
=== RUN   TestTruncatePayload_TruncatesWithSuffix
=== PAUSE TestTruncatePayload_TruncatesWithSuffix
=== RUN   TestPayloadAccumulator_AppendsAndTruncates
=== PAUSE TestPayloadAccumulator_AppendsAndTruncates
=== RUN   TestPayloadLimits_ExactBytesWithMultibyteAndTinyBudgets
=== PAUSE TestPayloadLimits_ExactBytesWithMultibyteAndTinyBudgets
=== RUN   TestRecordSemanticTruncation_EmitsSpanWithAttributes
--- PASS: TestRecordSemanticTruncation_EmitsSpanWithAttributes (0.00s)
=== RUN   TestRecordSemanticTruncation_MarksSpanErrorOnSummarizerFailure
--- PASS: TestRecordSemanticTruncation_MarksSpanErrorOnSummarizerFailure (0.00s)
=== RUN   TestRecordSemanticTruncation_RecordsExecError
--- PASS: TestRecordSemanticTruncation_RecordsExecError (0.00s)
=== RUN   TestRecordSemanticTruncation_UsesDefaultTracerProvider
--- PASS: TestRecordSemanticTruncation_UsesDefaultTracerProvider (0.00s)
=== CONT  TestTruncatePayload_NoTruncation
=== CONT  TestTruncatePayload_TruncatesWithSuffix
--- PASS: TestTruncatePayload_NoTruncation (0.00s)
=== CONT  TestPayloadAccumulator_AppendsAndTruncates
--- PASS: TestTruncatePayload_TruncatesWithSuffix (0.00s)
=== CONT  TestPayloadLimits_ExactBytesWithMultibyteAndTinyBudgets
--- PASS: TestPayloadAccumulator_AppendsAndTruncates (0.00s)
--- PASS: TestPayloadLimits_ExactBytesWithMultibyteAndTinyBudgets (0.00s)
PASS
ok  	github.com/skosovsky/toolsy/ext/toolsyotel	1.487s
test - ./agents
=== RUN   TestCreateTask_Accepts202Accepted
--- PASS: TestCreateTask_Accepts202Accepted (0.00s)
=== RUN   TestCancelTask_Accepts204NoContent
--- PASS: TestCancelTask_Accepts204NoContent (0.00s)
=== RUN   TestCreateTask_Non2xxStatus
--- PASS: TestCreateTask_Non2xxStatus (0.00s)
=== RUN   TestCancelTask_Non2xxStatus
--- PASS: TestCancelTask_Non2xxStatus (0.00s)
=== RUN   TestCreateTask_ExceedsResponseLimit
--- PASS: TestCreateTask_ExceedsResponseLimit (0.00s)
=== RUN   TestStreamStepsOnce_Non2xxStatus
--- PASS: TestStreamStepsOnce_Non2xxStatus (0.00s)
=== RUN   TestCreateTask_CancelOverResponseLimit
=== PAUSE TestCreateTask_CancelOverResponseLimit
=== RUN   TestMapCreateTaskReadError_InterruptInChainOverReadLimit
=== PAUSE TestMapCreateTaskReadError_InterruptInChainOverReadLimit
=== RUN   TestFormatStepOutput
=== RUN   TestFormatStepOutput/text_only
=== RUN   TestFormatStepOutput/text_and_artifact_with_data_URI
=== RUN   TestFormatStepOutput/artifact_default_MimeType
=== RUN   TestFormatStepOutput/artifact_default_FileName
=== RUN   TestFormatStepOutput/artifact_without_data_outputs_filename_only
=== RUN   TestFormatStepOutput/multiple_artifacts
--- PASS: TestFormatStepOutput (0.00s)
    --- PASS: TestFormatStepOutput/text_only (0.00s)
    --- PASS: TestFormatStepOutput/text_and_artifact_with_data_URI (0.00s)
    --- PASS: TestFormatStepOutput/artifact_default_MimeType (0.00s)
    --- PASS: TestFormatStepOutput/artifact_default_FileName (0.00s)
    --- PASS: TestFormatStepOutput/artifact_without_data_outputs_filename_only (0.00s)
    --- PASS: TestFormatStepOutput/multiple_artifacts (0.00s)
=== RUN   TestFormatStepOutput_TruncatesOversizedOutput
=== PAUSE TestFormatStepOutput_TruncatesOversizedOutput
=== RUN   TestAsTool_CancelTaskUsesBoundedContext
--- PASS: TestAsTool_CancelTaskUsesBoundedContext (0.00s)
=== RUN   TestAsTool_StreamLimit_MapsValidationWithBytes
--- PASS: TestAsTool_StreamLimit_MapsValidationWithBytes (0.00s)
=== RUN   TestAsTool_StreamSteps_CancelOverReadLimit_InterruptWins
--- PASS: TestAsTool_StreamSteps_CancelOverReadLimit_InterruptWins (0.00s)
=== RUN   TestAsTool_CreateTaskResponseLimit_MapsValidation
--- PASS: TestAsTool_CreateTaskResponseLimit_MapsValidation (0.00s)
=== RUN   TestAsTool_StreamSteps_TimeoutOverReadLimit_InterruptWins
=== PAUSE TestAsTool_StreamSteps_TimeoutOverReadLimit_InterruptWins
=== RUN   TestHTTPSettingsApplyTimeoutAndSafeTransport
--- PASS: TestHTTPSettingsApplyTimeoutAndSafeTransport (0.00s)
=== RUN   TestHTTPSettingsBlockPrivateIPDial
--- PASS: TestHTTPSettingsBlockPrivateIPDial (0.00s)
=== RUN   TestPinnedNormativeStatusFixture
--- PASS: TestPinnedNormativeStatusFixture (0.01s)
=== RUN   TestDelegateTerminalOutcomes
=== RUN   TestDelegateTerminalOutcomes/normative_success
=== RUN   TestDelegateTerminalOutcomes/extension_failure
=== RUN   TestDelegateTerminalOutcomes/extension_cancellation
=== RUN   TestDelegateTerminalOutcomes/unknown_vocabulary
=== RUN   TestDelegateTerminalOutcomes/running_last_mismatch
=== RUN   TestDelegateTerminalOutcomes/created_last_mismatch
=== RUN   TestDelegateTerminalOutcomes/failure_missing_terminal
=== RUN   TestDelegateTerminalOutcomes/completed_partial
--- PASS: TestDelegateTerminalOutcomes (0.02s)
    --- PASS: TestDelegateTerminalOutcomes/normative_success (0.00s)
    --- PASS: TestDelegateTerminalOutcomes/extension_failure (0.00s)
    --- PASS: TestDelegateTerminalOutcomes/extension_cancellation (0.00s)
    --- PASS: TestDelegateTerminalOutcomes/unknown_vocabulary (0.00s)
    --- PASS: TestDelegateTerminalOutcomes/running_last_mismatch (0.00s)
    --- PASS: TestDelegateTerminalOutcomes/created_last_mismatch (0.00s)
    --- PASS: TestDelegateTerminalOutcomes/failure_missing_terminal (0.00s)
    --- PASS: TestDelegateTerminalOutcomes/completed_partial (0.00s)
=== RUN   TestDelegateEOFAndAcceptedReference
--- PASS: TestDelegateEOFAndAcceptedReference (0.00s)
=== RUN   TestCreateCollectionUnknown
=== RUN   TestCreateCollectionUnknown/{"task_id":"t"}
=== RUN   TestCreateCollectionUnknown/{"task":{"task_id":"t","artifacts":[]}}
=== RUN   TestCreateCollectionUnknown/invalid
--- PASS: TestCreateCollectionUnknown (0.00s)
    --- PASS: TestCreateCollectionUnknown/{"task_id":"t"} (0.00s)
    --- PASS: TestCreateCollectionUnknown/{"task":{"task_id":"t","artifacts":[]}} (0.00s)
    --- PASS: TestCreateCollectionUnknown/invalid (0.00s)
=== RUN   TestDelegatePostCreationTimeoutPreservesReference
--- PASS: TestDelegatePostCreationTimeoutPreservesReference (0.03s)
=== RUN   TestDelegateConsumerAbortIsPreserved
--- PASS: TestDelegateConsumerAbortIsPreserved (0.00s)
=== RUN   TestPostCreationCredentialTimeoutIsNotRetryable
--- PASS: TestPostCreationCredentialTimeoutIsNotRetryable (0.00s)
=== RUN   TestDuplicateWireFieldsCannotFabricateCompletion
=== RUN   TestDuplicateWireFieldsCannotFabricateCompletion/{"task_id":"t","step_id":"s","artifacts":[],"is_last":true,"status":"failed","Status":"completed"}
=== RUN   TestDuplicateWireFieldsCannotFabricateCompletion/{"task_id":"t","step_id":"s","artifacts":[],"is_last":true,"status":"failed","status":"completed"}
=== RUN   TestDuplicateWireFieldsCannotFabricateCompletion/{"task_id":"other","task_id":"t","step_id":"s","artifacts":[],"is_last":true,"status":"completed"}
=== RUN   TestDuplicateWireFieldsCannotFabricateCompletion/{"task_id":"t","step_id":"s","artifacts":[],"is_last":false,"is_last":true,"status":"completed"}
--- PASS: TestDuplicateWireFieldsCannotFabricateCompletion (0.00s)
    --- PASS: TestDuplicateWireFieldsCannotFabricateCompletion/{"task_id":"t","step_id":"s","artifacts":[],"is_last":true,"status":"failed","Status":"completed"} (0.00s)
    --- PASS: TestDuplicateWireFieldsCannotFabricateCompletion/{"task_id":"t","step_id":"s","artifacts":[],"is_last":true,"status":"failed","status":"completed"} (0.00s)
    --- PASS: TestDuplicateWireFieldsCannotFabricateCompletion/{"task_id":"other","task_id":"t","step_id":"s","artifacts":[],"is_last":true,"status":"completed"} (0.00s)
    --- PASS: TestDuplicateWireFieldsCannotFabricateCompletion/{"task_id":"t","step_id":"s","artifacts":[],"is_last":false,"is_last":true,"status":"completed"} (0.00s)
=== RUN   TestPinnedNormativeEnvelopeFixtures
--- PASS: TestPinnedNormativeEnvelopeFixtures (0.00s)
=== RUN   TestInvalidAdditionalInputHasNoRemoteOutcome
=== RUN   TestInvalidAdditionalInputHasNoRemoteOutcome/"prompt"
=== RUN   TestInvalidAdditionalInputHasNoRemoteOutcome/null
=== RUN   TestInvalidAdditionalInputHasNoRemoteOutcome/{"x":1,"x":2}
--- PASS: TestInvalidAdditionalInputHasNoRemoteOutcome (0.00s)
    --- PASS: TestInvalidAdditionalInputHasNoRemoteOutcome/"prompt" (0.00s)
    --- PASS: TestInvalidAdditionalInputHasNoRemoteOutcome/null (0.00s)
    --- PASS: TestInvalidAdditionalInputHasNoRemoteOutcome/{"x":1,"x":2} (0.00s)
=== RUN   TestPublicAgentPoolReuseAndCleanup
--- PASS: TestPublicAgentPoolReuseAndCleanup (0.01s)
=== RUN   TestRPCRejectsRedirects
=== RUN   TestRPCRejectsRedirects/create/301/same=false
=== RUN   TestRPCRejectsRedirects/cancel/301/same=false
=== RUN   TestRPCRejectsRedirects/create/301/same=true
=== RUN   TestRPCRejectsRedirects/cancel/301/same=true
=== RUN   TestRPCRejectsRedirects/create/302/same=false
=== RUN   TestRPCRejectsRedirects/cancel/302/same=false
=== RUN   TestRPCRejectsRedirects/create/302/same=true
=== RUN   TestRPCRejectsRedirects/cancel/302/same=true
=== RUN   TestRPCRejectsRedirects/create/303/same=false
=== RUN   TestRPCRejectsRedirects/cancel/303/same=false
=== RUN   TestRPCRejectsRedirects/create/303/same=true
=== RUN   TestRPCRejectsRedirects/cancel/303/same=true
=== RUN   TestRPCRejectsRedirects/create/307/same=false
=== RUN   TestRPCRejectsRedirects/cancel/307/same=false
=== RUN   TestRPCRejectsRedirects/create/307/same=true
=== RUN   TestRPCRejectsRedirects/cancel/307/same=true
=== RUN   TestRPCRejectsRedirects/create/308/same=false
=== RUN   TestRPCRejectsRedirects/cancel/308/same=false
=== RUN   TestRPCRejectsRedirects/create/308/same=true
=== RUN   TestRPCRejectsRedirects/cancel/308/same=true
--- PASS: TestRPCRejectsRedirects (0.02s)
    --- PASS: TestRPCRejectsRedirects/create/301/same=false (0.00s)
    --- PASS: TestRPCRejectsRedirects/cancel/301/same=false (0.00s)
    --- PASS: TestRPCRejectsRedirects/create/301/same=true (0.00s)
    --- PASS: TestRPCRejectsRedirects/cancel/301/same=true (0.00s)
    --- PASS: TestRPCRejectsRedirects/create/302/same=false (0.00s)
    --- PASS: TestRPCRejectsRedirects/cancel/302/same=false (0.00s)
    --- PASS: TestRPCRejectsRedirects/create/302/same=true (0.00s)
    --- PASS: TestRPCRejectsRedirects/cancel/302/same=true (0.00s)
    --- PASS: TestRPCRejectsRedirects/create/303/same=false (0.00s)
    --- PASS: TestRPCRejectsRedirects/cancel/303/same=false (0.00s)
    --- PASS: TestRPCRejectsRedirects/create/303/same=true (0.00s)
    --- PASS: TestRPCRejectsRedirects/cancel/303/same=true (0.00s)
    --- PASS: TestRPCRejectsRedirects/create/307/same=false (0.00s)
    --- PASS: TestRPCRejectsRedirects/cancel/307/same=false (0.00s)
    --- PASS: TestRPCRejectsRedirects/create/307/same=true (0.00s)
    --- PASS: TestRPCRejectsRedirects/cancel/307/same=true (0.00s)
    --- PASS: TestRPCRejectsRedirects/create/308/same=false (0.00s)
    --- PASS: TestRPCRejectsRedirects/cancel/308/same=false (0.00s)
    --- PASS: TestRPCRejectsRedirects/create/308/same=true (0.00s)
    --- PASS: TestRPCRejectsRedirects/cancel/308/same=true (0.00s)
=== RUN   TestPublicStreamRedirectOrigin
=== RUN   TestPublicStreamRedirectOrigin/false
=== RUN   TestPublicStreamRedirectOrigin/true
--- PASS: TestPublicStreamRedirectOrigin (0.00s)
    --- PASS: TestPublicStreamRedirectOrigin/false (0.00s)
    --- PASS: TestPublicStreamRedirectOrigin/true (0.00s)
=== RUN   TestParseSSESteps_MultiLineData
--- PASS: TestParseSSESteps_MultiLineData (0.00s)
=== RUN   TestParseSSESteps_LastEventID
--- PASS: TestParseSSESteps_LastEventID (0.00s)
=== RUN   TestParseSSESteps_EventTypeIgnored
--- PASS: TestParseSSESteps_EventTypeIgnored (0.00s)
=== RUN   TestParseSSESteps_StreamExceedsMaxBytes
=== PAUSE TestParseSSESteps_StreamExceedsMaxBytes
=== RUN   TestParseSSESteps_CancelOverStreamLimit
=== PAUSE TestParseSSESteps_CancelOverStreamLimit
=== RUN   TestParseSSESteps_InterruptInChainOverReadLimit
=== PAUSE TestParseSSESteps_InterruptInChainOverReadLimit
=== RUN   TestLogicalStreamBudgetAcrossReconnect
--- PASS: TestLogicalStreamBudgetAcrossReconnect (0.00s)
=== RUN   TestResumeDuplicateEvents
=== RUN   TestResumeDuplicateEvents/false
=== RUN   TestResumeDuplicateEvents/true
--- PASS: TestResumeDuplicateEvents (0.00s)
    --- PASS: TestResumeDuplicateEvents/false (0.00s)
    --- PASS: TestResumeDuplicateEvents/true (0.00s)
=== RUN   TestEmptyEventIDResetsResumeCursor
--- PASS: TestEmptyEventIDResetsResumeCursor (0.00s)
=== RUN   TestSSEAggregateEventAndUnterminatedFrame
=== RUN   TestSSEAggregateEventAndUnterminatedFrame/many_small_lines
=== RUN   TestSSEAggregateEventAndUnterminatedFrame/unterminated_valid_JSON
--- PASS: TestSSEAggregateEventAndUnterminatedFrame (0.00s)
    --- PASS: TestSSEAggregateEventAndUnterminatedFrame/many_small_lines (0.00s)
    --- PASS: TestSSEAggregateEventAndUnterminatedFrame/unterminated_valid_JSON (0.00s)
=== RUN   TestStreamConsumerStopsWithoutReconnect
--- PASS: TestStreamConsumerStopsWithoutReconnect (0.00s)
=== RUN   TestInvalidStreamPolicyFailsBeforeCreation
--- PASS: TestInvalidStreamPolicyFailsBeforeCreation (0.00s)
=== RUN   TestBackoffCancellationDoesNotReconnect
--- PASS: TestBackoffCancellationDoesNotReconnect (0.00s)
=== RUN   TestCRLFPhysicalEventLimit
--- PASS: TestCRLFPhysicalEventLimit (0.00s)
=== RUN   TestInvalidUTF8SSEFieldsCannotConfirmCompletion
=== RUN   TestInvalidUTF8SSEFieldsCannotConfirmCompletion/id:_
=== RUN   TestInvalidUTF8SSEFieldsCannotConfirmCompletion/:
=== RUN   TestInvalidUTF8SSEFieldsCannotConfirmCompletion/event:_
--- PASS: TestInvalidUTF8SSEFieldsCannotConfirmCompletion (0.00s)
    --- PASS: TestInvalidUTF8SSEFieldsCannotConfirmCompletion/id:_ (0.00s)
    --- PASS: TestInvalidUTF8SSEFieldsCannotConfirmCompletion/: (0.00s)
    --- PASS: TestInvalidUTF8SSEFieldsCannotConfirmCompletion/event:_ (0.00s)
=== CONT  TestFormatStepOutput_TruncatesOversizedOutput
=== CONT  TestParseSSESteps_StreamExceedsMaxBytes
=== CONT  TestParseSSESteps_InterruptInChainOverReadLimit
=== CONT  TestParseSSESteps_CancelOverStreamLimit
--- PASS: TestParseSSESteps_StreamExceedsMaxBytes (0.00s)
=== CONT  TestMapCreateTaskReadError_InterruptInChainOverReadLimit
--- PASS: TestParseSSESteps_CancelOverStreamLimit (0.00s)
=== CONT  TestCreateTask_CancelOverResponseLimit
=== CONT  TestAsTool_StreamSteps_TimeoutOverReadLimit_InterruptWins
--- PASS: TestMapCreateTaskReadError_InterruptInChainOverReadLimit (0.00s)
--- PASS: TestParseSSESteps_InterruptInChainOverReadLimit (0.00s)
--- PASS: TestCreateTask_CancelOverResponseLimit (0.00s)
--- PASS: TestFormatStepOutput_TruncatesOversizedOutput (0.00s)
--- PASS: TestAsTool_StreamSteps_TimeoutOverReadLimit_InterruptWins (0.05s)
=== RUN   ExampleAsBackgroundTool
--- PASS: ExampleAsBackgroundTool (0.00s)
PASS
ok  	github.com/skosovsky/toolsy/agents	1.669s
test - ./toolkits/memory
=== RUN   TestScratchpadConfiguration
--- PASS: TestScratchpadConfiguration (0.00s)
=== RUN   TestScratchpadRejectedPinDoesNotMutateStore
=== RUN   TestScratchpadRejectedPinDoesNotMutateStore/value
=== RUN   TestScratchpadRejectedPinDoesNotMutateStore/key
=== RUN   TestScratchpadRejectedPinDoesNotMutateStore/escapedStore
=== RUN   TestScratchpadRejectedPinDoesNotMutateStore/emptyKey
--- PASS: TestScratchpadRejectedPinDoesNotMutateStore (0.00s)
    --- PASS: TestScratchpadRejectedPinDoesNotMutateStore/value (0.00s)
    --- PASS: TestScratchpadRejectedPinDoesNotMutateStore/key (0.00s)
    --- PASS: TestScratchpadRejectedPinDoesNotMutateStore/escapedStore (0.00s)
    --- PASS: TestScratchpadRejectedPinDoesNotMutateStore/emptyKey (0.00s)
=== RUN   TestScratchpadExistingStateFailsClosed
--- PASS: TestScratchpadExistingStateFailsClosed (0.00s)
=== RUN   TestScratchpadWireBytesAfterEscaping
--- PASS: TestScratchpadWireBytesAfterEscaping (0.00s)
=== RUN   TestMutationWirePreflight
--- PASS: TestMutationWirePreflight (0.00s)
=== RUN   TestFiniteDefaults
--- PASS: TestFiniteDefaults (0.01s)
=== RUN   TestScratchpad_ReadToolManifestReadOnly
--- PASS: TestScratchpad_ReadToolManifestReadOnly (0.00s)
=== RUN   TestScratchpad_RequiresRequirementsPolicy
--- PASS: TestScratchpad_RequiresRequirementsPolicy (0.00s)
=== RUN   TestScratchpad_PinRead
--- PASS: TestScratchpad_PinRead (0.00s)
=== RUN   TestScratchpad_PinUnpinRead
--- PASS: TestScratchpad_PinUnpinRead (0.00s)
=== RUN   TestScratchpad_UnpinNotFound
--- PASS: TestScratchpad_UnpinNotFound (0.00s)
=== RUN   TestScratchpad_ReadEmpty
--- PASS: TestScratchpad_ReadEmpty (0.01s)
=== RUN   TestScratchpad_PinOverwrite
--- PASS: TestScratchpad_PinOverwrite (0.01s)
=== RUN   TestScratchpad_MaxFactsAllowsOverwrite
--- PASS: TestScratchpad_MaxFactsAllowsOverwrite (0.01s)
=== RUN   TestScratchpad_MaxFacts
--- PASS: TestScratchpad_MaxFacts (0.01s)
=== RUN   TestScratchpad_RequiresStateStore
--- PASS: TestScratchpad_RequiresStateStore (0.00s)
=== RUN   TestScratchpad_Concurrent
--- PASS: TestScratchpad_Concurrent (0.01s)
PASS
ok  	github.com/skosovsky/toolsy/toolkits/memory	1.524s
test - ./toolkits/mail
=== RUN   TestMailSendActionBounds
=== RUN   TestMailSendActionBounds/oversize
=== RUN   TestMailSendActionBounds/wire
=== RUN   TestMailSendActionBounds/unchanged
--- PASS: TestMailSendActionBounds (0.01s)
    --- PASS: TestMailSendActionBounds/oversize (0.00s)
    --- PASS: TestMailSendActionBounds/wire (0.00s)
    --- PASS: TestMailSendActionBounds/unchanged (0.00s)
=== RUN   TestMailProviderBounds
=== RUN   TestMailProviderBounds/count
=== RUN   TestMailProviderBounds/item
=== RUN   TestMailProviderBounds/source
=== RUN   TestMailProviderBounds/escaped_wire
=== RUN   TestMailProviderBounds/read_body
=== RUN   TestMailProviderBounds/read_item
=== RUN   TestMailProviderBounds/read_source
=== RUN   TestMailProviderBounds/read_wire
=== RUN   TestMailProviderBounds/negative_limit
=== RUN   TestMailProviderBounds/above_count_cap
--- PASS: TestMailProviderBounds (0.03s)
    --- PASS: TestMailProviderBounds/count (0.00s)
    --- PASS: TestMailProviderBounds/item (0.00s)
    --- PASS: TestMailProviderBounds/source (0.00s)
    --- PASS: TestMailProviderBounds/escaped_wire (0.00s)
    --- PASS: TestMailProviderBounds/read_body (0.00s)
    --- PASS: TestMailProviderBounds/read_item (0.00s)
    --- PASS: TestMailProviderBounds/read_source (0.00s)
    --- PASS: TestMailProviderBounds/read_wire (0.00s)
    --- PASS: TestMailProviderBounds/negative_limit (0.00s)
    --- PASS: TestMailProviderBounds/above_count_cap (0.00s)
=== RUN   TestMailLimitsConfiguration
--- PASS: TestMailLimitsConfiguration (0.01s)
=== RUN   TestMailReadBoundedJSONIdentity
--- PASS: TestMailReadBoundedJSONIdentity (0.00s)
=== RUN   TestMailSendApprovalPreviewMatchesDispatch
--- PASS: TestMailSendApprovalPreviewMatchesDispatch (0.00s)
=== RUN   TestMailSearchDefaultAndOverrideCount
=== RUN   TestMailSearchDefaultAndOverrideCount/default
=== RUN   TestMailSearchDefaultAndOverrideCount/small_host_cap
=== RUN   TestMailSearchDefaultAndOverrideCount/larger_host_cap
--- PASS: TestMailSearchDefaultAndOverrideCount (0.01s)
    --- PASS: TestMailSearchDefaultAndOverrideCount/default (0.00s)
    --- PASS: TestMailSearchDefaultAndOverrideCount/small_host_cap (0.00s)
    --- PASS: TestMailSearchDefaultAndOverrideCount/larger_host_cap (0.00s)
=== RUN   TestMailSend_ArgsPassed
--- PASS: TestMailSend_ArgsPassed (0.00s)
=== RUN   TestMailSend_EmptyTo_ValidationToolError
--- PASS: TestMailSend_EmptyTo_ValidationToolError (0.00s)
=== RUN   TestMailSearchInbox_ReturnsMarkdown
--- PASS: TestMailSearchInbox_ReturnsMarkdown (0.00s)
=== RUN   TestMailSearch_EmptyQuery_ValidationToolError
--- PASS: TestMailSearch_EmptyQuery_ValidationToolError (0.00s)
=== RUN   TestMailReadMessage_ReturnsBody
--- PASS: TestMailReadMessage_ReturnsBody (0.00s)
=== RUN   TestMailRead_EmptyMessageID_ValidationToolError
--- PASS: TestMailRead_EmptyMessageID_ValidationToolError (0.00s)
=== RUN   TestMailRead_WhitespaceOnlyMessageID_ValidationToolError
--- PASS: TestMailRead_WhitespaceOnlyMessageID_ValidationToolError (0.00s)
=== RUN   TestMailRead_PlainTextWithAngleBrackets_NotConverted
--- PASS: TestMailRead_PlainTextWithAngleBrackets_NotConverted (0.00s)
=== RUN   TestAsTools_ReadOnlyTrue_OnlyReadTools
--- PASS: TestAsTools_ReadOnlyTrue_OnlyReadTools (0.00s)
=== RUN   TestAsTools_NilSender_OnlyReadTools
--- PASS: TestAsTools_NilSender_OnlyReadTools (0.00s)
=== RUN   TestAsTools_NilReader_OnlySendTool
--- PASS: TestAsTools_NilReader_OnlySendTool (0.00s)
=== RUN   TestAsTools_BothNil_Error
--- PASS: TestAsTools_BothNil_Error (0.00s)
=== RUN   TestMailSend_HandlerError_Wrapped
--- PASS: TestMailSend_HandlerError_Wrapped (0.00s)
=== RUN   TestMailRead_HTMLBody_NormalizedToMarkdown
--- PASS: TestMailRead_HTMLBody_NormalizedToMarkdown (0.00s)
=== RUN   TestNormalizeBody_ContextCanceled
--- PASS: TestNormalizeBody_ContextCanceled (0.00s)
PASS
ok  	github.com/skosovsky/toolsy/toolkits/mail	1.556s
test - ./toolkits/web
=== RUN   TestSearchProviderBounds
=== RUN   TestSearchProviderBounds/count
=== RUN   TestSearchProviderBounds/escaped_item
=== RUN   TestSearchProviderBounds/multibyte_item
=== RUN   TestSearchProviderBounds/source
--- PASS: TestSearchProviderBounds (0.01s)
    --- PASS: TestSearchProviderBounds/count (0.00s)
    --- PASS: TestSearchProviderBounds/escaped_item (0.00s)
    --- PASS: TestSearchProviderBounds/multibyte_item (0.00s)
    --- PASS: TestSearchProviderBounds/source (0.00s)
=== RUN   TestSearchSourceBudgetExact
--- PASS: TestSearchSourceBudgetExact (0.00s)
=== RUN   TestScrapeProvenanceRedirectAndUntrustedText
--- PASS: TestScrapeProvenanceRedirectAndUntrustedText (0.00s)
=== RUN   TestScrapeEnforcesCustomOutputAndIndependentSourceBudget
--- PASS: TestScrapeEnforcesCustomOutputAndIndependentSourceBudget (0.00s)
=== RUN   TestSearchStructured_ReturnsResults
--- PASS: TestSearchStructured_ReturnsResults (0.00s)
=== RUN   TestSearchStructured_EmptyQuery
--- PASS: TestSearchStructured_EmptyQuery (0.00s)
=== RUN   TestScrapePage_Success
--- PASS: TestScrapePage_Success (0.00s)
=== RUN   TestFormatSearchMarkdown
--- PASS: TestFormatSearchMarkdown (0.00s)
=== RUN   TestFormatSearchMarkdown_TruncationSuffix
--- PASS: TestFormatSearchMarkdown_TruncationSuffix (0.00s)
=== RUN   TestScrapePage_ExceedsMaxBodyReturnsError
--- PASS: TestScrapePage_ExceedsMaxBodyReturnsError (0.00s)
=== RUN   TestScrapePage_MarkdownExpansionExceedsCap
--- PASS: TestScrapePage_MarkdownExpansionExceedsCap (0.00s)
=== RUN   TestScrapePage_ContextCanceledDuringFetch
--- PASS: TestScrapePage_ContextCanceledDuringFetch (0.00s)
=== RUN   TestScrapePage_WithinMaxBodySucceeds
--- PASS: TestScrapePage_WithinMaxBodySucceeds (0.00s)
=== RUN   TestScrapePage_Non2xxStatus
--- PASS: TestScrapePage_Non2xxStatus (0.00s)
=== RUN   TestPublicHTTPPoolReuseAndCleanup
--- PASS: TestPublicHTTPPoolReuseAndCleanup (0.02s)
=== RUN   TestWebSearch_ReturnsMarkdown
--- PASS: TestWebSearch_ReturnsMarkdown (0.00s)
=== RUN   TestWebSearch_EmptyQuery_ValidationToolError
--- PASS: TestWebSearch_EmptyQuery_ValidationToolError (0.00s)
=== RUN   TestWebScrape_Success
--- PASS: TestWebScrape_Success (0.00s)
=== RUN   TestWebScrape_ExceedsMaxBody
--- PASS: TestWebScrape_ExceedsMaxBody (0.00s)
=== RUN   TestWebScrape_MarkdownExpansionExceedsCap
--- PASS: TestWebScrape_MarkdownExpansionExceedsCap (0.00s)
=== RUN   TestParseScrapeResponse_CancelOverMarkdownCap_ReturnsInternal
--- PASS: TestParseScrapeResponse_CancelOverMarkdownCap_ReturnsInternal (0.00s)
=== RUN   TestScrape_CancelOverHTMLReadLimit_InterruptWins
--- PASS: TestScrape_CancelOverHTMLReadLimit_InterruptWins (0.00s)
=== RUN   TestScrape_InterruptInChainOverReadLimit_InterruptWins
--- PASS: TestScrape_InterruptInChainOverReadLimit_InterruptWins (0.00s)
=== RUN   TestParseScrapeResponse_MarkdownExceedsCap
--- PASS: TestParseScrapeResponse_MarkdownExceedsCap (0.00s)
=== RUN   TestParseScrapeResponse_CancelDuringConvert
--- PASS: TestParseScrapeResponse_CancelDuringConvert (0.00s)
=== RUN   TestWebScrape_CancelDuringDo
--- PASS: TestWebScrape_CancelDuringDo (0.50s)
=== RUN   TestParseScrapeResponse_CustomScraperMarkdownMessage
--- PASS: TestParseScrapeResponse_CustomScraperMarkdownMessage (0.00s)
=== RUN   TestWebScrape_CustomScraper_ExceedsCap
--- PASS: TestWebScrape_CustomScraper_ExceedsCap (0.00s)
=== RUN   TestWebScrape_ScriptAndStyleStripped
--- PASS: TestWebScrape_ScriptAndStyleStripped (0.00s)
=== RUN   TestWebScrape_SSRFBlocked
--- PASS: TestWebScrape_SSRFBlocked (0.00s)
=== RUN   TestWebScrape_UnspecifiedIP_Blocked
--- PASS: TestWebScrape_UnspecifiedIP_Blocked (0.00s)
=== RUN   TestWebScrape_BlockedDomain_SubdomainBlocked
--- PASS: TestWebScrape_BlockedDomain_SubdomainBlocked (0.00s)
=== RUN   TestWebScrape_RedirectToLoopbackBlocked
--- PASS: TestWebScrape_RedirectToLoopbackBlocked (0.00s)
=== RUN   TestWebScrape_WithCustomScraper
--- PASS: TestWebScrape_WithCustomScraper (0.00s)
=== RUN   TestAsTools_NilProvider_Error
--- PASS: TestAsTools_NilProvider_Error (0.00s)
=== RUN   TestHTMLScraper_StripsTags
--- PASS: TestHTMLScraper_StripsTags (0.00s)
=== RUN   TestWebScrape_BlockedRedirectDomain_Rejected
--- PASS: TestWebScrape_BlockedRedirectDomain_Rejected (0.00s)
=== RUN   TestHTMLScraper_StripsLayoutElements
--- PASS: TestHTMLScraper_StripsLayoutElements (0.00s)
=== RUN   TestAsTools_ReadOnlyManifest
--- PASS: TestAsTools_ReadOnlyManifest (0.00s)
=== RUN   TestWebSearch_FormatterAndValidator
--- PASS: TestWebSearch_FormatterAndValidator (0.00s)
=== RUN   TestWebSearch_WithHostResultValidator_Reject
--- PASS: TestWebSearch_WithHostResultValidator_Reject (0.00s)
=== RUN   TestWebScrape_WithHostResultValidator_Reject
--- PASS: TestWebScrape_WithHostResultValidator_Reject (0.00s)
=== RUN   TestWebSearch_WithHostResultValidator_Envelope
--- PASS: TestWebSearch_WithHostResultValidator_Envelope (0.00s)
=== RUN   TestWebScrape_WithHostResultValidator_Envelope
--- PASS: TestWebScrape_WithHostResultValidator_Envelope (0.00s)
=== RUN   TestWebScrape_BlockedDomain_DotSuffix
--- PASS: TestWebScrape_BlockedDomain_DotSuffix (0.00s)
=== RUN   TestWebScrape_WithScrapeFormatter
--- PASS: TestWebScrape_WithScrapeFormatter (0.00s)
=== RUN   TestWebSearch_WithSearchFormatter
--- PASS: TestWebSearch_WithSearchFormatter (0.00s)
=== RUN   TestWebScrape_FormatterAndValidator
--- PASS: TestWebScrape_FormatterAndValidator (0.00s)
=== RUN   TestWebScrape_WithMaxPageBytes_WithResultFormatter
--- PASS: TestWebScrape_WithMaxPageBytes_WithResultFormatter (0.00s)
=== RUN   TestWebScrape_WireCapSingleTruncSuffix
--- PASS: TestWebScrape_WireCapSingleTruncSuffix (0.00s)
=== RUN   TestHTMLScraper_ExceedsMaxBytesReturnsError
--- PASS: TestHTMLScraper_ExceedsMaxBytesReturnsError (0.00s)
=== RUN   TestHTMLScraper_ContextCanceled
--- PASS: TestHTMLScraper_ContextCanceled (0.00s)
=== RUN   TestWebScrape_Non2xxStatus
--- PASS: TestWebScrape_Non2xxStatus (0.00s)
=== RUN   TestWebScrape_Accepts2xxWithoutBody
--- PASS: TestWebScrape_Accepts2xxWithoutBody (0.00s)
=== RUN   TestWebSearch_WithMaxSearchBytes_WireCap
--- PASS: TestWebSearch_WithMaxSearchBytes_WireCap (0.00s)
=== RUN   TestWebSearch_SemanticAndWireCapsIndependent
--- PASS: TestWebSearch_SemanticAndWireCapsIndependent (0.00s)
=== RUN   TestWebSearch_TripleIoC_MaxBytesFormatterValidator
--- PASS: TestWebSearch_TripleIoC_MaxBytesFormatterValidator (0.00s)
=== RUN   TestWebScrape_TripleIoC_MaxBytesFormatterValidator
--- PASS: TestWebScrape_TripleIoC_MaxBytesFormatterValidator (0.00s)
PASS
ok  	github.com/skosovsky/toolsy/toolkits/web	2.094s
test - ./toolkits/document
=== RUN   TestLocalAccessRequiresHostBoundary
--- PASS: TestLocalAccessRequiresHostBoundary (0.00s)
=== RUN   TestLocalRootContainsActualOpenAndRetainsSource
--- PASS: TestLocalRootContainsActualOpenAndRetainsSource (0.01s)
=== RUN   TestSourcePortEnforcesActualReadAndCloses
--- PASS: TestSourcePortEnforcesActualReadAndCloses (0.00s)
=== RUN   TestIndependentCollectionItemAndWireLimits
=== RUN   TestIndependentCollectionItemAndWireLimits/rows
=== RUN   TestIndependentCollectionItemAndWireLimits/cell
=== RUN   TestIndependentCollectionItemAndWireLimits/escaped_wire
--- PASS: TestIndependentCollectionItemAndWireLimits (0.00s)
    --- PASS: TestIndependentCollectionItemAndWireLimits/rows (0.00s)
    --- PASS: TestIndependentCollectionItemAndWireLimits/cell (0.00s)
    --- PASS: TestIndependentCollectionItemAndWireLimits/escaped_wire (0.00s)
=== RUN   TestCompressedDOCXAndForgedDirectoryRejectBeforeExpansion
--- PASS: TestCompressedDOCXAndForgedDirectoryRejectBeforeExpansion (0.02s)
=== RUN   TestHostilePDFRejectedBeforeInProcessDecode
--- PASS: TestHostilePDFRejectedBeforeInProcessDecode (0.58s)
=== RUN   TestNegativeLimitsFailConstructionAndZeroUsesFiniteDefaults
--- PASS: TestNegativeLimitsFailConstructionAndZeroUsesFiniteDefaults (0.00s)
=== RUN   TestDOCXMissingClosingTextNodeRejects
--- PASS: TestDOCXMissingClosingTextNodeRejects (0.00s)
=== RUN   TestDOCXTextNodePreservesCommentSplitAndChecksCombinedBudget
--- PASS: TestDOCXTextNodePreservesCommentSplitAndChecksCombinedBudget (0.00s)
=== RUN   TestExplicitPDFOptInEnforcesPageTextBudget
--- PASS: TestExplicitPDFOptInEnforcesPageTextBudget (0.02s)
=== RUN   TestExtractCSV_Success
--- PASS: TestExtractCSV_Success (0.01s)
=== RUN   TestExtractCSV_MultilineCellNormalized
--- PASS: TestExtractCSV_MultilineCellNormalized (0.00s)
=== RUN   TestExtract_UnsupportedFormat
--- PASS: TestExtract_UnsupportedFormat (0.00s)
=== RUN   TestExtract_URLDisabled
--- PASS: TestExtract_URLDisabled (0.00s)
=== RUN   TestExtract_EmptyArgs
--- PASS: TestExtract_EmptyArgs (0.00s)
=== RUN   TestAsTool_ReturnsOneTool
--- PASS: TestAsTool_ReturnsOneTool (0.00s)
=== RUN   TestAsTool_DefaultReadOnlyManifest
--- PASS: TestAsTool_DefaultReadOnlyManifest (0.00s)
=== RUN   TestAsTool_AllowRemoteClearsReadOnlyManifest
--- PASS: TestAsTool_AllowRemoteClearsReadOnlyManifest (0.00s)
=== RUN   TestExtract_FileTooLarge
--- PASS: TestExtract_FileTooLarge (0.02s)
=== RUN   TestExtract_CSVTableExceedsCap
--- PASS: TestExtract_CSVTableExceedsCap (0.01s)
=== RUN   TestExtract_LocalSourceBudgetIndependentOfWire
--- PASS: TestExtract_LocalSourceBudgetIndependentOfWire (0.00s)
=== RUN   TestExtract_DOCX_Success
--- PASS: TestExtract_DOCX_Success (0.00s)
=== RUN   TestExtract_DOCX_UncompressedExceeds
--- PASS: TestExtract_DOCX_UncompressedExceeds (0.00s)
=== RUN   TestExtract_CancelDuringParse
--- PASS: TestExtract_CancelDuringParse (0.00s)
=== RUN   TestExtract_Remote_SSRFBlocked
--- PASS: TestExtract_Remote_SSRFBlocked (0.00s)
=== RUN   TestExtract_Remote_ExceedsMaxBytes
--- PASS: TestExtract_Remote_ExceedsMaxBytes (0.00s)
=== RUN   TestExtract_RemoteSourceBudgetIndependentOfWire
--- PASS: TestExtract_RemoteSourceBudgetIndependentOfWire (0.00s)
=== RUN   TestLocalFilePathForExtract_CanceledBeforeStat_ReturnsInternal
--- PASS: TestLocalFilePathForExtract_CanceledBeforeStat_ReturnsInternal (0.00s)
=== RUN   TestCopyRemote_CancelOverReadLimit_InterruptWins
--- PASS: TestCopyRemote_CancelOverReadLimit_InterruptWins (0.00s)
=== RUN   TestExtract_Remote_CancelDuringDo
--- PASS: TestExtract_Remote_CancelDuringDo (0.50s)
=== RUN   TestExtract_Remote_Success
--- PASS: TestExtract_Remote_Success (0.00s)
=== RUN   TestExtract_Remote_Non2xxStatus
--- PASS: TestExtract_Remote_Non2xxStatus (0.00s)
=== RUN   TestExtract_Remote_QueryStringURL
--- PASS: TestExtract_Remote_QueryStringURL (0.00s)
=== RUN   TestExtract_Remote_RedirectToLoopbackBlocked
--- PASS: TestExtract_Remote_RedirectToLoopbackBlocked (0.00s)
=== RUN   TestExtract_Remote_Redirect_RejectsForeignOriginWhenPrivateAllowed
--- PASS: TestExtract_Remote_Redirect_RejectsForeignOriginWhenPrivateAllowed (0.00s)
=== RUN   TestAsTool_WithResultFormatter
--- PASS: TestAsTool_WithResultFormatter (0.00s)
=== RUN   TestAsTool_WithMaxBytes_WithResultFormatter
--- PASS: TestAsTool_WithMaxBytes_WithResultFormatter (0.00s)
=== RUN   TestAsTool_RemoteURL_WithFormatterAndValidator
--- PASS: TestAsTool_RemoteURL_WithFormatterAndValidator (0.00s)
=== RUN   TestExtractCSV_WireCapSingleTruncSuffix
--- PASS: TestExtractCSV_WireCapSingleTruncSuffix (0.00s)
=== RUN   TestAsTool_TripleIoC_MaxBytesFormatterValidator
--- PASS: TestAsTool_TripleIoC_MaxBytesFormatterValidator (0.00s)
=== RUN   TestAsTool_WithHostResultValidator_Reject
--- PASS: TestAsTool_WithHostResultValidator_Reject (0.00s)
=== RUN   TestAsTool_WithHostResultValidator
--- PASS: TestAsTool_WithHostResultValidator (0.00s)
=== RUN   TestAsTool_FormatterAndValidator
--- PASS: TestAsTool_FormatterAndValidator (0.00s)
=== RUN   TestLocalRootRejectsFIFOWithoutPeer
--- PASS: TestLocalRootRejectsFIFOWithoutPeer (0.00s)
=== RUN   TestParseCSV_InterruptInChainOverReadLimit
=== PAUSE TestParseCSV_InterruptInChainOverReadLimit
=== RUN   TestParseCSV_CancelDuringRows
=== PAUSE TestParseCSV_CancelDuringRows
=== RUN   TestParseDOCX_CancelDuringZipScan
=== PAUSE TestParseDOCX_CancelDuringZipScan
=== RUN   TestParsePDF_CancelBeforeRead
=== PAUSE TestParsePDF_CancelBeforeRead
=== RUN   TestParseDOCX_ExceedsByteLimit
=== PAUSE TestParseDOCX_ExceedsByteLimit
=== RUN   TestParseDOCX_CancelOverCap_InterruptWins
=== PAUSE TestParseDOCX_CancelOverCap_InterruptWins
=== RUN   TestParseCSV_ExceedsByteLimit
=== PAUSE TestParseCSV_ExceedsByteLimit
=== RUN   TestParseDOCX_TooManyZipEntries
=== PAUSE TestParseDOCX_TooManyZipEntries
=== RUN   TestParseCSV_TableExceedsByteLimit
=== PAUSE TestParseCSV_TableExceedsByteLimit
=== RUN   TestParseDOCX_ExtractedTextExpansionExceedsLimit
=== PAUSE TestParseDOCX_ExtractedTextExpansionExceedsLimit
=== RUN   TestParsePDF_ExceedsByteLimit
=== PAUSE TestParsePDF_ExceedsByteLimit
=== RUN   TestParseCSV_CancelOverTableCap_ReturnsInternal
=== PAUSE TestParseCSV_CancelOverTableCap_ReturnsInternal
=== RUN   TestParsePDF_CanceledBeforeStat_ReturnsInternal
=== PAUSE TestParsePDF_CanceledBeforeStat_ReturnsInternal
=== RUN   TestParsePDF_FileSizeExceedsLimit
=== PAUSE TestParsePDF_FileSizeExceedsLimit
=== RUN   TestParsePDF_SingleOversizedPage_FailClosed
=== PAUSE TestParsePDF_SingleOversizedPage_FailClosed
=== RUN   TestPublicHTTPPoolReuseAndCleanup
--- PASS: TestPublicHTTPPoolReuseAndCleanup (0.02s)
=== CONT  TestParseCSV_InterruptInChainOverReadLimit
=== CONT  TestParseDOCX_ExtractedTextExpansionExceedsLimit
--- PASS: TestParseCSV_InterruptInChainOverReadLimit (0.00s)
=== CONT  TestParseCSV_ExceedsByteLimit
--- PASS: TestParseCSV_ExceedsByteLimit (0.00s)
=== CONT  TestParseDOCX_CancelOverCap_InterruptWins
--- PASS: TestParseDOCX_ExtractedTextExpansionExceedsLimit (0.00s)
=== CONT  TestParsePDF_SingleOversizedPage_FailClosed
=== CONT  TestParseCSV_CancelOverTableCap_ReturnsInternal
--- PASS: TestParseCSV_CancelOverTableCap_ReturnsInternal (0.00s)
=== CONT  TestParsePDF_CanceledBeforeStat_ReturnsInternal
=== CONT  TestParsePDF_ExceedsByteLimit
=== CONT  TestParsePDF_FileSizeExceedsLimit
=== CONT  TestParseDOCX_TooManyZipEntries
=== CONT  TestParseCSV_CancelDuringRows
=== CONT  TestParseDOCX_ExceedsByteLimit
=== CONT  TestParseCSV_TableExceedsByteLimit
--- PASS: TestParseCSV_TableExceedsByteLimit (0.00s)
=== CONT  TestParsePDF_CancelBeforeRead
=== CONT  TestParseDOCX_CancelDuringZipScan
--- PASS: TestParsePDF_CancelBeforeRead (0.00s)
--- PASS: TestParsePDF_SingleOversizedPage_FailClosed (0.00s)
--- PASS: TestParsePDF_FileSizeExceedsLimit (0.00s)
--- PASS: TestParsePDF_CanceledBeforeStat_ReturnsInternal (0.00s)
--- PASS: TestParsePDF_ExceedsByteLimit (0.00s)
--- PASS: TestParseDOCX_ExceedsByteLimit (0.00s)
--- PASS: TestParseDOCX_CancelOverCap_InterruptWins (0.00s)
--- PASS: TestParseDOCX_CancelDuringZipScan (0.00s)
--- PASS: TestParseCSV_CancelDuringRows (0.01s)
--- PASS: TestParseDOCX_TooManyZipEntries (0.01s)
PASS
ok  	github.com/skosovsky/toolsy/toolkits/document	3.034s
test - ./toolkits/rag
=== RUN   TestRetrievalBoundsRejectProviderBeforeFormatter
=== RUN   TestRetrievalBoundsRejectProviderBeforeFormatter/item_escaping
=== RUN   TestRetrievalBoundsRejectProviderBeforeFormatter/item_multibyte
=== RUN   TestRetrievalBoundsRejectProviderBeforeFormatter/metadata
=== RUN   TestRetrievalBoundsRejectProviderBeforeFormatter/source
=== RUN   TestRetrievalBoundsRejectProviderBeforeFormatter/count
--- PASS: TestRetrievalBoundsRejectProviderBeforeFormatter (0.01s)
    --- PASS: TestRetrievalBoundsRejectProviderBeforeFormatter/item_escaping (0.00s)
    --- PASS: TestRetrievalBoundsRejectProviderBeforeFormatter/item_multibyte (0.00s)
    --- PASS: TestRetrievalBoundsRejectProviderBeforeFormatter/metadata (0.00s)
    --- PASS: TestRetrievalBoundsRejectProviderBeforeFormatter/source (0.00s)
    --- PASS: TestRetrievalBoundsRejectProviderBeforeFormatter/count (0.00s)
=== RUN   TestDocumentIdentityAndProvenance
--- PASS: TestDocumentIdentityAndProvenance (0.00s)
=== RUN   TestDocumentWireLimitDoesNotDropProvenance
--- PASS: TestDocumentWireLimitDoesNotDropProvenance (0.00s)
=== RUN   TestRetrievalSourceBudgetExact
--- PASS: TestRetrievalSourceBudgetExact (0.00s)
=== RUN   TestFormatterWireCapUsesActualHostDTO
--- PASS: TestFormatterWireCapUsesActualHostDTO (0.00s)
=== RUN   TestEmptyUnitKeepsIdentifierAndHonestMissingSource
--- PASS: TestEmptyUnitKeepsIdentifierAndHonestMissingSource (0.00s)
=== RUN   TestHostDTOAdapterRetainsDeclaredPublicIdentifiers
--- PASS: TestHostDTOAdapterRetainsDeclaredPublicIdentifiers (0.00s)
=== RUN   TestAsSearchTool_FormatsMarkdown
--- PASS: TestAsSearchTool_FormatsMarkdown (0.00s)
=== RUN   TestAsSearchTool_MaxResults
--- PASS: TestAsSearchTool_MaxResults (0.00s)
=== RUN   TestAsSearchTool_MaxBytesRejectsOversized
--- PASS: TestAsSearchTool_MaxBytesRejectsOversized (0.00s)
=== RUN   TestAsSearchTool_MaxBytesRejectsOversizedUTF8
--- PASS: TestAsSearchTool_MaxBytesRejectsOversizedUTF8 (0.00s)
=== RUN   TestAsSearchTool_RetrieverError
--- PASS: TestAsSearchTool_RetrieverError (0.00s)
=== RUN   TestAsSearchTool_EmptyResult
--- PASS: TestAsSearchTool_EmptyResult (0.00s)
=== RUN   TestAsSearchTool_ReadOnlyManifest
--- PASS: TestAsSearchTool_ReadOnlyManifest (0.00s)
=== RUN   TestAsSearchTool_ShapeDocumentsJSON
--- PASS: TestAsSearchTool_ShapeDocumentsJSON (0.00s)
=== RUN   TestAsSearchTool_WithScopeFilter
--- PASS: TestAsSearchTool_WithScopeFilter (0.00s)
=== RUN   TestAsSearchTool_WithResultFormatter
--- PASS: TestAsSearchTool_WithResultFormatter (0.00s)
=== RUN   TestAsSearchTool_ValidatorOnly_ShapeMarkdown
--- PASS: TestAsSearchTool_ValidatorOnly_ShapeMarkdown (0.00s)
=== RUN   TestAsSearchTool_ValidatorOnly_Reject
--- PASS: TestAsSearchTool_ValidatorOnly_Reject (0.00s)
=== RUN   TestAsSearchTool_WithMaxBytes_ShapeDocumentsJSON_ExceedsWireBudget
--- PASS: TestAsSearchTool_WithMaxBytes_ShapeDocumentsJSON_ExceedsWireBudget (0.00s)
=== RUN   TestCapDocumentsForWire_CanceledReturnsInternal
--- PASS: TestCapDocumentsForWire_CanceledReturnsInternal (0.00s)
=== RUN   TestCapDocumentsForWire_ExceedsWireBudget
--- PASS: TestCapDocumentsForWire_ExceedsWireBudget (0.00s)
=== RUN   TestAsSearchTool_ShapeDocumentsJSON_SingleWireTruncSuffix
--- PASS: TestAsSearchTool_ShapeDocumentsJSON_SingleWireTruncSuffix (0.00s)
=== RUN   TestAsSearchTool_TripleIoC_MaxBytesFormatterValidator
--- PASS: TestAsSearchTool_TripleIoC_MaxBytesFormatterValidator (0.00s)
=== RUN   TestAsSearchTool_WithMaxBytes_WithResultFormatter
--- PASS: TestAsSearchTool_WithMaxBytes_WithResultFormatter (0.00s)
=== RUN   TestAsSearchTool_FormatterAndValidator
--- PASS: TestAsSearchTool_FormatterAndValidator (0.00s)
=== RUN   TestAsSearchTool_WithHostResultValidator_ShapeDocumentsJSON
--- PASS: TestAsSearchTool_WithHostResultValidator_ShapeDocumentsJSON (0.00s)
=== RUN   TestScopeFilter_BeforeMaxResults
--- PASS: TestScopeFilter_BeforeMaxResults (0.00s)
=== RUN   TestAsSearchTool_MaxResultsZeroUsesFiniteDefault
--- PASS: TestAsSearchTool_MaxResultsZeroUsesFiniteDefault (0.00s)
=== RUN   TestDedup_PreservesChunksSameSource
--- PASS: TestDedup_PreservesChunksSameSource (0.00s)
=== RUN   TestDedup_ByContentFNV
--- PASS: TestDedup_ByContentFNV (0.00s)
=== RUN   TestFallback_UsesSecondaryWhenPrimaryEmpty
--- PASS: TestFallback_UsesSecondaryWhenPrimaryEmpty (0.00s)
=== RUN   TestFallback_PrimaryError_UsesSecondary
--- PASS: TestFallback_PrimaryError_UsesSecondary (0.00s)
=== RUN   TestDedup_NilRetriever
--- PASS: TestDedup_NilRetriever (0.00s)
=== RUN   TestAggregate_Concatenates
--- PASS: TestAggregate_Concatenates (0.00s)
=== RUN   TestFormatDocumentsMarkdown_Empty
--- PASS: TestFormatDocumentsMarkdown_Empty (0.00s)
=== RUN   TestDocumentDedupKey_URI
--- PASS: TestDocumentDedupKey_URI (0.00s)
=== RUN   TestDocumentDedupKey_FNV
--- PASS: TestDocumentDedupKey_FNV (0.00s)
PASS
ok  	github.com/skosovsky/toolsy/toolkits/rag	1.805s
test - ./toolkits/timetool
=== RUN   TestDynamicCalendarLocationAndDST
--- PASS: TestDynamicCalendarLocationAndDST (0.07s)
=== RUN   TestTimeNilLocationAndArithmeticBounds
--- PASS: TestTimeNilLocationAndArithmeticBounds (0.00s)
=== RUN   TestTimeCustomFormatterWireBounds
--- PASS: TestTimeCustomFormatterWireBounds (0.01s)
=== RUN   TestRFC3339InstantFidelity
--- PASS: TestRFC3339InstantFidelity (0.00s)
=== RUN   TestStrictRFC3339Input
--- PASS: TestStrictRFC3339Input (0.00s)
=== RUN   TestComputeCurrent_UTC
--- PASS: TestComputeCurrent_UTC (0.00s)
=== RUN   TestComputeCurrent_NilLocationUsesUTC
--- PASS: TestComputeCurrent_NilLocationUsesUTC (0.00s)
=== RUN   TestComputeCurrent_DSTAwareLocation
--- PASS: TestComputeCurrent_DSTAwareLocation (0.00s)
=== RUN   TestTimeCurrent_ReturnsValidRFC3339
--- PASS: TestTimeCurrent_ReturnsValidRFC3339 (0.00s)
=== RUN   TestTimeCalculate_AddDaysAndHours
--- PASS: TestTimeCalculate_AddDaysAndHours (0.00s)
=== RUN   TestTimeCalculate_InvalidBaseDate_ValidationToolError
--- PASS: TestTimeCalculate_InvalidBaseDate_ValidationToolError (0.00s)
=== RUN   TestTimeCalculate_EmptyBaseDate_ValidationToolError
--- PASS: TestTimeCalculate_EmptyBaseDate_ValidationToolError (0.00s)
=== RUN   TestTimeCalculate_DST_AddDateCorrect
--- PASS: TestTimeCalculate_DST_AddDateCorrect (0.03s)
=== RUN   TestTimeCalculate_DST_FallBack_November
--- PASS: TestTimeCalculate_DST_FallBack_November (0.00s)
=== RUN   TestTimeCalculate_DST_SpringForward_WallClockPreserved
--- PASS: TestTimeCalculate_DST_SpringForward_WallClockPreserved (0.00s)
=== RUN   TestAsTools_ToolCountAndNames
--- PASS: TestAsTools_ToolCountAndNames (0.00s)
=== RUN   TestAsTools_CustomNames
--- PASS: TestAsTools_CustomNames (0.00s)
=== RUN   TestTimeCurrent_WithLocationProvider
--- PASS: TestTimeCurrent_WithLocationProvider (0.00s)
=== RUN   TestTimeCurrent_WithResultFormatter
--- PASS: TestTimeCurrent_WithResultFormatter (0.00s)
=== RUN   TestTimeCalculate_WithCalculateResultFormatter
--- PASS: TestTimeCalculate_WithCalculateResultFormatter (0.00s)
=== RUN   TestTimeCurrent_FormatterAndValidator
--- PASS: TestTimeCurrent_FormatterAndValidator (0.00s)
=== RUN   TestTimeCurrent_FormatterError_CodeInternal
--- PASS: TestTimeCurrent_FormatterError_CodeInternal (0.00s)
=== RUN   TestTimeCalculate_WithHostResultValidator
--- PASS: TestTimeCalculate_WithHostResultValidator (0.02s)
=== RUN   TestTimeCalculate_WithHostResultValidator_Reject
--- PASS: TestTimeCalculate_WithHostResultValidator_Reject (0.00s)
=== RUN   TestTimeCurrent_WithHostResultValidator_Reject
--- PASS: TestTimeCurrent_WithHostResultValidator_Reject (0.00s)
=== RUN   TestTimeCurrent_WithHostResultValidator
--- PASS: TestTimeCurrent_WithHostResultValidator (0.00s)
=== RUN   TestTimeCalculate_FormatterAndValidator
--- PASS: TestTimeCalculate_FormatterAndValidator (0.00s)
PASS
ok  	github.com/skosovsky/toolsy/toolkits/timetool	1.984s
test - ./toolkits/prompts
=== RUN   TestProviderRequired
--- PASS: TestProviderRequired (0.00s)
=== RUN   TestPromptLimitConfiguration
--- PASS: TestPromptLimitConfiguration (0.00s)
=== RUN   TestPromptDocumentBounds
=== RUN   TestPromptDocumentBounds/escapedWire
=== RUN   TestPromptDocumentBounds/multibyteItem
=== RUN   TestPromptDocumentBounds/sourceTotal
=== RUN   TestPromptDocumentBounds/provenance
=== RUN   TestPromptDocumentBounds/invalidUTF8
--- PASS: TestPromptDocumentBounds (0.03s)
    --- PASS: TestPromptDocumentBounds/escapedWire (0.00s)
    --- PASS: TestPromptDocumentBounds/multibyteItem (0.00s)
    --- PASS: TestPromptDocumentBounds/sourceTotal (0.00s)
    --- PASS: TestPromptDocumentBounds/provenance (0.00s)
    --- PASS: TestPromptDocumentBounds/invalidUTF8 (0.02s)
=== RUN   TestPromptDocumentProvenanceAndExactWireBoundary
--- PASS: TestPromptDocumentProvenanceAndExactWireBoundary (0.00s)
=== RUN   TestAsTool_RoleAndVariables
--- PASS: TestAsTool_RoleAndVariables (0.00s)
=== RUN   TestAsTool_ProviderError
--- PASS: TestAsTool_ProviderError (0.00s)
=== RUN   TestAsTool_WithNameAndDescription
--- PASS: TestAsTool_WithNameAndDescription (0.00s)
=== RUN   TestAsTool_MaxBytesReject
--- PASS: TestAsTool_MaxBytesReject (0.00s)
=== RUN   TestAsTool_ProviderCancel
--- PASS: TestAsTool_ProviderCancel (0.00s)
PASS
ok  	github.com/skosovsky/toolsy/toolkits/prompts	1.758s
test - ./toolkits/httptool
=== RUN   TestCredentialOriginBinding
--- PASS: TestCredentialOriginBinding (0.01s)
=== RUN   TestHTTPFinalWireLimitAfterEscaping
--- PASS: TestHTTPFinalWireLimitAfterEscaping (0.00s)
=== RUN   TestPOSTOversizeRejectedBeforeDispatch
--- PASS: TestPOSTOversizeRejectedBeforeDispatch (0.00s)
=== RUN   TestPublicToolRedirectRefusalClassification
=== RUN   TestPublicToolRedirectRefusalClassification/GET/301
=== RUN   TestPublicToolRedirectRefusalClassification/POST/301
=== RUN   TestPublicToolRedirectRefusalClassification/GET/302
=== RUN   TestPublicToolRedirectRefusalClassification/POST/302
=== RUN   TestPublicToolRedirectRefusalClassification/GET/303
=== RUN   TestPublicToolRedirectRefusalClassification/POST/303
=== RUN   TestPublicToolRedirectRefusalClassification/GET/307
=== RUN   TestPublicToolRedirectRefusalClassification/POST/307
=== RUN   TestPublicToolRedirectRefusalClassification/GET/308
=== RUN   TestPublicToolRedirectRefusalClassification/POST/308
--- PASS: TestPublicToolRedirectRefusalClassification (0.04s)
    --- PASS: TestPublicToolRedirectRefusalClassification/GET/301 (0.00s)
    --- PASS: TestPublicToolRedirectRefusalClassification/POST/301 (0.00s)
    --- PASS: TestPublicToolRedirectRefusalClassification/GET/302 (0.00s)
    --- PASS: TestPublicToolRedirectRefusalClassification/POST/302 (0.00s)
    --- PASS: TestPublicToolRedirectRefusalClassification/GET/303 (0.00s)
    --- PASS: TestPublicToolRedirectRefusalClassification/POST/303 (0.00s)
    --- PASS: TestPublicToolRedirectRefusalClassification/GET/307 (0.01s)
    --- PASS: TestPublicToolRedirectRefusalClassification/POST/307 (0.00s)
    --- PASS: TestPublicToolRedirectRefusalClassification/GET/308 (0.00s)
    --- PASS: TestPublicToolRedirectRefusalClassification/POST/308 (0.00s)
=== RUN   TestDrainResponseBody_CapsTail
--- PASS: TestDrainResponseBody_CapsTail (0.00s)
=== RUN   TestDrainResponseBody_ShortBody
--- PASS: TestDrainResponseBody_ShortBody (0.00s)
=== RUN   TestLimitStreamReader_CancelMidRead
--- PASS: TestLimitStreamReader_CancelMidRead (0.03s)
=== RUN   TestLimitStreamReader_CapsTotal
--- PASS: TestLimitStreamReader_CapsTotal (0.00s)
=== RUN   TestReadBodyLimited_ExceedsLimit
--- PASS: TestReadBodyLimited_ExceedsLimit (0.00s)
=== RUN   TestReadBodyLimited_RespectsContext
--- PASS: TestReadBodyLimited_RespectsContext (0.00s)
=== RUN   TestReadBodyLimited_ShortBody
--- PASS: TestReadBodyLimited_ShortBody (0.00s)
=== RUN   TestIsSuccessStatus
--- PASS: TestIsSuccessStatus (0.00s)
=== RUN   TestReadBodyLimited_InfiniteReaderBoundedAllocs
--- PASS: TestReadBodyLimited_InfiniteReaderBoundedAllocs (0.05s)
=== RUN   TestCloseResponseBody_DrainExceed
--- PASS: TestCloseResponseBody_DrainExceed (0.00s)
=== RUN   TestMapReadLimitError
--- PASS: TestMapReadLimitError (0.00s)
=== RUN   TestReadBodyLimited_DevZeroFastFinish
--- PASS: TestReadBodyLimited_DevZeroFastFinish (0.02s)
=== RUN   TestReadBodyLimited_DevZero
--- PASS: TestReadBodyLimited_DevZero (0.02s)
=== RUN   TestReadBodyLimited_DevZeroFile
--- PASS: TestReadBodyLimited_DevZeroFile (0.00s)
=== RUN   TestRemoteRedirectOriginAndMethod
=== RUN   TestRemoteRedirectOriginAndMethod/same-origin-get
=== RUN   TestRemoteRedirectOriginAndMethod/same-origin-head
=== RUN   TestRemoteRedirectOriginAndMethod/default-port
=== RUN   TestRemoteRedirectOriginAndMethod/changed-port
=== RUN   TestRemoteRedirectOriginAndMethod/subdomain
=== RUN   TestRemoteRedirectOriginAndMethod/downgrade
=== RUN   TestRemoteRedirectOriginAndMethod/upgrade
=== RUN   TestRemoteRedirectOriginAndMethod/post-replay
=== RUN   TestRemoteRedirectOriginAndMethod/post-rewritten
=== RUN   TestRemoteRedirectOriginAndMethod/put-rewritten
=== RUN   TestRemoteRedirectOriginAndMethod/patch-replay
=== RUN   TestRemoteRedirectOriginAndMethod/delete-replay
--- PASS: TestRemoteRedirectOriginAndMethod (0.00s)
    --- PASS: TestRemoteRedirectOriginAndMethod/same-origin-get (0.00s)
    --- PASS: TestRemoteRedirectOriginAndMethod/same-origin-head (0.00s)
    --- PASS: TestRemoteRedirectOriginAndMethod/default-port (0.00s)
    --- PASS: TestRemoteRedirectOriginAndMethod/changed-port (0.00s)
    --- PASS: TestRemoteRedirectOriginAndMethod/subdomain (0.00s)
    --- PASS: TestRemoteRedirectOriginAndMethod/downgrade (0.00s)
    --- PASS: TestRemoteRedirectOriginAndMethod/upgrade (0.00s)
    --- PASS: TestRemoteRedirectOriginAndMethod/post-replay (0.00s)
    --- PASS: TestRemoteRedirectOriginAndMethod/post-rewritten (0.00s)
    --- PASS: TestRemoteRedirectOriginAndMethod/put-rewritten (0.00s)
    --- PASS: TestRemoteRedirectOriginAndMethod/patch-replay (0.00s)
    --- PASS: TestRemoteRedirectOriginAndMethod/delete-replay (0.00s)
=== RUN   TestAllowedRedirectCredentialsAndMethod
=== RUN   TestAllowedRedirectCredentialsAndMethod/https://example.com:8443/next
=== RUN   TestAllowedRedirectCredentialsAndMethod/https://api.example.com/next
=== RUN   TestAllowedRedirectCredentialsAndMethod/http://example.com/next
--- PASS: TestAllowedRedirectCredentialsAndMethod (0.00s)
    --- PASS: TestAllowedRedirectCredentialsAndMethod/https://example.com:8443/next (0.00s)
    --- PASS: TestAllowedRedirectCredentialsAndMethod/https://api.example.com/next (0.00s)
    --- PASS: TestAllowedRedirectCredentialsAndMethod/http://example.com/next (0.00s)
=== RUN   TestRedirectSafetyGuards
--- PASS: TestRedirectSafetyGuards (0.00s)
=== RUN   TestOriginNormalizesSchemeAndDefaultPort
--- PASS: TestOriginNormalizesSchemeAndDefaultPort (0.00s)
=== RUN   TestRedirectRefusalClassification
=== RUN   TestRedirectRefusalClassification/userinfo
=== RUN   TestRedirectRefusalClassification/private-IP
=== RUN   TestRedirectRefusalClassification/blocked-host
=== RUN   TestRedirectRefusalClassification/not-allowed
--- PASS: TestRedirectRefusalClassification (0.00s)
    --- PASS: TestRedirectRefusalClassification/userinfo (0.00s)
    --- PASS: TestRedirectRefusalClassification/private-IP (0.00s)
    --- PASS: TestRedirectRefusalClassification/blocked-host (0.00s)
    --- PASS: TestRedirectRefusalClassification/not-allowed (0.00s)
=== RUN   TestHostPolicyDenyPrecedence
=== RUN   TestHostPolicyDenyPrecedence/identical-exact
=== RUN   TestHostPolicyDenyPrecedence/identical-suffix
=== RUN   TestHostPolicyDenyPrecedence/broad-allow-narrow-deny
=== RUN   TestHostPolicyDenyPrecedence/allowed-sibling
=== RUN   TestHostPolicyDenyPrecedence/apex-not-in-suffix
=== RUN   TestHostPolicyDenyPrecedence/exact-not-descendants
=== RUN   TestHostPolicyDenyPrecedence/deny-suffix-not-apex
=== RUN   TestHostPolicyDenyPrecedence/exact-allow-suffix-deny
=== RUN   TestHostPolicyDenyPrecedence/normalization
=== RUN   TestHostPolicyDenyPrecedence/blacklist-exact
=== RUN   TestHostPolicyDenyPrecedence/blacklist-exact-sibling
=== RUN   TestHostPolicyDenyPrecedence/blacklist-suffix
=== RUN   TestHostPolicyDenyPrecedence/blank-allow-is-deny
=== RUN   TestHostPolicyDenyPrecedence/repeated-root-dot
=== RUN   TestHostPolicyDenyPrecedence/empty-label
--- PASS: TestHostPolicyDenyPrecedence (0.00s)
    --- PASS: TestHostPolicyDenyPrecedence/identical-exact (0.00s)
    --- PASS: TestHostPolicyDenyPrecedence/identical-suffix (0.00s)
    --- PASS: TestHostPolicyDenyPrecedence/broad-allow-narrow-deny (0.00s)
    --- PASS: TestHostPolicyDenyPrecedence/allowed-sibling (0.00s)
    --- PASS: TestHostPolicyDenyPrecedence/apex-not-in-suffix (0.00s)
    --- PASS: TestHostPolicyDenyPrecedence/exact-not-descendants (0.00s)
    --- PASS: TestHostPolicyDenyPrecedence/deny-suffix-not-apex (0.00s)
    --- PASS: TestHostPolicyDenyPrecedence/exact-allow-suffix-deny (0.00s)
    --- PASS: TestHostPolicyDenyPrecedence/normalization (0.00s)
    --- PASS: TestHostPolicyDenyPrecedence/blacklist-exact (0.00s)
    --- PASS: TestHostPolicyDenyPrecedence/blacklist-exact-sibling (0.00s)
    --- PASS: TestHostPolicyDenyPrecedence/blacklist-suffix (0.00s)
    --- PASS: TestHostPolicyDenyPrecedence/blank-allow-is-deny (0.00s)
    --- PASS: TestHostPolicyDenyPrecedence/repeated-root-dot (0.00s)
    --- PASS: TestHostPolicyDenyPrecedence/empty-label (0.00s)
=== RUN   TestSafeTransportRejectsOverlapBeforeDNS
--- PASS: TestSafeTransportRejectsOverlapBeforeDNS (0.00s)
=== RUN   TestHostSyntaxSharedAcrossHelpers
=== RUN   TestHostSyntaxSharedAcrossHelpers/example.com/example.com
=== RUN   TestHostSyntaxSharedAcrossHelpers/api.example.com/example.com
=== RUN   TestHostSyntaxSharedAcrossHelpers/example.com/.example.com
=== RUN   TestHostSyntaxSharedAcrossHelpers/api.example.com/.example.com
=== RUN   TestHostSyntaxSharedAcrossHelpers/evil-example.com/.example.com
=== RUN   TestHostSyntaxSharedAcrossHelpers/a.b.example.com/.example.com
=== RUN   TestHostSyntaxSharedAcrossHelpers/_API.Example.COM._/_api.example.com_
=== RUN   TestHostSyntaxSharedAcrossHelpers/API.Example.COM./_.example.com._
=== RUN   TestHostSyntaxSharedAcrossHelpers//
=== RUN   TestHostSyntaxSharedAcrossHelpers/example.com/.
=== RUN   TestHostSyntaxSharedAcrossHelpers/example.com../example.com..
=== RUN   TestHostSyntaxSharedAcrossHelpers/api..example.com/.example.com
--- PASS: TestHostSyntaxSharedAcrossHelpers (0.00s)
    --- PASS: TestHostSyntaxSharedAcrossHelpers/example.com/example.com (0.00s)
    --- PASS: TestHostSyntaxSharedAcrossHelpers/api.example.com/example.com (0.00s)
    --- PASS: TestHostSyntaxSharedAcrossHelpers/example.com/.example.com (0.00s)
    --- PASS: TestHostSyntaxSharedAcrossHelpers/api.example.com/.example.com (0.00s)
    --- PASS: TestHostSyntaxSharedAcrossHelpers/evil-example.com/.example.com (0.00s)
    --- PASS: TestHostSyntaxSharedAcrossHelpers/a.b.example.com/.example.com (0.00s)
    --- PASS: TestHostSyntaxSharedAcrossHelpers/_API.Example.COM._/_api.example.com_ (0.00s)
    --- PASS: TestHostSyntaxSharedAcrossHelpers/API.Example.COM./_.example.com._ (0.00s)
    --- PASS: TestHostSyntaxSharedAcrossHelpers// (0.00s)
    --- PASS: TestHostSyntaxSharedAcrossHelpers/example.com/. (0.00s)
    --- PASS: TestHostSyntaxSharedAcrossHelpers/example.com../example.com.. (0.00s)
    --- PASS: TestHostSyntaxSharedAcrossHelpers/api..example.com/.example.com (0.00s)
=== RUN   TestBlacklistURLAndRedirectRejectBeforeDNS
--- PASS: TestBlacklistURLAndRedirectRejectBeforeDNS (0.00s)
=== RUN   TestMatchHost
=== PAUSE TestMatchHost
=== RUN   TestHostBlocked
=== PAUSE TestHostBlocked
=== RUN   TestHTTPGet_Success
--- PASS: TestHTTPGet_Success (0.00s)
=== RUN   TestHTTPGet_DomainBlocked
--- PASS: TestHTTPGet_DomainBlocked (0.00s)
=== RUN   TestHTTPGet_ExceedsLimitReturnsValidationError
--- PASS: TestHTTPGet_ExceedsLimitReturnsValidationError (0.00s)
=== RUN   TestHTTPPost_ExceedsLimitReturnsValidationError
--- PASS: TestHTTPPost_ExceedsLimitReturnsValidationError (0.01s)
=== RUN   TestReadBodyLimited_CancelMidRead_MapsInternal
--- PASS: TestReadBodyLimited_CancelMidRead_MapsInternal (0.02s)
=== RUN   TestReadBodyLimited_InterruptInChainOverReadLimit_MapsInternal
--- PASS: TestReadBodyLimited_InterruptInChainOverReadLimit_MapsInternal (0.00s)
=== RUN   TestHTTPPost_Success
--- PASS: TestHTTPPost_Success (0.00s)
=== RUN   TestHTTPPost_ContentTypeSet
--- PASS: TestHTTPPost_ContentTypeSet (0.00s)
=== RUN   TestHTTPPost_EmptyBody
--- PASS: TestHTTPPost_EmptyBody (0.00s)
=== RUN   TestHTTPGet_HeadersApplied
--- PASS: TestHTTPGet_HeadersApplied (0.01s)
=== RUN   TestHTTPGet_ServerError
--- PASS: TestHTTPGet_ServerError (0.01s)
=== RUN   TestAsTools_ToolCount
--- PASS: TestAsTools_ToolCount (0.00s)
=== RUN   TestAsTools_CustomToolNames
--- PASS: TestAsTools_CustomToolNames (0.00s)
=== RUN   TestHTTPGet_BlocksPrivateIPWithoutAllow
--- PASS: TestHTTPGet_BlocksPrivateIPWithoutAllow (0.00s)
=== RUN   TestHTTPGet_CancelDuringDo
--- PASS: TestHTTPGet_CancelDuringDo (0.51s)
=== RUN   TestHTTPGet_CancelDuringGetAuth
--- PASS: TestHTTPGet_CancelDuringGetAuth (0.00s)
=== RUN   TestPinnedDialAttemptsCheckedAddresses
--- PASS: TestPinnedDialAttemptsCheckedAddresses (0.00s)
=== RUN   TestPinnedDialTotalTimeoutAndCancellation
=== RUN   TestPinnedDialTotalTimeoutAndCancellation/timeout
=== RUN   TestPinnedDialTotalTimeoutAndCancellation/canceled
--- PASS: TestPinnedDialTotalTimeoutAndCancellation (0.04s)
    --- PASS: TestPinnedDialTotalTimeoutAndCancellation/timeout (0.04s)
    --- PASS: TestPinnedDialTotalTimeoutAndCancellation/canceled (0.00s)
=== RUN   TestSafeDialChecksAllIPsBeforeAnyAttempt
--- PASS: TestSafeDialChecksAllIPsBeforeAnyAttempt (0.00s)
=== RUN   TestSafeDialPinsOneDNSAnswerAcrossAttempts
--- PASS: TestSafeDialPinsOneDNSAnswerAcrossAttempts (0.00s)
=== RUN   TestPublicHTTPPoolReuseAndCleanup
--- PASS: TestPublicHTTPPoolReuseAndCleanup (0.02s)
=== RUN   TestValidateURL_DomainAllowed
--- PASS: TestValidateURL_DomainAllowed (0.00s)
=== RUN   TestValidateURL_DomainNotAllowed
--- PASS: TestValidateURL_DomainNotAllowed (0.00s)
=== RUN   TestValidateURL_EmptyAllowedDomains
--- PASS: TestValidateURL_EmptyAllowedDomains (0.00s)
=== RUN   TestValidateURL_InvalidScheme
--- PASS: TestValidateURL_InvalidScheme (0.00s)
=== RUN   TestValidateURL_InvalidURL
--- PASS: TestValidateURL_InvalidURL (0.00s)
=== RUN   TestValidateURL_CaseInsensitiveDomain
--- PASS: TestValidateURL_CaseInsensitiveDomain (0.00s)
=== RUN   TestValidateURL_WildcardSubdomain
--- PASS: TestValidateURL_WildcardSubdomain (0.00s)
=== RUN   TestValidateURL_WildcardDoesNotMatchBareDomain
--- PASS: TestValidateURL_WildcardDoesNotMatchBareDomain (0.00s)
=== RUN   TestValidateURL_WildcardDoesNotMatchSuffixOnly
--- PASS: TestValidateURL_WildcardDoesNotMatchSuffixOnly (0.00s)
=== RUN   TestValidateURL_LocalhostBlocked
--- PASS: TestValidateURL_LocalhostBlocked (0.00s)
=== RUN   TestValidateURL_ZeroIPBlocked
--- PASS: TestValidateURL_ZeroIPBlocked (0.00s)
=== RUN   TestValidateURL_MulticastBlocked
--- PASS: TestValidateURL_MulticastBlocked (0.00s)
=== RUN   TestValidateURL_PrivateIPBlocked
--- PASS: TestValidateURL_PrivateIPBlocked (0.00s)
=== RUN   TestValidateURL_AllowPrivateIPsForTests
--- PASS: TestValidateURL_AllowPrivateIPsForTests (0.00s)
=== RUN   TestIsPrivateIP_ExportedMatchesValidateURL
--- PASS: TestIsPrivateIP_ExportedMatchesValidateURL (0.00s)
=== RUN   TestIsBlockedIP_Exported
--- PASS: TestIsBlockedIP_Exported (0.00s)
=== RUN   TestSafeHTTPSettingsTLSAndOwnership
--- PASS: TestSafeHTTPSettingsTLSAndOwnership (0.01s)
=== RUN   TestSafeHTTPSettingsRejectNegativeTimeout
--- PASS: TestSafeHTTPSettingsRejectNegativeTimeout (0.00s)
=== RUN   TestStreamCapStopsWithoutEOFProbe
--- PASS: TestStreamCapStopsWithoutEOFProbe (0.00s)
=== RUN   TestStreamBelowCapReportsEOF
--- PASS: TestStreamBelowCapReportsEOF (0.00s)
=== RUN   TestIsPrivateIP
=== PAUSE TestIsPrivateIP
=== RUN   TestIsBlockedIP
=== PAUSE TestIsBlockedIP
=== RUN   TestHostAllowed_WhitelistMode
=== PAUSE TestHostAllowed_WhitelistMode
=== RUN   TestHostAllowed_BlacklistMode
=== PAUSE TestHostAllowed_BlacklistMode
=== RUN   TestHostAllowed_IntersectionFailClosed
=== PAUSE TestHostAllowed_IntersectionFailClosed
=== RUN   TestSafeDialTransport_WhitelistAllowsPublicHost
--- PASS: TestSafeDialTransport_WhitelistAllowsPublicHost (0.00s)
=== RUN   TestSafeDialTransport_WhitelistBlocksUnlistedHost
--- PASS: TestSafeDialTransport_WhitelistBlocksUnlistedHost (0.00s)
=== RUN   TestSafeDialTransport_BlacklistBlocksHost
--- PASS: TestSafeDialTransport_BlacklistBlocksHost (0.00s)
=== RUN   TestSafeDialTransport_BlocksPrivateIPWithoutAllow
--- PASS: TestSafeDialTransport_BlocksPrivateIPWithoutAllow (0.00s)
=== RUN   TestSafeDialContext_CancelledContext
--- PASS: TestSafeDialContext_CancelledContext (0.00s)
=== RUN   TestSafeDialTransport_IntersectionIntegration
--- PASS: TestSafeDialTransport_IntersectionIntegration (0.00s)
=== RUN   TestSafeDialTransport_DNSPinBlocksPrivateAtDial
--- PASS: TestSafeDialTransport_DNSPinBlocksPrivateAtDial (0.00s)
=== RUN   TestDrainResponseBody_CancelMidDrain
--- PASS: TestDrainResponseBody_CancelMidDrain (0.03s)
=== CONT  TestMatchHost
=== RUN   TestMatchHost/api.slack.com_.slack.com
=== CONT  TestIsBlockedIP
=== CONT  TestHostAllowed_BlacklistMode
=== CONT  TestHostAllowed_IntersectionFailClosed
--- PASS: TestHostAllowed_IntersectionFailClosed (0.00s)
=== RUN   TestIsBlockedIP/loopback
=== PAUSE TestIsBlockedIP/loopback
=== RUN   TestIsBlockedIP/private
=== PAUSE TestIsBlockedIP/private
=== RUN   TestIsBlockedIP/multicast
=== CONT  TestIsPrivateIP
=== RUN   TestIsPrivateIP/loopback
=== CONT  TestHostBlocked
--- PASS: TestHostBlocked (0.00s)
=== PAUSE TestIsBlockedIP/multicast
=== RUN   TestIsBlockedIP/zero_v4
=== PAUSE TestIsPrivateIP/loopback
=== PAUSE TestMatchHost/api.slack.com_.slack.com
--- PASS: TestHostAllowed_BlacklistMode (0.00s)
=== RUN   TestIsPrivateIP/private
=== PAUSE TestIsBlockedIP/zero_v4
=== RUN   TestMatchHost/hooks.slack.com_.slack.com
=== PAUSE TestIsPrivateIP/private
=== RUN   TestIsBlockedIP/zero_v6
=== RUN   TestIsPrivateIP/link_local
=== CONT  TestHostAllowed_WhitelistMode
--- PASS: TestHostAllowed_WhitelistMode (0.00s)
=== PAUSE TestMatchHost/hooks.slack.com_.slack.com
=== RUN   TestMatchHost/slack.com_.slack.com
=== PAUSE TestIsBlockedIP/zero_v6
=== RUN   TestIsBlockedIP/public
=== PAUSE TestIsBlockedIP/public
=== CONT  TestIsBlockedIP/loopback
=== CONT  TestIsBlockedIP/zero_v6
=== CONT  TestIsBlockedIP/multicast
=== CONT  TestIsBlockedIP/public
=== CONT  TestIsBlockedIP/private
=== CONT  TestIsBlockedIP/zero_v4
=== PAUSE TestIsPrivateIP/link_local
--- PASS: TestIsBlockedIP (0.00s)
    --- PASS: TestIsBlockedIP/loopback (0.00s)
    --- PASS: TestIsBlockedIP/zero_v6 (0.00s)
    --- PASS: TestIsBlockedIP/multicast (0.00s)
    --- PASS: TestIsBlockedIP/public (0.00s)
    --- PASS: TestIsBlockedIP/private (0.00s)
    --- PASS: TestIsBlockedIP/zero_v4 (0.00s)
=== PAUSE TestMatchHost/slack.com_.slack.com
=== RUN   TestMatchHost/evil-slack.com_.slack.com
=== RUN   TestIsPrivateIP/public
=== PAUSE TestIsPrivateIP/public
=== RUN   TestIsPrivateIP/nil
=== PAUSE TestIsPrivateIP/nil
=== CONT  TestIsPrivateIP/loopback
=== CONT  TestIsPrivateIP/public
=== CONT  TestIsPrivateIP/nil
=== CONT  TestIsPrivateIP/link_local
=== CONT  TestIsPrivateIP/private
=== PAUSE TestMatchHost/evil-slack.com_.slack.com
=== RUN   TestMatchHost/api.evil.com_.evil.com
=== PAUSE TestMatchHost/api.evil.com_.evil.com
=== RUN   TestMatchHost/evil.com_.evil.com
=== PAUSE TestMatchHost/evil.com_.evil.com
=== RUN   TestMatchHost/api.example.com_api.example.com
=== PAUSE TestMatchHost/api.example.com_api.example.com
--- PASS: TestIsPrivateIP (0.00s)
    --- PASS: TestIsPrivateIP/loopback (0.00s)
    --- PASS: TestIsPrivateIP/public (0.00s)
    --- PASS: TestIsPrivateIP/nil (0.00s)
    --- PASS: TestIsPrivateIP/link_local (0.00s)
    --- PASS: TestIsPrivateIP/private (0.00s)
=== RUN   TestMatchHost/sub.api.example.com_api.example.com
=== PAUSE TestMatchHost/sub.api.example.com_api.example.com
=== RUN   TestMatchHost/notapi.example.com_api.example.com
=== PAUSE TestMatchHost/notapi.example.com_api.example.com
=== CONT  TestMatchHost/slack.com_.slack.com
=== CONT  TestMatchHost/api.example.com_api.example.com
=== CONT  TestMatchHost/notapi.example.com_api.example.com
=== CONT  TestMatchHost/evil.com_.evil.com
=== CONT  TestMatchHost/evil-slack.com_.slack.com
=== CONT  TestMatchHost/api.evil.com_.evil.com
=== CONT  TestMatchHost/api.slack.com_.slack.com
=== CONT  TestMatchHost/hooks.slack.com_.slack.com
=== CONT  TestMatchHost/sub.api.example.com_api.example.com
--- PASS: TestMatchHost (0.00s)
    --- PASS: TestMatchHost/slack.com_.slack.com (0.00s)
    --- PASS: TestMatchHost/api.example.com_api.example.com (0.00s)
    --- PASS: TestMatchHost/evil.com_.evil.com (0.00s)
    --- PASS: TestMatchHost/evil-slack.com_.slack.com (0.00s)
    --- PASS: TestMatchHost/api.slack.com_.slack.com (0.00s)
    --- PASS: TestMatchHost/hooks.slack.com_.slack.com (0.00s)
    --- PASS: TestMatchHost/notapi.example.com_api.example.com (0.00s)
    --- PASS: TestMatchHost/sub.api.example.com_api.example.com (0.00s)
    --- PASS: TestMatchHost/api.evil.com_.evil.com (0.00s)
PASS
ok  	github.com/skosovsky/toolsy/toolkits/httptool	2.400s
test - ./toolkits/fstool
=== RUN   TestWriteOutsideSymlinkCreatesNothing
--- PASS: TestWriteOutsideSymlinkCreatesNothing (0.00s)
=== RUN   TestConcurrentSymlinkReplacementCannotEscape
--- PASS: TestConcurrentSymlinkReplacementCannotEscape (0.06s)
=== RUN   TestWireBudgetIncludesEscapingAndSourceReference
=== RUN   TestWireBudgetIncludesEscapingAndSourceReference/<
=== RUN   TestWireBudgetIncludesEscapingAndSourceReference/�
=== RUN   TestWireBudgetIncludesEscapingAndSourceReference/\
--- PASS: TestWireBudgetIncludesEscapingAndSourceReference (0.03s)
    --- PASS: TestWireBudgetIncludesEscapingAndSourceReference/< (0.01s)
    --- PASS: TestWireBudgetIncludesEscapingAndSourceReference/� (0.01s)
    --- PASS: TestWireBudgetIncludesEscapingAndSourceReference/\ (0.01s)
=== RUN   TestReadRangeAndDirectoryContinuation
--- PASS: TestReadRangeAndDirectoryContinuation (0.00s)
=== RUN   TestInvalidBoundsAndWriteNoSilentMutation
--- PASS: TestInvalidBoundsAndWriteNoSilentMutation (0.02s)
=== RUN   TestDirectoryLimitsFailClosed
--- PASS: TestDirectoryLimitsFailClosed (0.00s)
=== RUN   TestReadAndListRootAccessBoundary
--- PASS: TestReadAndListRootAccessBoundary (0.00s)
=== RUN   TestFSListDir_Success
--- PASS: TestFSListDir_Success (0.01s)
=== RUN   TestFSReadFile_Success
--- PASS: TestFSReadFile_Success (0.01s)
=== RUN   TestReadFileLimited_ExceedsOnReadPath
--- PASS: TestReadFileLimited_ExceedsOnReadPath (0.00s)
=== RUN   TestFSReadFile_ExceedsLimitReturnsValidationError
--- PASS: TestFSReadFile_ExceedsLimitReturnsValidationError (0.02s)
=== RUN   TestFSReadFile_CanceledBeforeStat_ReturnsInternal
--- PASS: TestFSReadFile_CanceledBeforeStat_ReturnsInternal (0.00s)
=== RUN   TestFSReadFile_CancelOverStatCap_InterruptWins
--- PASS: TestFSReadFile_CancelOverStatCap_InterruptWins (0.00s)
=== RUN   TestReadFileLimited_InterruptInChainOverReadLimit
--- PASS: TestReadFileLimited_InterruptInChainOverReadLimit (0.00s)
=== RUN   TestFSReadFile_BetweenWireAndContentCap
--- PASS: TestFSReadFile_BetweenWireAndContentCap (0.01s)
=== RUN   TestFSReadFile_WithinLimit
--- PASS: TestFSReadFile_WithinLimit (0.01s)
=== RUN   TestFSWriteFile_Success
--- PASS: TestFSWriteFile_Success (0.01s)
=== RUN   TestFSWriteFile_SymlinkEscapeBlocked
--- PASS: TestFSWriteFile_SymlinkEscapeBlocked (0.01s)
=== RUN   TestFSWriteFile_ExistingSymlinkFileBlocked
--- PASS: TestFSWriteFile_ExistingSymlinkFileBlocked (0.01s)
=== RUN   TestFSWriteFile_ReadOnlyBlocked
--- PASS: TestFSWriteFile_ReadOnlyBlocked (0.01s)
=== RUN   TestFSListDir_PathTraversal
--- PASS: TestFSListDir_PathTraversal (0.01s)
=== RUN   TestAsTools_InvalidBaseDir
--- PASS: TestAsTools_InvalidBaseDir (0.00s)
=== RUN   TestAsTools_ToolCount
--- PASS: TestAsTools_ToolCount (0.01s)
=== RUN   TestAsTools_ToolCountReadOnly
--- PASS: TestAsTools_ToolCountReadOnly (0.02s)
=== RUN   TestListDir_CancelBeforeRead
--- PASS: TestListDir_CancelBeforeRead (0.00s)
=== RUN   TestWriteFile_CancelBeforeWrite
--- PASS: TestWriteFile_CancelBeforeWrite (0.00s)
=== RUN   TestFIFORejectedWithoutPeer
=== RUN   TestFIFORejectedWithoutPeer/read
=== RUN   TestFIFORejectedWithoutPeer/write
=== RUN   TestFIFORejectedWithoutPeer/list
--- PASS: TestFIFORejectedWithoutPeer (0.00s)
    --- PASS: TestFIFORejectedWithoutPeer/read (0.00s)
    --- PASS: TestFIFORejectedWithoutPeer/write (0.00s)
    --- PASS: TestFIFORejectedWithoutPeer/list (0.00s)
PASS
ok  	github.com/skosovsky/toolsy/toolkits/fstool	2.278s
test - ./toolkits/human
=== RUN   TestConversationPauseDoesNotGrantAction
--- PASS: TestConversationPauseDoesNotGrantAction (0.00s)
=== RUN   TestPausePayloadExactBounds
--- PASS: TestPausePayloadExactBounds (0.01s)
=== RUN   TestPauseRejectsInvalidConfigurationAndLargeAction
--- PASS: TestPauseRejectsInvalidConfigurationAndLargeAction (0.00s)
=== RUN   TestRequestApproval_YieldsControlPauseThenReturnsErrPause
--- PASS: TestRequestApproval_YieldsControlPauseThenReturnsErrPause (0.00s)
=== RUN   TestAskClarification_YieldsControlPauseThenReturnsErrPause
--- PASS: TestAskClarification_YieldsControlPauseThenReturnsErrPause (0.00s)
=== RUN   TestRequestApproval_YieldErrorShortCircuitsBeforeErrPause
--- PASS: TestRequestApproval_YieldErrorShortCircuitsBeforeErrPause (0.00s)
=== RUN   TestRequestApproval_PayloadShape
--- PASS: TestRequestApproval_PayloadShape (0.00s)
=== RUN   TestAskClarification_PayloadShape
--- PASS: TestAskClarification_PayloadShape (0.00s)
=== RUN   TestAsTools_ToolCount
--- PASS: TestAsTools_ToolCount (0.00s)
=== RUN   TestAsTools_CustomNames
--- PASS: TestAsTools_CustomNames (0.00s)
=== RUN   TestAsTools_CompletionPolicySilentYield
--- PASS: TestAsTools_CompletionPolicySilentYield (0.00s)
PASS
ok  	github.com/skosovsky/toolsy/toolkits/human	1.511s
test - ./toolkits/sqltool
=== RUN   TestExecuteActualResultBounds
=== RUN   TestExecuteActualResultBounds/columns
=== RUN   TestExecuteActualResultBounds/cells
=== RUN   TestExecuteActualResultBounds/source_before_truncation
=== RUN   TestExecuteActualResultBounds/escaped_wire
--- PASS: TestExecuteActualResultBounds (0.01s)
    --- PASS: TestExecuteActualResultBounds/columns (0.01s)
    --- PASS: TestExecuteActualResultBounds/cells (0.00s)
    --- PASS: TestExecuteActualResultBounds/source_before_truncation (0.00s)
    --- PASS: TestExecuteActualResultBounds/escaped_wire (0.00s)
=== RUN   TestExecuteFormatterExactWireBudget
--- PASS: TestExecuteFormatterExactWireBudget (0.00s)
=== RUN   TestBoundedCellIncludesEscapingMarkerUTF8
--- PASS: TestBoundedCellIncludesEscapingMarkerUTF8 (0.00s)
=== RUN   TestInspectActualResultBounds
--- PASS: TestInspectActualResultBounds (0.02s)
=== RUN   TestNonpositiveLimitsAreFinite
--- PASS: TestNonpositiveLimitsAreFinite (0.00s)
=== RUN   TestExecuteEscapedCellTruncationIsExplicit
--- PASS: TestExecuteEscapedCellTruncationIsExplicit (0.00s)
=== RUN   TestInspectSchema_Success
--- PASS: TestInspectSchema_Success (0.00s)
=== RUN   TestInspectSchema_AllowedTables
--- PASS: TestInspectSchema_AllowedTables (0.01s)
=== RUN   TestInspectSchema_MissingTable
--- PASS: TestInspectSchema_MissingTable (0.00s)
=== RUN   TestExecuteRead_Success
--- PASS: TestExecuteRead_Success (0.00s)
=== RUN   TestExecuteRead_MaxRows
--- PASS: TestExecuteRead_MaxRows (0.04s)
=== RUN   TestExecuteRead_BlocksWrite
--- PASS: TestExecuteRead_BlocksWrite (0.00s)
=== RUN   TestExecuteRead_StackedStatementsBlocked
--- PASS: TestExecuteRead_StackedStatementsBlocked (0.00s)
=== RUN   TestExecuteRead_WritableKeywordBlocked
--- PASS: TestExecuteRead_WritableKeywordBlocked (0.00s)
=== RUN   TestExecuteRead_KeywordInStringAllowed
--- PASS: TestExecuteRead_KeywordInStringAllowed (0.00s)
=== RUN   TestExecuteRead_KeywordInCommentAllowed
--- PASS: TestExecuteRead_KeywordInCommentAllowed (0.00s)
=== RUN   TestExecuteRead_MarkdownEscape
--- PASS: TestExecuteRead_MarkdownEscape (0.00s)
=== RUN   TestAsTools_NilDB
--- PASS: TestAsTools_NilDB (0.00s)
=== RUN   TestAsTools_ToolCount
--- PASS: TestAsTools_ToolCount (0.00s)
=== RUN   TestAsTools_UnknownDialect
--- PASS: TestAsTools_UnknownDialect (0.00s)
=== RUN   TestExecuteRead_MaxCellBytes
--- PASS: TestExecuteRead_MaxCellBytes (0.01s)
=== RUN   TestValidateReadOnlyQuery_LexicalSubset
=== RUN   TestValidateReadOnlyQuery_LexicalSubset/simple_select
=== RUN   TestValidateReadOnlyQuery_LexicalSubset/single_quoted_string_escapes_are_ignored
=== RUN   TestValidateReadOnlyQuery_LexicalSubset/double_quoted_identifiers_are_ignored
=== RUN   TestValidateReadOnlyQuery_LexicalSubset/line_comment_newline_resumes_scanning
=== RUN   TestValidateReadOnlyQuery_LexicalSubset/block_comment_is_ignored
=== RUN   TestValidateReadOnlyQuery_LexicalSubset/nested_block_comments_unsupported_first_closer_wins
=== RUN   TestValidateReadOnlyQuery_LexicalSubset/unicode_identifiers_outside_quotes_are_ignored_by_scanner
=== RUN   TestValidateReadOnlyQuery_LexicalSubset/multiple_statements_blocked
=== RUN   TestValidateReadOnlyQuery_LexicalSubset/comment_only_query_rejected
--- PASS: TestValidateReadOnlyQuery_LexicalSubset (0.00s)
    --- PASS: TestValidateReadOnlyQuery_LexicalSubset/simple_select (0.00s)
    --- PASS: TestValidateReadOnlyQuery_LexicalSubset/single_quoted_string_escapes_are_ignored (0.00s)
    --- PASS: TestValidateReadOnlyQuery_LexicalSubset/double_quoted_identifiers_are_ignored (0.00s)
    --- PASS: TestValidateReadOnlyQuery_LexicalSubset/line_comment_newline_resumes_scanning (0.00s)
    --- PASS: TestValidateReadOnlyQuery_LexicalSubset/block_comment_is_ignored (0.00s)
    --- PASS: TestValidateReadOnlyQuery_LexicalSubset/nested_block_comments_unsupported_first_closer_wins (0.00s)
    --- PASS: TestValidateReadOnlyQuery_LexicalSubset/unicode_identifiers_outside_quotes_are_ignored_by_scanner (0.00s)
    --- PASS: TestValidateReadOnlyQuery_LexicalSubset/multiple_statements_blocked (0.00s)
    --- PASS: TestValidateReadOnlyQuery_LexicalSubset/comment_only_query_rejected (0.00s)
=== RUN   TestSQLInspect_WithInspectResultFormatter
--- PASS: TestSQLInspect_WithInspectResultFormatter (0.00s)
=== RUN   TestSQLExecute_WithExecuteResultFormatter
--- PASS: TestSQLExecute_WithExecuteResultFormatter (0.00s)
=== RUN   TestSQLInspect_WithHostResultValidator
--- PASS: TestSQLInspect_WithHostResultValidator (0.00s)
=== RUN   TestSQLInspect_WithHostResultValidator_Reject
--- PASS: TestSQLInspect_WithHostResultValidator_Reject (0.00s)
=== RUN   TestSQLExecute_WithHostResultValidator_Reject
--- PASS: TestSQLExecute_WithHostResultValidator_Reject (0.00s)
=== RUN   TestSQLExecute_WithHostResultValidator
--- PASS: TestSQLExecute_WithHostResultValidator (0.00s)
=== RUN   TestSQLInspect_FormatterAndValidator
--- PASS: TestSQLInspect_FormatterAndValidator (0.00s)
=== RUN   TestSQLExecute_FormatterAndValidator
--- PASS: TestSQLExecute_FormatterAndValidator (0.00s)
=== RUN   TestSQLInspect_WithMaxSchemaBytes_WithResultFormatter
--- PASS: TestSQLInspect_WithMaxSchemaBytes_WithResultFormatter (0.00s)
=== RUN   TestSQLExecute_WithMaxRows_WithResultFormatter
--- PASS: TestSQLExecute_WithMaxRows_WithResultFormatter (0.00s)
=== RUN   TestInspectSchema_DefaultAndIoCWireSymmetry
--- PASS: TestInspectSchema_DefaultAndIoCWireSymmetry (0.08s)
=== RUN   TestSQLInspect_TripleIoC_MaxBytesFormatterValidator
--- PASS: TestSQLInspect_TripleIoC_MaxBytesFormatterValidator (0.00s)
=== RUN   TestSQLExecute_TripleIoC_MaxRowsFormatterValidator
--- PASS: TestSQLExecute_TripleIoC_MaxRowsFormatterValidator (0.00s)
=== RUN   TestDoInspectSchema_CancelDuringTables
--- PASS: TestDoInspectSchema_CancelDuringTables (0.00s)
=== RUN   TestDoExecuteRead_CancelDuringQuery
--- PASS: TestDoExecuteRead_CancelDuringQuery (0.00s)
=== RUN   TestDoExecuteRead_QueryErrorIsToolError
--- PASS: TestDoExecuteRead_QueryErrorIsToolError (0.00s)
PASS
ok  	github.com/skosovsky/toolsy/toolkits/sqltool	1.824s
test - ./mcp
=== RUN   TestClient_NonToolCancellationUsesActiveRequestID
--- PASS: TestClient_NonToolCancellationUsesActiveRequestID (0.01s)
=== RUN   TestClient_ToolsInvalidationAbortsInFlightSnapshot
--- PASS: TestClient_ToolsInvalidationAbortsInFlightSnapshot (0.01s)
=== RUN   TestClient_TerminalYieldAbortDoesNotSendObsoleteCancellation
--- PASS: TestClient_TerminalYieldAbortDoesNotSendObsoleteCancellation (0.01s)
=== RUN   TestSSERetryValuesCannotEnableReplay
=== RUN   TestSSERetryValuesCannotEnableReplay/0
=== RUN   TestSSERetryValuesCannotEnableReplay/1
=== RUN   TestSSERetryValuesCannotEnableReplay/120000
=== RUN   TestSSERetryValuesCannotEnableReplay/600000
=== RUN   TestSSERetryValuesCannotEnableReplay/+1
=== RUN   TestSSERetryValuesCannotEnableReplay/1.5
=== RUN   TestSSERetryValuesCannotEnableReplay/-1
=== RUN   TestSSERetryValuesCannotEnableReplay/_1
=== RUN   TestSSERetryValuesCannotEnableReplay/18446744073709551615
--- PASS: TestSSERetryValuesCannotEnableReplay (0.04s)
    --- PASS: TestSSERetryValuesCannotEnableReplay/0 (0.01s)
    --- PASS: TestSSERetryValuesCannotEnableReplay/1 (0.00s)
    --- PASS: TestSSERetryValuesCannotEnableReplay/120000 (0.00s)
    --- PASS: TestSSERetryValuesCannotEnableReplay/600000 (0.01s)
    --- PASS: TestSSERetryValuesCannotEnableReplay/+1 (0.00s)
    --- PASS: TestSSERetryValuesCannotEnableReplay/1.5 (0.00s)
    --- PASS: TestSSERetryValuesCannotEnableReplay/-1 (0.00s)
    --- PASS: TestSSERetryValuesCannotEnableReplay/_1 (0.00s)
    --- PASS: TestSSERetryValuesCannotEnableReplay/18446744073709551615 (0.01s)
=== RUN   TestStreamableHTTP_ForbiddenIncomingRequestCannotSelfDeadlock
--- PASS: TestStreamableHTTP_ForbiddenIncomingRequestCannotSelfDeadlock (0.00s)
=== RUN   TestStreamableHTTP_CancellationClosesOriginalWireRequestWithoutNotification
--- PASS: TestStreamableHTTP_CancellationClosesOriginalWireRequestWithoutNotification (0.00s)
=== RUN   TestStreamableHTTP_DiscoveryDisconnectCannotResumeOrInitialize
--- PASS: TestStreamableHTTP_DiscoveryDisconnectCannotResumeOrInitialize (0.00s)
=== RUN   TestStreamableHTTP_SessionAdvertisementsAreInert
--- PASS: TestStreamableHTTP_SessionAdvertisementsAreInert (0.01s)
=== RUN   TestStreamableHTTP_DecoratorTargetGuardAndInertEventIDs
--- PASS: TestStreamableHTTP_DecoratorTargetGuardAndInertEventIDs (0.00s)
=== RUN   TestStreamableHTTP_ParallelDisconnectedPOSTsNeverReplay
--- PASS: TestStreamableHTTP_ParallelDisconnectedPOSTsNeverReplay (0.00s)
=== RUN   TestStreamableHTTP_DisconnectFailsBeforeResume405
--- PASS: TestStreamableHTTP_DisconnectFailsBeforeResume405 (0.00s)
=== RUN   TestStreamableHTTP_CancelledPendingStopsOriginPOSTWithoutResumeGET
--- PASS: TestStreamableHTTP_CancelledPendingStopsOriginPOSTWithoutResumeGET (0.00s)
=== RUN   TestStreamableHTTP_ConnectNeverActivatesResumeCursor
--- PASS: TestStreamableHTTP_ConnectNeverActivatesResumeCursor (0.00s)
=== RUN   TestStreamableHTTP_ForgedSessionHeadersCannotBeDecorated
=== RUN   TestStreamableHTTP_ForgedSessionHeadersCannotBeDecorated/"contains_space"
=== RUN   TestStreamableHTTP_ForgedSessionHeadersCannotBeDecorated/"control\x1f"
=== RUN   TestStreamableHTTP_ForgedSessionHeadersCannotBeDecorated/"delete\x7f"
=== RUN   TestStreamableHTTP_ForgedSessionHeadersCannotBeDecorated/"\xff"
--- PASS: TestStreamableHTTP_ForgedSessionHeadersCannotBeDecorated (0.00s)
    --- PASS: TestStreamableHTTP_ForgedSessionHeadersCannotBeDecorated/"contains_space" (0.00s)
    --- PASS: TestStreamableHTTP_ForgedSessionHeadersCannotBeDecorated/"control\x1f" (0.00s)
    --- PASS: TestStreamableHTTP_ForgedSessionHeadersCannotBeDecorated/"delete\x7f" (0.00s)
    --- PASS: TestStreamableHTTP_ForgedSessionHeadersCannotBeDecorated/"\xff" (0.00s)
=== RUN   TestStreamableHTTP_OversizedPOSTSSEFailsClosedWithoutRetry
--- PASS: TestStreamableHTTP_OversizedPOSTSSEFailsClosedWithoutRetry (0.01s)
=== RUN   TestStreamableHTTP_TerminalFailureCancelsConcurrentPOSTLifecycle
--- PASS: TestStreamableHTTP_TerminalFailureCancelsConcurrentPOSTLifecycle (0.01s)
=== RUN   TestStreamableHTTP_NotificationsForbiddenRegardlessOfResponseShape
=== RUN   TestStreamableHTTP_NotificationsForbiddenRegardlessOfResponseShape/202_with_body
=== RUN   TestStreamableHTTP_NotificationsForbiddenRegardlessOfResponseShape/notification_with_200
--- PASS: TestStreamableHTTP_NotificationsForbiddenRegardlessOfResponseShape (0.01s)
    --- PASS: TestStreamableHTTP_NotificationsForbiddenRegardlessOfResponseShape/202_with_body (0.00s)
    --- PASS: TestStreamableHTTP_NotificationsForbiddenRegardlessOfResponseShape/notification_with_200 (0.00s)
=== RUN   TestProtocol_StrictRequiredFieldsAndTaggedUnions
=== RUN   TestProtocol_StrictRequiredFieldsAndTaggedUnions/missing_tool_content
=== RUN   TestProtocol_StrictRequiredFieldsAndTaggedUnions/null_resource_contents
=== RUN   TestProtocol_StrictRequiredFieldsAndTaggedUnions/missing_text
=== RUN   TestProtocol_StrictRequiredFieldsAndTaggedUnions/cross_variant_field
=== RUN   TestProtocol_StrictRequiredFieldsAndTaggedUnions/invalid_prompt_role
=== RUN   TestProtocol_StrictRequiredFieldsAndTaggedUnions/resource_without_uri
=== RUN   TestProtocol_StrictRequiredFieldsAndTaggedUnions/invalid_audience
=== RUN   TestProtocol_StrictRequiredFieldsAndTaggedUnions/null_text
=== RUN   TestProtocol_StrictRequiredFieldsAndTaggedUnions/null_image_data
=== RUN   TestProtocol_StrictRequiredFieldsAndTaggedUnions/null_resource_text
=== RUN   TestProtocol_StrictRequiredFieldsAndTaggedUnions/null_progress
--- PASS: TestProtocol_StrictRequiredFieldsAndTaggedUnions (0.00s)
    --- PASS: TestProtocol_StrictRequiredFieldsAndTaggedUnions/missing_tool_content (0.00s)
    --- PASS: TestProtocol_StrictRequiredFieldsAndTaggedUnions/null_resource_contents (0.00s)
    --- PASS: TestProtocol_StrictRequiredFieldsAndTaggedUnions/missing_text (0.00s)
    --- PASS: TestProtocol_StrictRequiredFieldsAndTaggedUnions/cross_variant_field (0.00s)
    --- PASS: TestProtocol_StrictRequiredFieldsAndTaggedUnions/invalid_prompt_role (0.00s)
    --- PASS: TestProtocol_StrictRequiredFieldsAndTaggedUnions/resource_without_uri (0.00s)
    --- PASS: TestProtocol_StrictRequiredFieldsAndTaggedUnions/invalid_audience (0.00s)
    --- PASS: TestProtocol_StrictRequiredFieldsAndTaggedUnions/null_text (0.00s)
    --- PASS: TestProtocol_StrictRequiredFieldsAndTaggedUnions/null_image_data (0.00s)
    --- PASS: TestProtocol_StrictRequiredFieldsAndTaggedUnions/null_resource_text (0.00s)
    --- PASS: TestProtocol_StrictRequiredFieldsAndTaggedUnions/null_progress (0.00s)
=== RUN   TestStreamableHTTP_CloseCompletesHeldRequestWithTransportClosed
--- PASS: TestStreamableHTTP_CloseCompletesHeldRequestWithTransportClosed (0.00s)
=== RUN   TestStreamableHTTP_PreCancelledRequestNeverAllocatesOrWritesID
--- PASS: TestStreamableHTTP_PreCancelledRequestNeverAllocatesOrWritesID (0.00s)
=== RUN   TestStreamableHTTP_DecoratorCannotOverrideRequestHost
--- PASS: TestStreamableHTTP_DecoratorCannotOverrideRequestHost (0.00s)
=== RUN   TestStreamableHTTP_DecoratorCannotSetBodyContract
=== RUN   TestStreamableHTTP_DecoratorCannotSetBodyContract/length_header
=== RUN   TestStreamableHTTP_DecoratorCannotSetBodyContract/body
=== RUN   TestStreamableHTTP_DecoratorCannotSetBodyContract/get_body
=== RUN   TestStreamableHTTP_DecoratorCannotSetBodyContract/content_length
=== RUN   TestStreamableHTTP_DecoratorCannotSetBodyContract/transfer_encoding
=== RUN   TestStreamableHTTP_DecoratorCannotSetBodyContract/trailer
--- PASS: TestStreamableHTTP_DecoratorCannotSetBodyContract (0.00s)
    --- PASS: TestStreamableHTTP_DecoratorCannotSetBodyContract/length_header (0.00s)
    --- PASS: TestStreamableHTTP_DecoratorCannotSetBodyContract/body (0.00s)
    --- PASS: TestStreamableHTTP_DecoratorCannotSetBodyContract/get_body (0.00s)
    --- PASS: TestStreamableHTTP_DecoratorCannotSetBodyContract/content_length (0.00s)
    --- PASS: TestStreamableHTTP_DecoratorCannotSetBodyContract/transfer_encoding (0.00s)
    --- PASS: TestStreamableHTTP_DecoratorCannotSetBodyContract/trailer (0.00s)
=== RUN   TestStreamableHTTP_RequestIsDetachedFromDecoratorPointer
--- PASS: TestStreamableHTTP_RequestIsDetachedFromDecoratorPointer (0.00s)
=== RUN   TestStreamableHTTP_RejectsPrivateEndpointAndOversizedBody
--- PASS: TestStreamableHTTP_RejectsPrivateEndpointAndOversizedBody (0.00s)
=== RUN   TestStreamableHTTP_RequestRejects202AndCloseCancelsActivePOST
=== RUN   TestStreamableHTTP_RequestRejects202AndCloseCancelsActivePOST/request_rejects_202
=== RUN   TestStreamableHTTP_RequestRejects202AndCloseCancelsActivePOST/close_cancels_post
--- PASS: TestStreamableHTTP_RequestRejects202AndCloseCancelsActivePOST (0.01s)
    --- PASS: TestStreamableHTTP_RequestRejects202AndCloseCancelsActivePOST/request_rejects_202 (0.00s)
    --- PASS: TestStreamableHTTP_RequestRejects202AndCloseCancelsActivePOST/close_cancels_post (0.00s)
=== RUN   TestStreamableHTTP_JSONPOSTRequiresCorrelatedTerminalResponse
=== RUN   TestStreamableHTTP_JSONPOSTRequiresCorrelatedTerminalResponse/notification
=== RUN   TestStreamableHTTP_JSONPOSTRequiresCorrelatedTerminalResponse/mismatched_id
--- PASS: TestStreamableHTTP_JSONPOSTRequiresCorrelatedTerminalResponse (0.01s)
    --- PASS: TestStreamableHTTP_JSONPOSTRequiresCorrelatedTerminalResponse/notification (0.00s)
    --- PASS: TestStreamableHTTP_JSONPOSTRequiresCorrelatedTerminalResponse/mismatched_id (0.00s)
=== RUN   TestStreamableHTTP_RejectsInvalidUTF8JSONAndSSE
=== RUN   TestStreamableHTTP_RejectsInvalidUTF8JSONAndSSE/json
=== RUN   TestStreamableHTTP_RejectsInvalidUTF8JSONAndSSE/sse
=== RUN   TestStreamableHTTP_RejectsInvalidUTF8JSONAndSSE/correlated_invalid_UTF8
=== RUN   TestStreamableHTTP_RejectsInvalidUTF8JSONAndSSE/correlated_ASCII_control
--- PASS: TestStreamableHTTP_RejectsInvalidUTF8JSONAndSSE (0.03s)
    --- PASS: TestStreamableHTTP_RejectsInvalidUTF8JSONAndSSE/json (0.01s)
    --- PASS: TestStreamableHTTP_RejectsInvalidUTF8JSONAndSSE/sse (0.00s)
    --- PASS: TestStreamableHTTP_RejectsInvalidUTF8JSONAndSSE/correlated_invalid_UTF8 (0.01s)
    --- PASS: TestStreamableHTTP_RejectsInvalidUTF8JSONAndSSE/correlated_ASCII_control (0.01s)
=== RUN   TestStreamableHTTP_TerminalSSEEventCancelsHeldOpenPOST
--- PASS: TestStreamableHTTP_TerminalSSEEventCancelsHeldOpenPOST (0.01s)
=== RUN   TestStreamableHTTP_RequiresExactMediaType
=== RUN   TestStreamableHTTP_RequiresExactMediaType/application/json-evil
=== RUN   TestStreamableHTTP_RequiresExactMediaType/text/event-stream-bogus
--- PASS: TestStreamableHTTP_RequiresExactMediaType (0.02s)
    --- PASS: TestStreamableHTTP_RequiresExactMediaType/application/json-evil (0.01s)
    --- PASS: TestStreamableHTTP_RequiresExactMediaType/text/event-stream-bogus (0.01s)
=== RUN   TestStreamableHTTP_RejectsMethodChangingRedirect
--- PASS: TestStreamableHTTP_RejectsMethodChangingRedirect (0.01s)
=== RUN   TestStreamableHTTP_SafeClientRejectsRedirectToLoopback
--- PASS: TestStreamableHTTP_SafeClientRejectsRedirectToLoopback (0.00s)
=== RUN   TestTransport_CloseBeforeStartIsTerminal
--- PASS: TestTransport_CloseBeforeStartIsTerminal (0.00s)
=== RUN   TestStdio_ProcessExitReturnsTypedCrash
--- PASS: TestStdio_ProcessExitReturnsTypedCrash (0.02s)
=== RUN   TestStructuredContent_PreservesLargeInteger
--- PASS: TestStructuredContent_PreservesLargeInteger (0.00s)
=== RUN   TestResourceResult_PreservesSingleContentMIMEAndBinary
--- PASS: TestResourceResult_PreservesSingleContentMIMEAndBinary (0.00s)
=== RUN   TestRPCPeer_BeginRequestCloseRaceNeverLeaks
--- PASS: TestRPCPeer_BeginRequestCloseRaceNeverLeaks (0.02s)
=== RUN   TestRPCPeer_IncomingRequestsAreForbiddenUnderConcurrentLoad
--- PASS: TestRPCPeer_IncomingRequestsAreForbiddenUnderConcurrentLoad (0.02s)
=== RUN   TestRPCPeer_RejectsOversizedRequestIDBeforeNumericCanonicalization
--- PASS: TestRPCPeer_RejectsOversizedRequestIDBeforeNumericCanonicalization (0.00s)
=== RUN   TestRPCPeer_ResponseCancellationRaceConsumesOneTerminalResponse
--- PASS: TestRPCPeer_ResponseCancellationRaceConsumesOneTerminalResponse (0.09s)
=== RUN   TestRPCPeer_ExternalCancellationUnblocksBackgroundAwait
--- PASS: TestRPCPeer_ExternalCancellationUnblocksBackgroundAwait (0.00s)
=== RUN   TestRPCPeer_CancelledResponseBookkeepingRemainsBounded
--- PASS: TestRPCPeer_CancelledResponseBookkeepingRemainsBounded (0.13s)
=== RUN   TestRPCPeer_CancellationStormNeverMasksDuplicateCompletedResponse
--- PASS: TestRPCPeer_CancellationStormNeverMasksDuplicateCompletedResponse (0.14s)
=== RUN   TestRPCPeer_OutOfOrderCancellationsRemainExactlyCorrelated
--- PASS: TestRPCPeer_OutOfOrderCancellationsRemainExactlyCorrelated (0.00s)
=== RUN   TestRPCPeer_CancellationRangeInsertionAndBridgingStaySorted
=== RUN   TestRPCPeer_CancellationRangeInsertionAndBridgingStaySorted/[3_1_2]
=== RUN   TestRPCPeer_CancellationRangeInsertionAndBridgingStaySorted/[2_3_1]
=== RUN   TestRPCPeer_CancellationRangeInsertionAndBridgingStaySorted/[3_2_1]
--- PASS: TestRPCPeer_CancellationRangeInsertionAndBridgingStaySorted (0.00s)
    --- PASS: TestRPCPeer_CancellationRangeInsertionAndBridgingStaySorted/[3_1_2] (0.00s)
    --- PASS: TestRPCPeer_CancellationRangeInsertionAndBridgingStaySorted/[2_3_1] (0.00s)
    --- PASS: TestRPCPeer_CancellationRangeInsertionAndBridgingStaySorted/[3_2_1] (0.00s)
=== RUN   TestRPCPeer_CancellationRangeFragmentationFailsClosedAtBound
--- PASS: TestRPCPeer_CancellationRangeFragmentationFailsClosedAtBound (0.39s)
=== RUN   TestRPCPeer_LateCancelledResponseSplitsRangeAndDuplicateFailsClosed
--- PASS: TestRPCPeer_LateCancelledResponseSplitsRangeAndDuplicateFailsClosed (0.00s)
=== RUN   TestRPCPeer_DuplicateResponseFailsClosedAndNotifyAfterCloseStops
--- PASS: TestRPCPeer_DuplicateResponseFailsClosedAndNotifyAfterCloseStops (0.00s)
=== RUN   TestStreamableHTTP_EmptySSEDataDoesNotCompleteRequest
--- PASS: TestStreamableHTTP_EmptySSEDataDoesNotCompleteRequest (0.00s)
=== RUN   TestStreamableHTTP_SSEAcceptsStandardLineEndingsAndLeadingBOM
=== RUN   TestStreamableHTTP_SSEAcceptsStandardLineEndingsAndLeadingBOM/"\n"
=== RUN   TestStreamableHTTP_SSEAcceptsStandardLineEndingsAndLeadingBOM/"\r\n"
=== RUN   TestStreamableHTTP_SSEAcceptsStandardLineEndingsAndLeadingBOM/"\r"
--- PASS: TestStreamableHTTP_SSEAcceptsStandardLineEndingsAndLeadingBOM (0.00s)
    --- PASS: TestStreamableHTTP_SSEAcceptsStandardLineEndingsAndLeadingBOM/"\n" (0.00s)
    --- PASS: TestStreamableHTTP_SSEAcceptsStandardLineEndingsAndLeadingBOM/"\r\n" (0.00s)
    --- PASS: TestStreamableHTTP_SSEAcceptsStandardLineEndingsAndLeadingBOM/"\r" (0.00s)
=== RUN   TestStreamableHTTP_SSEDiscardsIncompleteEventAtEOF
--- PASS: TestStreamableHTTP_SSEDiscardsIncompleteEventAtEOF (0.00s)
=== RUN   TestStreamableHTTP_SSELineUsesConfiguredStreamLimit
--- PASS: TestStreamableHTTP_SSELineUsesConfiguredStreamLimit (0.47s)
=== RUN   TestConnect_ExactVersionWithoutRootsAuthority
=== RUN   TestConnect_ExactVersionWithoutRootsAuthority/./workspace_with_space
--- PASS: TestConnect_ExactVersionWithoutRootsAuthority (0.00s)
    --- PASS: TestConnect_ExactVersionWithoutRootsAuthority/./workspace_with_space (0.00s)
=== RUN   TestConnect_DiscoveryPublishesReadyWithoutLegacyNotification
--- PASS: TestConnect_DiscoveryPublishesReadyWithoutLegacyNotification (0.00s)
=== RUN   TestLegacyRootsRejectNonCanonicalTypedFileURIs
=== RUN   TestLegacyRootsRejectNonCanonicalTypedFileURIs/file:/workspace
=== RUN   TestLegacyRootsRejectNonCanonicalTypedFileURIs/file:///workspace?query=1
=== RUN   TestLegacyRootsRejectNonCanonicalTypedFileURIs/file:///workspace#fragment
--- PASS: TestLegacyRootsRejectNonCanonicalTypedFileURIs (0.00s)
    --- PASS: TestLegacyRootsRejectNonCanonicalTypedFileURIs/file:/workspace (0.00s)
    --- PASS: TestLegacyRootsRejectNonCanonicalTypedFileURIs/file:///workspace?query=1 (0.00s)
    --- PASS: TestLegacyRootsRejectNonCanonicalTypedFileURIs/file:///workspace#fragment (0.00s)
=== RUN   TestLegacyRootsDoNotCanonicalizeTypedFilePath
=== RUN   TestLegacyRootsDoNotCanonicalizeTypedFilePath/file:///workspace/dir/../root/
--- PASS: TestLegacyRootsDoNotCanonicalizeTypedFilePath (0.00s)
    --- PASS: TestLegacyRootsDoNotCanonicalizeTypedFilePath/file:///workspace/dir/../root/ (0.00s)
=== RUN   TestLegacyRootsDoNotConvertWindowsDrivePaths
=== RUN   TestLegacyRootsDoNotConvertWindowsDrivePaths/C:\workspace\project
=== RUN   TestLegacyRootsDoNotConvertWindowsDrivePaths/C:\
=== RUN   TestLegacyRootsDoNotConvertWindowsDrivePaths/C:\..\..\etc
--- PASS: TestLegacyRootsDoNotConvertWindowsDrivePaths (0.00s)
    --- PASS: TestLegacyRootsDoNotConvertWindowsDrivePaths/C:\workspace\project (0.00s)
    --- PASS: TestLegacyRootsDoNotConvertWindowsDrivePaths/C:\ (0.00s)
    --- PASS: TestLegacyRootsDoNotConvertWindowsDrivePaths/C:\..\..\etc (0.00s)
=== RUN   TestLegacyRootsRejectUNCPaths
=== RUN   TestLegacyRootsRejectUNCPaths/\\server\share
=== RUN   TestLegacyRootsRejectUNCPaths///server/share
--- PASS: TestLegacyRootsRejectUNCPaths (0.00s)
    --- PASS: TestLegacyRootsRejectUNCPaths/\\server\share (0.00s)
    --- PASS: TestLegacyRootsRejectUNCPaths///server/share (0.00s)
=== RUN   TestLegacyRootsDoNotCanonicalizeTypedDriveURIs
=== RUN   TestLegacyRootsDoNotCanonicalizeTypedDriveURIs/file:///C:/../../etc
=== RUN   TestLegacyRootsDoNotCanonicalizeTypedDriveURIs/file:///c:/workspace%5C..%5Csecret
=== RUN   TestLegacyRootsDoNotCanonicalizeTypedDriveURIs/file:///c:%5Cworkspace%5C..%5Csecret
--- PASS: TestLegacyRootsDoNotCanonicalizeTypedDriveURIs (0.00s)
    --- PASS: TestLegacyRootsDoNotCanonicalizeTypedDriveURIs/file:///C:/../../etc (0.00s)
    --- PASS: TestLegacyRootsDoNotCanonicalizeTypedDriveURIs/file:///c:/workspace%5C..%5Csecret (0.00s)
    --- PASS: TestLegacyRootsDoNotCanonicalizeTypedDriveURIs/file:///c:%5Cworkspace%5C..%5Csecret (0.00s)
=== RUN   TestLegacyRootsRejectDriveRelativeTypedURIs
=== RUN   TestLegacyRootsRejectDriveRelativeTypedURIs/file:///C:
=== RUN   TestLegacyRootsRejectDriveRelativeTypedURIs/file:///C:relative/path
=== RUN   TestLegacyRootsRejectDriveRelativeTypedURIs/file:///c%3Arelative/path
--- PASS: TestLegacyRootsRejectDriveRelativeTypedURIs (0.00s)
    --- PASS: TestLegacyRootsRejectDriveRelativeTypedURIs/file:///C: (0.00s)
    --- PASS: TestLegacyRootsRejectDriveRelativeTypedURIs/file:///C:relative/path (0.00s)
    --- PASS: TestLegacyRootsRejectDriveRelativeTypedURIs/file:///c%3Arelative/path (0.00s)
=== RUN   TestLegacyRootsRejectTypedUNCAliases
=== RUN   TestLegacyRootsRejectTypedUNCAliases/file:////server/share
=== RUN   TestLegacyRootsRejectTypedUNCAliases/file:///%5C%5Cserver%5Cshare
=== RUN   TestLegacyRootsRejectTypedUNCAliases/file:///%2F%2Fserver/share
--- PASS: TestLegacyRootsRejectTypedUNCAliases (0.00s)
    --- PASS: TestLegacyRootsRejectTypedUNCAliases/file:////server/share (0.00s)
    --- PASS: TestLegacyRootsRejectTypedUNCAliases/file:///%5C%5Cserver%5Cshare (0.00s)
    --- PASS: TestLegacyRootsRejectTypedUNCAliases/file:///%2F%2Fserver/share (0.00s)
=== RUN   TestClient_LegacyPingRejectedBeforeAndAfterDiscovery
--- PASS: TestClient_LegacyPingRejectedBeforeAndAfterDiscovery (0.00s)
=== RUN   TestClient_LegacyPingAndRootsRejectMalformedRequestMeta
=== RUN   TestClient_LegacyPingAndRootsRejectMalformedRequestMeta/ping
=== RUN   TestClient_LegacyPingAndRootsRejectMalformedRequestMeta/roots/list
--- PASS: TestClient_LegacyPingAndRootsRejectMalformedRequestMeta (0.00s)
    --- PASS: TestClient_LegacyPingAndRootsRejectMalformedRequestMeta/ping (0.00s)
    --- PASS: TestClient_LegacyPingAndRootsRejectMalformedRequestMeta/roots/list (0.00s)
=== RUN   TestConnect_VersionMismatchFailsWithoutFallback
--- PASS: TestConnect_VersionMismatchFailsWithoutFallback (0.00s)
=== RUN   TestClient_InputRootsSnapshotOwnsMetadataWithoutRootsService
--- PASS: TestClient_InputRootsSnapshotOwnsMetadataWithoutRootsService (0.07s)
=== RUN   TestClient_CancellationDeliveryWaitIsBounded
--- PASS: TestClient_CancellationDeliveryWaitIsBounded (1.00s)
=== RUN   TestClient_DoesNotCancelTerminalPendingRequest
--- PASS: TestClient_DoesNotCancelTerminalPendingRequest (0.00s)
=== RUN   TestValidatePrompt_AllowsHumanReadableName
--- PASS: TestValidatePrompt_AllowsHumanReadableName (0.00s)
=== RUN   TestClient_MissingCapabilityRejectedWithoutRPC
--- PASS: TestClient_MissingCapabilityRejectedWithoutRPC (0.00s)
=== RUN   TestClient_ToolStructuredResultMapsOutputSchemaAndTypedEnvelope
--- PASS: TestClient_ToolStructuredResultMapsOutputSchemaAndTypedEnvelope (0.01s)
=== RUN   TestClient_ToolResultViolatingOutputSchemaFailsClosed
--- PASS: TestClient_ToolResultViolatingOutputSchemaFailsClosed (0.00s)
=== RUN   TestClient_OutputSchemaPreservesExactNumericConstraints
--- PASS: TestClient_OutputSchemaPreservesExactNumericConstraints (0.00s)
=== RUN   TestClient_RemoteToolErrorHasDistinctEnvelope
--- PASS: TestClient_RemoteToolErrorHasDistinctEnvelope (0.00s)
=== RUN   TestClient_CancellationUsesActiveRequestIDExactlyOnce
--- PASS: TestClient_CancellationUsesActiveRequestIDExactlyOnce (0.01s)
=== RUN   TestClient_ProgressIsFractionalAndMonotonic
--- PASS: TestClient_ProgressIsFractionalAndMonotonic (0.01s)
=== RUN   TestClient_InvalidListChangedMetaDoesNotAdvanceGeneration
2026/10/06 17:34:26 WARN mcp: subscription notification missing metadata
--- PASS: TestClient_InvalidListChangedMetaDoesNotAdvanceGeneration (0.00s)
=== RUN   TestClient_SubscribeResourceRequiresObjectResultBeforeMutation
=== RUN   TestClient_SubscribeResourceRequiresObjectResultBeforeMutation/null
=== RUN   TestClient_SubscribeResourceRequiresObjectResultBeforeMutation/[]
=== RUN   TestClient_SubscribeResourceRequiresObjectResultBeforeMutation/42
=== RUN   TestClient_SubscribeResourceRequiresObjectResultBeforeMutation/"scalar"
--- PASS: TestClient_SubscribeResourceRequiresObjectResultBeforeMutation (0.02s)
    --- PASS: TestClient_SubscribeResourceRequiresObjectResultBeforeMutation/null (0.01s)
    --- PASS: TestClient_SubscribeResourceRequiresObjectResultBeforeMutation/[] (0.00s)
    --- PASS: TestClient_SubscribeResourceRequiresObjectResultBeforeMutation/42 (0.00s)
    --- PASS: TestClient_SubscribeResourceRequiresObjectResultBeforeMutation/"scalar" (0.00s)
=== RUN   TestClient_SubscribeResourceAcceptsExtendedEmptyResult
--- PASS: TestClient_SubscribeResourceAcceptsExtendedEmptyResult (0.01s)
=== RUN   TestClient_CloseIsConcurrentIdempotentAndClosesEventChannels
--- PASS: TestClient_CloseIsConcurrentIdempotentAndClosesEventChannels (0.01s)
=== RUN   TestClient_ToolDescriptorFailuresAreFailClosed
=== RUN   TestClient_ToolDescriptorFailuresAreFailClosed/missing_input_schema
=== RUN   TestClient_ToolDescriptorFailuresAreFailClosed/null_input_schema
=== RUN   TestClient_ToolDescriptorFailuresAreFailClosed/invalid_name
=== RUN   TestClient_ToolDescriptorFailuresAreFailClosed/required_tasks
--- PASS: TestClient_ToolDescriptorFailuresAreFailClosed (0.00s)
    --- PASS: TestClient_ToolDescriptorFailuresAreFailClosed/missing_input_schema (0.00s)
    --- PASS: TestClient_ToolDescriptorFailuresAreFailClosed/null_input_schema (0.00s)
    --- PASS: TestClient_ToolDescriptorFailuresAreFailClosed/invalid_name (0.00s)
    --- PASS: TestClient_ToolDescriptorFailuresAreFailClosed/required_tasks (0.00s)
=== RUN   TestClient_ToolsListChangedMakesExistingProxyStale
--- PASS: TestClient_ToolsListChangedMakesExistingProxyStale (0.01s)
=== RUN   TestClient_ContradictingInvalidationIsIgnored
2026/10/06 17:34:26 WARN mcp: notification for unknown subscription
--- PASS: TestClient_ContradictingInvalidationIsIgnored (0.00s)
=== RUN   TestClient_ResourceUpdateRequiresNegotiatedSubscription
--- PASS: TestClient_ResourceUpdateRequiresNegotiatedSubscription (0.01s)
=== RUN   TestClient_ResourceSubscriptionAcceptsSubResourceUpdate
--- PASS: TestClient_ResourceSubscriptionAcceptsSubResourceUpdate (0.01s)
=== RUN   TestResourceUpdateMatchesSubscriptionURIBoundaries
=== RUN   TestResourceUpdateMatchesSubscriptionURIBoundaries/exact
=== RUN   TestResourceUpdateMatchesSubscriptionURIBoundaries/child
=== RUN   TestResourceUpdateMatchesSubscriptionURIBoundaries/sibling
=== RUN   TestResourceUpdateMatchesSubscriptionURIBoundaries/prefix_collision
=== RUN   TestResourceUpdateMatchesSubscriptionURIBoundaries/host_case_normalized
=== RUN   TestResourceUpdateMatchesSubscriptionURIBoundaries/dot_segment_escapes_subtree
=== RUN   TestResourceUpdateMatchesSubscriptionURIBoundaries/encoded_dot_segments_escape_subtree
=== RUN   TestResourceUpdateMatchesSubscriptionURIBoundaries/encoded_unreserved_path
=== RUN   TestResourceUpdateMatchesSubscriptionURIBoundaries/encoded_slash_remains_segment_data
=== RUN   TestResourceUpdateMatchesSubscriptionURIBoundaries/default_HTTPS_port
=== RUN   TestResourceUpdateMatchesSubscriptionURIBoundaries/repeated_slash_remains_distinct
=== RUN   TestResourceUpdateMatchesSubscriptionURIBoundaries/reserved_fragment_escape_remains_distinct
=== RUN   TestResourceUpdateMatchesSubscriptionURIBoundaries/different_origin
=== RUN   TestResourceUpdateMatchesSubscriptionURIBoundaries/query_identity_is_exact_only
--- PASS: TestResourceUpdateMatchesSubscriptionURIBoundaries (0.00s)
    --- PASS: TestResourceUpdateMatchesSubscriptionURIBoundaries/exact (0.00s)
    --- PASS: TestResourceUpdateMatchesSubscriptionURIBoundaries/child (0.00s)
    --- PASS: TestResourceUpdateMatchesSubscriptionURIBoundaries/sibling (0.00s)
    --- PASS: TestResourceUpdateMatchesSubscriptionURIBoundaries/prefix_collision (0.00s)
    --- PASS: TestResourceUpdateMatchesSubscriptionURIBoundaries/host_case_normalized (0.00s)
    --- PASS: TestResourceUpdateMatchesSubscriptionURIBoundaries/dot_segment_escapes_subtree (0.00s)
    --- PASS: TestResourceUpdateMatchesSubscriptionURIBoundaries/encoded_dot_segments_escape_subtree (0.00s)
    --- PASS: TestResourceUpdateMatchesSubscriptionURIBoundaries/encoded_unreserved_path (0.00s)
    --- PASS: TestResourceUpdateMatchesSubscriptionURIBoundaries/encoded_slash_remains_segment_data (0.00s)
    --- PASS: TestResourceUpdateMatchesSubscriptionURIBoundaries/default_HTTPS_port (0.00s)
    --- PASS: TestResourceUpdateMatchesSubscriptionURIBoundaries/repeated_slash_remains_distinct (0.00s)
    --- PASS: TestResourceUpdateMatchesSubscriptionURIBoundaries/reserved_fragment_escape_remains_distinct (0.00s)
    --- PASS: TestResourceUpdateMatchesSubscriptionURIBoundaries/different_origin (0.00s)
    --- PASS: TestResourceUpdateMatchesSubscriptionURIBoundaries/query_identity_is_exact_only (0.00s)
=== RUN   TestClient_LoggingNotificationAllowsNullData
--- PASS: TestClient_LoggingNotificationAllowsNullData (0.00s)
=== RUN   TestClient_LoggingNotificationRequiresCapabilityAndPreservesData
--- PASS: TestClient_LoggingNotificationRequiresCapabilityAndPreservesData (0.00s)
=== RUN   TestClient_PromptTaggedContentAndMetadata
--- PASS: TestClient_PromptTaggedContentAndMetadata (0.01s)
=== RUN   TestPrepareParamsRejectsUnsupportedShapeAndAcceptsLoggingOptIn
--- PASS: TestPrepareParamsRejectsUnsupportedShapeAndAcceptsLoggingOptIn (0.00s)
=== RUN   TestSharedTransportRejectsRequestScopedLoggingBeforePrepare
--- PASS: TestSharedTransportRejectsRequestScopedLoggingBeforePrepare (0.00s)
=== RUN   TestContextualHTTPLoggingDoesNotRequireProgressToken
--- PASS: TestContextualHTTPLoggingDoesNotRequireProgressToken (0.00s)
=== RUN   TestAwaitCancellationNotifiesExactlyOnceAfterDelivery
--- PASS: TestAwaitCancellationNotifiesExactlyOnceAfterDelivery (0.00s)
=== RUN   TestDuplicateActiveRequestLogIDIsRejected
--- PASS: TestDuplicateActiveRequestLogIDIsRejected (0.00s)
=== RUN   TestProgressTokenKeyPreservesJSONDiscriminator
--- PASS: TestProgressTokenKeyPreservesJSONDiscriminator (0.00s)
=== RUN   TestListToolsFiltersAndRegistersHeaderBindings
2026/10/06 17:34:26 WARN mcp: excluding tool with invalid x-mcp-header tool=invalid err="property \"tenant\" has unsupported x-mcp-header type \"number\""
--- PASS: TestListToolsFiltersAndRegistersHeaderBindings (0.00s)
=== RUN   TestHTTPDirectCallRequiresCurrentAuthoritativeToolDescriptor
--- PASS: TestHTTPDirectCallRequiresCurrentAuthoritativeToolDescriptor (0.00s)
=== RUN   TestDuplicateToolNamesNeverBecomeRoutingAuthority
--- PASS: TestDuplicateToolNamesNeverBecomeRoutingAuthority (0.00s)
=== RUN   TestPaginatedToolAuthorityPublishesOnlyAfterCompleteTransaction
--- PASS: TestPaginatedToolAuthorityPublishesOnlyAfterCompleteTransaction (0.01s)
=== RUN   TestPublicCallToolValidatesAuthoritativeOutputSchema
--- PASS: TestPublicCallToolValidatesAuthoritativeOutputSchema (0.01s)
=== RUN   TestWithClientInfoDeepClonesExtensionMetadata
--- PASS: TestWithClientInfoDeepClonesExtensionMetadata (0.00s)
=== RUN   TestConnectResnapshotsClientInfoAfterCustomOption
--- PASS: TestConnectResnapshotsClientInfoAfterCustomOption (0.00s)
=== RUN   TestListenSnapshotsFilterSlicesAndExtensionMetadata
--- PASS: TestListenSnapshotsFilterSlicesAndExtensionMetadata (0.00s)
=== RUN   TestSubscriptionResourceViolationDoesNotDeadlock
--- PASS: TestSubscriptionResourceViolationDoesNotDeadlock (0.00s)
=== RUN   TestEffectiveSubscriptionFilterMustBeStrictSubset
--- PASS: TestEffectiveSubscriptionFilterMustBeStrictSubset (0.00s)
=== RUN   TestListenRegistersStateBeforeRequestDelivery
--- PASS: TestListenRegistersStateBeforeRequestDelivery (0.00s)
=== RUN   TestListenClosedClientAbortsWithoutWireDelivery
--- PASS: TestListenClosedClientAbortsWithoutWireDelivery (0.00s)
=== RUN   TestDirectAwaitMapsReservedRPCError
--- PASS: TestDirectAwaitMapsReservedRPCError (0.00s)
=== RUN   TestResourceProxyRejectsStaleGenerationBeforeRPC
--- PASS: TestResourceProxyRejectsStaleGenerationBeforeRPC (0.00s)
=== RUN   TestDirectToolCallRejectsInvalidationDuringRPC
--- PASS: TestDirectToolCallRejectsInvalidationDuringRPC (0.00s)
=== RUN   TestDirectListAPIsRejectInvalidationDuringRPC
=== RUN   TestDirectListAPIsRejectInvalidationDuringRPC/resources
=== RUN   TestDirectListAPIsRejectInvalidationDuringRPC/resource_templates
=== RUN   TestDirectListAPIsRejectInvalidationDuringRPC/prompts
--- PASS: TestDirectListAPIsRejectInvalidationDuringRPC (0.01s)
    --- PASS: TestDirectListAPIsRejectInvalidationDuringRPC/resources (0.00s)
    --- PASS: TestDirectListAPIsRejectInvalidationDuringRPC/resource_templates (0.00s)
    --- PASS: TestDirectListAPIsRejectInvalidationDuringRPC/prompts (0.00s)
=== RUN   TestResourceSubscriptionAllowsOnlyExactOrPathDescendantURI
--- PASS: TestResourceSubscriptionAllowsOnlyExactOrPathDescendantURI (0.00s)
=== RUN   TestNotifyCancelledRequestUsesBoundedContext
--- PASS: TestNotifyCancelledRequestUsesBoundedContext (0.00s)
=== RUN   TestConnect_EagerHandshakeSuccess
=== RUN   TestConnect_EagerHandshakeSuccess/original_unsupported_selection
--- PASS: TestConnect_EagerHandshakeSuccess (0.00s)
    --- PASS: TestConnect_EagerHandshakeSuccess/original_unsupported_selection (0.00s)
=== RUN   TestConnect_StartFailureClosesTransport
--- PASS: TestConnect_StartFailureClosesTransport (0.00s)
=== RUN   TestConnect_DiscoveryCallFailureClosesTransport
--- PASS: TestConnect_DiscoveryCallFailureClosesTransport (0.00s)
=== RUN   TestConnect_DiscoveryParseFailureClosesTransport
--- PASS: TestConnect_DiscoveryParseFailureClosesTransport (0.00s)
=== RUN   TestConnect_LegacyInitializedNotificationIsAbsent
--- PASS: TestConnect_LegacyInitializedNotificationIsAbsent (0.00s)
=== RUN   TestToolResult_ErrorChunkPreservesTypedRemoteEnvelope
--- PASS: TestToolResult_ErrorChunkPreservesTypedRemoteEnvelope (0.00s)
=== RUN   TestHandleToolCallResult_ReadLimitExceeded_MapsValidation
--- PASS: TestHandleToolCallResult_ReadLimitExceeded_MapsValidation (0.00s)
=== RUN   TestGetResourceTool_ReadLimitExceeded
--- PASS: TestGetResourceTool_ReadLimitExceeded (0.00s)
=== RUN   TestGetPrompt_ReadLimitExceeded
--- PASS: TestGetPrompt_ReadLimitExceeded (0.00s)
=== RUN   TestGetResourceTool_ReadLimit_CustomStreamCap
--- PASS: TestGetResourceTool_ReadLimit_CustomStreamCap (0.00s)
=== RUN   TestHandleToolCallResult_ReadLimit_CustomStreamCap
--- PASS: TestHandleToolCallResult_ReadLimit_CustomStreamCap (0.00s)
=== RUN   TestGetTools_RemoteAnnotationsRemainUntrusted
--- PASS: TestGetTools_RemoteAnnotationsRemainUntrusted (0.01s)
=== RUN   TestConnect_Discovery_ReadLimitMapsValidation
=== PAUSE TestConnect_Discovery_ReadLimitMapsValidation
=== RUN   TestGetTools_ReadLimitExceeded
=== PAUSE TestGetTools_ReadLimitExceeded
=== RUN   TestGetPrompts_ReadLimitExceeded
=== PAUSE TestGetPrompts_ReadLimitExceeded
=== RUN   TestConnect_Discovery_ReadLimit_CustomStreamCap
=== PAUSE TestConnect_Discovery_ReadLimit_CustomStreamCap
=== RUN   TestGetTools_ReadLimit_CustomStreamCap
=== PAUSE TestGetTools_ReadLimit_CustomStreamCap
=== RUN   TestGetPrompts_ReadLimit_CustomStreamCap
=== PAUSE TestGetPrompts_ReadLimit_CustomStreamCap
=== RUN   TestMapCallReadLimit_CancelOverLimit
=== PAUSE TestMapCallReadLimit_CancelOverLimit
=== RUN   TestClient_ListBoundariesMapReadLimitsAndPreserveInterrupts
=== RUN   TestClient_ListBoundariesMapReadLimitsAndPreserveInterrupts/resources/cap0
=== RUN   TestClient_ListBoundariesMapReadLimitsAndPreserveInterrupts/resources/cap2048
=== RUN   TestClient_ListBoundariesMapReadLimitsAndPreserveInterrupts/resources/interrupt
=== RUN   TestClient_ListBoundariesMapReadLimitsAndPreserveInterrupts/templates/cap0
=== RUN   TestClient_ListBoundariesMapReadLimitsAndPreserveInterrupts/templates/cap2048
=== RUN   TestClient_ListBoundariesMapReadLimitsAndPreserveInterrupts/templates/interrupt
=== RUN   TestClient_ListBoundariesMapReadLimitsAndPreserveInterrupts/prompts/cap0
=== RUN   TestClient_ListBoundariesMapReadLimitsAndPreserveInterrupts/prompts/cap2048
=== RUN   TestClient_ListBoundariesMapReadLimitsAndPreserveInterrupts/prompts/interrupt
--- PASS: TestClient_ListBoundariesMapReadLimitsAndPreserveInterrupts (0.01s)
    --- PASS: TestClient_ListBoundariesMapReadLimitsAndPreserveInterrupts/resources/cap0 (0.00s)
    --- PASS: TestClient_ListBoundariesMapReadLimitsAndPreserveInterrupts/resources/cap2048 (0.00s)
    --- PASS: TestClient_ListBoundariesMapReadLimitsAndPreserveInterrupts/resources/interrupt (0.00s)
    --- PASS: TestClient_ListBoundariesMapReadLimitsAndPreserveInterrupts/templates/cap0 (0.00s)
    --- PASS: TestClient_ListBoundariesMapReadLimitsAndPreserveInterrupts/templates/cap2048 (0.00s)
    --- PASS: TestClient_ListBoundariesMapReadLimitsAndPreserveInterrupts/templates/interrupt (0.00s)
    --- PASS: TestClient_ListBoundariesMapReadLimitsAndPreserveInterrupts/prompts/cap0 (0.00s)
    --- PASS: TestClient_ListBoundariesMapReadLimitsAndPreserveInterrupts/prompts/cap2048 (0.00s)
    --- PASS: TestClient_ListBoundariesMapReadLimitsAndPreserveInterrupts/prompts/interrupt (0.00s)
=== RUN   TestMapCallReadLimit_DeadlineOverLimit
=== PAUSE TestMapCallReadLimit_DeadlineOverLimit
=== RUN   TestMapCallReadLimit_TimeoutOverLimit
=== PAUSE TestMapCallReadLimit_TimeoutOverLimit
=== RUN   TestHandleToolCallResult_CancelOverReadLimit
=== PAUSE TestHandleToolCallResult_CancelOverReadLimit
=== RUN   TestMapCallReadLimitFor_InterruptInChainOverReadLimit
=== PAUSE TestMapCallReadLimitFor_InterruptInChainOverReadLimit
=== RUN   TestHandleToolCallResult_InterruptInChainOverReadLimit
=== PAUSE TestHandleToolCallResult_InterruptInChainOverReadLimit
=== RUN   TestFormatContentBlocks_BinaryDataIsRetainedInProjection
--- PASS: TestFormatContentBlocks_BinaryDataIsRetainedInProjection (0.00s)
=== RUN   TestFormatContentBlocks_UnknownTypeFailsClosed
--- PASS: TestFormatContentBlocks_UnknownTypeFailsClosed (0.00s)
=== RUN   TestFormatResourceContents_RejectsAmbiguousUnion
--- PASS: TestFormatResourceContents_RejectsAmbiguousUnion (0.00s)
=== RUN   TestCustomPendingConsumerAbortCleansInvocationWithoutClosingTransport
--- PASS: TestCustomPendingConsumerAbortCleansInvocationWithoutClosingTransport (0.01s)
=== RUN   TestProtocolVersionErrorBoundsServerDiagnostic
--- PASS: TestProtocolVersionErrorBoundsServerDiagnostic (0.00s)
=== RUN   TestJSONRPCErrorRejectsFractionalCodeOnMarshal
--- PASS: TestJSONRPCErrorRejectsFractionalCodeOnMarshal (0.00s)
=== RUN   TestTask34OfficialResultFixturesDecodeStrictly
--- PASS: TestTask34OfficialResultFixturesDecodeStrictly (0.01s)
=== RUN   TestTask34AdversarialCacheAndDuplicateFixturesFailClosed
=== RUN   TestTask34AdversarialCacheAndDuplicateFixturesFailClosed/missingTTL
=== RUN   TestTask34AdversarialCacheAndDuplicateFixturesFailClosed/nullTTL
=== RUN   TestTask34AdversarialCacheAndDuplicateFixturesFailClosed/fractionalTTL
=== RUN   TestTask34AdversarialCacheAndDuplicateFixturesFailClosed/negativeTTL
=== RUN   TestTask34AdversarialCacheAndDuplicateFixturesFailClosed/unknownScope
--- PASS: TestTask34AdversarialCacheAndDuplicateFixturesFailClosed (0.00s)
    --- PASS: TestTask34AdversarialCacheAndDuplicateFixturesFailClosed/missingTTL (0.00s)
    --- PASS: TestTask34AdversarialCacheAndDuplicateFixturesFailClosed/nullTTL (0.00s)
    --- PASS: TestTask34AdversarialCacheAndDuplicateFixturesFailClosed/fractionalTTL (0.00s)
    --- PASS: TestTask34AdversarialCacheAndDuplicateFixturesFailClosed/negativeTTL (0.00s)
    --- PASS: TestTask34AdversarialCacheAndDuplicateFixturesFailClosed/unknownScope (0.00s)
=== RUN   TestTask34OfficialRequestAndHTTPFixtures
--- PASS: TestTask34OfficialRequestAndHTTPFixtures (0.00s)
=== RUN   TestTask34OfficialSubscriptionSequence
--- PASS: TestTask34OfficialSubscriptionSequence (0.00s)
=== RUN   TestTask34AdversarialDiscoveryAndResultUnionFixtures
--- PASS: TestTask34AdversarialDiscoveryAndResultUnionFixtures (0.00s)
=== RUN   TestTask34AdversarialHeaderAndSchemaFixtures
--- PASS: TestTask34AdversarialHeaderAndSchemaFixtures (0.00s)
=== RUN   TestTask34AdversarialSubscriptionPeerAndLegacyMatrices
--- PASS: TestTask34AdversarialSubscriptionPeerAndLegacyMatrices (0.00s)
=== RUN   TestTask34FixtureInventoryIsComplete
--- PASS: TestTask34FixtureInventoryIsComplete (0.00s)
=== RUN   TestHTTPAuthenticationFailurePreservesSafeHintsWithoutRetry
=== RUN   TestHTTPAuthenticationFailurePreservesSafeHintsWithoutRetry/Unauthorized
=== RUN   TestHTTPAuthenticationFailurePreservesSafeHintsWithoutRetry/Forbidden
--- PASS: TestHTTPAuthenticationFailurePreservesSafeHintsWithoutRetry (0.01s)
    --- PASS: TestHTTPAuthenticationFailurePreservesSafeHintsWithoutRetry/Unauthorized (0.00s)
    --- PASS: TestHTTPAuthenticationFailurePreservesSafeHintsWithoutRetry/Forbidden (0.00s)
=== RUN   TestAuthenticationChallengeBoundsAndUnsafeParameters
=== RUN   TestAuthenticationChallengeBoundsAndUnsafeParameters/quoted_comma
=== RUN   TestAuthenticationChallengeBoundsAndUnsafeParameters/query_discarded
=== RUN   TestAuthenticationChallengeBoundsAndUnsafeParameters/credentials_discarded
=== RUN   TestAuthenticationChallengeBoundsAndUnsafeParameters/fragment_discarded
=== RUN   TestAuthenticationChallengeBoundsAndUnsafeParameters/header_budget
=== RUN   TestAuthenticationChallengeBoundsAndUnsafeParameters/challenge_budget
=== RUN   TestAuthenticationChallengeBoundsAndUnsafeParameters/malformed_quotes
=== RUN   TestAuthenticationChallengeBoundsAndUnsafeParameters/controls
=== RUN   TestAuthenticationChallengeBoundsAndUnsafeParameters/parameter_budget
--- PASS: TestAuthenticationChallengeBoundsAndUnsafeParameters (0.00s)
    --- PASS: TestAuthenticationChallengeBoundsAndUnsafeParameters/quoted_comma (0.00s)
    --- PASS: TestAuthenticationChallengeBoundsAndUnsafeParameters/query_discarded (0.00s)
    --- PASS: TestAuthenticationChallengeBoundsAndUnsafeParameters/credentials_discarded (0.00s)
    --- PASS: TestAuthenticationChallengeBoundsAndUnsafeParameters/fragment_discarded (0.00s)
    --- PASS: TestAuthenticationChallengeBoundsAndUnsafeParameters/header_budget (0.00s)
    --- PASS: TestAuthenticationChallengeBoundsAndUnsafeParameters/challenge_budget (0.00s)
    --- PASS: TestAuthenticationChallengeBoundsAndUnsafeParameters/malformed_quotes (0.00s)
    --- PASS: TestAuthenticationChallengeBoundsAndUnsafeParameters/controls (0.00s)
    --- PASS: TestAuthenticationChallengeBoundsAndUnsafeParameters/parameter_budget (0.00s)
=== RUN   TestAuthenticationFailureDoesNotDrainUnfinishedBody
--- PASS: TestAuthenticationFailureDoesNotDrainUnfinishedBody (0.00s)
=== RUN   TestIterateCursorWithLimits_RejectsUnboundedUniquePages
--- PASS: TestIterateCursorWithLimits_RejectsUnboundedUniquePages (0.00s)
=== RUN   TestIterateCursorWithLimits_RejectsCumulativeCursorBytes
--- PASS: TestIterateCursorWithLimits_RejectsCumulativeCursorBytes (0.00s)
=== RUN   TestTask34PaginationPreservesChangingPerPageCacheSnapshots
--- PASS: TestTask34PaginationPreservesChangingPerPageCacheSnapshots (0.01s)
=== RUN   TestTask34RandomizedIntegralRPCIDsCanonicalizeWithoutStringCollision
--- PASS: TestTask34RandomizedIntegralRPCIDsCanonicalizeWithoutStringCollision (0.04s)
=== RUN   TestTask34CancelledIDFragmentationRemainsBoundedAndFailsClosed
--- PASS: TestTask34CancelledIDFragmentationRemainsBoundedAndFailsClosed (0.01s)
=== RUN   TestRPCPeer_RequestAndNotificationWithSameMethodAreDistinct
--- PASS: TestRPCPeer_RequestAndNotificationWithSameMethodAreDistinct (0.00s)
=== RUN   TestRPCPeer_UnknownIncomingMethodFailsClosed
--- PASS: TestRPCPeer_UnknownIncomingMethodFailsClosed (0.00s)
=== RUN   TestRPCPeer_StringAndNumericIDsDoNotCollide
--- PASS: TestRPCPeer_StringAndNumericIDsDoNotCollide (0.00s)
=== RUN   TestRPCPeer_EmptyMethodFailsClosed
--- PASS: TestRPCPeer_EmptyMethodFailsClosed (0.00s)
=== RUN   TestRPCPeer_HybridRequestResponseEnvelopeIsRejected
--- PASS: TestRPCPeer_HybridRequestResponseEnvelopeIsRejected (0.00s)
=== RUN   TestRPCPeer_FractionalIncomingRequestIDIsRejectedWithoutDispatch
--- PASS: TestRPCPeer_FractionalIncomingRequestIDIsRejectedWithoutDispatch (0.00s)
=== RUN   TestRPCPeer_MalformedIncomingRequestsFailClosed
=== RUN   TestRPCPeer_MalformedIncomingRequestsFailClosed/{"jsonrpc":"1.0","id":7,"method":"roots/list"}
=== RUN   TestRPCPeer_MalformedIncomingRequestsFailClosed/{"id":"missing-version","method":"roots/list"}
=== RUN   TestRPCPeer_MalformedIncomingRequestsFailClosed/{"jsonrpc":"2.0","id":9,"method":42}
=== RUN   TestRPCPeer_MalformedIncomingRequestsFailClosed/{"jsonrpc":"2.0","id":10,"method":null}
--- PASS: TestRPCPeer_MalformedIncomingRequestsFailClosed (0.00s)
    --- PASS: TestRPCPeer_MalformedIncomingRequestsFailClosed/{"jsonrpc":"1.0","id":7,"method":"roots/list"} (0.00s)
    --- PASS: TestRPCPeer_MalformedIncomingRequestsFailClosed/{"id":"missing-version","method":"roots/list"} (0.00s)
    --- PASS: TestRPCPeer_MalformedIncomingRequestsFailClosed/{"jsonrpc":"2.0","id":9,"method":42} (0.00s)
    --- PASS: TestRPCPeer_MalformedIncomingRequestsFailClosed/{"jsonrpc":"2.0","id":10,"method":null} (0.00s)
=== RUN   TestRPCPeer_JSONRPCErrorCodePreservesExactIntegers
=== RUN   TestRPCPeer_JSONRPCErrorCodePreservesExactIntegers/1.0
=== RUN   TestRPCPeer_JSONRPCErrorCodePreservesExactIntegers/1e0
=== RUN   TestRPCPeer_JSONRPCErrorCodePreservesExactIntegers/9007199254740993
--- PASS: TestRPCPeer_JSONRPCErrorCodePreservesExactIntegers (0.00s)
    --- PASS: TestRPCPeer_JSONRPCErrorCodePreservesExactIntegers/1.0 (0.00s)
    --- PASS: TestRPCPeer_JSONRPCErrorCodePreservesExactIntegers/1e0 (0.00s)
    --- PASS: TestRPCPeer_JSONRPCErrorCodePreservesExactIntegers/9007199254740993 (0.00s)
=== RUN   TestRPCPeer_JSONRPCErrorCodeRejectsFraction
--- PASS: TestRPCPeer_JSONRPCErrorCodeRejectsFraction (0.00s)
=== RUN   TestRPCPeer_NonObjectAndInvalidJSONFailClosed
=== RUN   TestRPCPeer_NonObjectAndInvalidJSONFailClosed/array
=== RUN   TestRPCPeer_NonObjectAndInvalidJSONFailClosed/null
=== RUN   TestRPCPeer_NonObjectAndInvalidJSONFailClosed/syntax
--- PASS: TestRPCPeer_NonObjectAndInvalidJSONFailClosed (0.00s)
    --- PASS: TestRPCPeer_NonObjectAndInvalidJSONFailClosed/array (0.00s)
    --- PASS: TestRPCPeer_NonObjectAndInvalidJSONFailClosed/null (0.00s)
    --- PASS: TestRPCPeer_NonObjectAndInvalidJSONFailClosed/syntax (0.00s)
=== RUN   TestRPCPeer_MalformedNotificationShapedMessagesNeverReceiveResponse
=== RUN   TestRPCPeer_MalformedNotificationShapedMessagesNeverReceiveResponse/{"jsonrpc":"2.0","method":"notifications/progress","params":[]}
=== RUN   TestRPCPeer_MalformedNotificationShapedMessagesNeverReceiveResponse/{"jsonrpc":"1.0","method":"notifications/progress","params":{}}
=== RUN   TestRPCPeer_MalformedNotificationShapedMessagesNeverReceiveResponse/{"jsonrpc":"2.0","method":42,"params":{}}
=== RUN   TestRPCPeer_MalformedNotificationShapedMessagesNeverReceiveResponse/{"jsonrpc":"2.0","method":"notifications/progress","result":{}}
--- PASS: TestRPCPeer_MalformedNotificationShapedMessagesNeverReceiveResponse (0.00s)
    --- PASS: TestRPCPeer_MalformedNotificationShapedMessagesNeverReceiveResponse/{"jsonrpc":"2.0","method":"notifications/progress","params":[]} (0.00s)
    --- PASS: TestRPCPeer_MalformedNotificationShapedMessagesNeverReceiveResponse/{"jsonrpc":"1.0","method":"notifications/progress","params":{}} (0.00s)
    --- PASS: TestRPCPeer_MalformedNotificationShapedMessagesNeverReceiveResponse/{"jsonrpc":"2.0","method":42,"params":{}} (0.00s)
    --- PASS: TestRPCPeer_MalformedNotificationShapedMessagesNeverReceiveResponse/{"jsonrpc":"2.0","method":"notifications/progress","result":{}} (0.00s)
=== RUN   TestRPCPeer_CloseAfterForbiddenIncomingRequest
--- PASS: TestRPCPeer_CloseAfterForbiddenIncomingRequest (0.00s)
=== RUN   TestRPCPeer_InvalidErrorObjectCompletesCorrelatedRequest
=== RUN   TestRPCPeer_InvalidErrorObjectCompletesCorrelatedRequest/{}
=== RUN   TestRPCPeer_InvalidErrorObjectCompletesCorrelatedRequest/{"code":null,"message":"x"}
=== RUN   TestRPCPeer_InvalidErrorObjectCompletesCorrelatedRequest/{"code":1,"message":null}
--- PASS: TestRPCPeer_InvalidErrorObjectCompletesCorrelatedRequest (0.00s)
    --- PASS: TestRPCPeer_InvalidErrorObjectCompletesCorrelatedRequest/{} (0.00s)
    --- PASS: TestRPCPeer_InvalidErrorObjectCompletesCorrelatedRequest/{"code":null,"message":"x"} (0.00s)
    --- PASS: TestRPCPeer_InvalidErrorObjectCompletesCorrelatedRequest/{"code":1,"message":null} (0.00s)
=== RUN   TestRPCPeer_RejectsNonObjectParams
=== RUN   TestRPCPeer_RejectsNonObjectParams/null
=== RUN   TestRPCPeer_RejectsNonObjectParams/[]
=== RUN   TestRPCPeer_RejectsNonObjectParams/"scalar"
=== RUN   TestRPCPeer_RejectsNonObjectParams/1
--- PASS: TestRPCPeer_RejectsNonObjectParams (0.00s)
    --- PASS: TestRPCPeer_RejectsNonObjectParams/null (0.00s)
    --- PASS: TestRPCPeer_RejectsNonObjectParams/[] (0.00s)
    --- PASS: TestRPCPeer_RejectsNonObjectParams/"scalar" (0.00s)
    --- PASS: TestRPCPeer_RejectsNonObjectParams/1 (0.00s)
=== RUN   TestRPCPeer_CloseUnblocksEveryPendingRequest
--- PASS: TestRPCPeer_CloseUnblocksEveryPendingRequest (0.00s)
=== RUN   TestRemoteHintsRequireHostTrustForCacheAndCurrentPolicy
=== RUN   TestRemoteHintsRequireHostTrustForCacheAndCurrentPolicy/untrusted
=== RUN   TestRemoteHintsRequireHostTrustForCacheAndCurrentPolicy/host-approved
--- PASS: TestRemoteHintsRequireHostTrustForCacheAndCurrentPolicy (0.03s)
    --- PASS: TestRemoteHintsRequireHostTrustForCacheAndCurrentPolicy/untrusted (0.01s)
    --- PASS: TestRemoteHintsRequireHostTrustForCacheAndCurrentPolicy/host-approved (0.01s)
=== RUN   TestToolPolicyMapperRefusalPreventsProxyDelivery
--- PASS: TestToolPolicyMapperRefusalPreventsProxyDelivery (0.00s)
=== RUN   TestGetResourceTool_ReadOnlyManifest
--- PASS: TestGetResourceTool_ReadOnlyManifest (0.00s)
=== RUN   TestPublicMCPPoolReuseAndCleanup
--- PASS: TestPublicMCPPoolReuseAndCleanup (0.09s)
=== RUN   TestMCPHTTPSettingsFailBeforeDispatch
--- PASS: TestMCPHTTPSettingsFailBeforeDispatch (0.00s)
=== RUN   TestMigratedProgressRetiresBeforeAwaitAndDrainsAcceptedEvents
--- PASS: TestMigratedProgressRetiresBeforeAwaitAndDrainsAcceptedEvents (0.01s)
=== RUN   TestMigratedMCPConsumerAbortPreservesCause
=== RUN   TestMigratedMCPConsumerAbortPreservesCause/progress
=== RUN   TestMigratedMCPConsumerAbortPreservesCause/result
--- PASS: TestMigratedMCPConsumerAbortPreservesCause (0.01s)
    --- PASS: TestMigratedMCPConsumerAbortPreservesCause/progress (0.01s)
    --- PASS: TestMigratedMCPConsumerAbortPreservesCause/result (0.01s)
=== RUN   TestMigratedEmptyResourceChunksRespectCoreContract
--- PASS: TestMigratedEmptyResourceChunksRespectCoreContract (0.00s)
=== RUN   TestMigratedProgressMissingCompletionAbortsBeforeDelivery
--- PASS: TestMigratedProgressMissingCompletionAbortsBeforeDelivery (0.01s)
=== RUN   TestProtocolBoundaryRejectsRecursiveDuplicateKeys
--- PASS: TestProtocolBoundaryRejectsRecursiveDuplicateKeys (0.00s)
=== RUN   TestCacheInfoPreservesUnboundedIntegerAndRejectsInvalidForms
--- PASS: TestCacheInfoPreservesUnboundedIntegerAndRejectsInvalidForms (0.00s)
=== RUN   TestMRTRRequestStateIsByteExactOpaqueString
--- PASS: TestMRTRRequestStateIsByteExactOpaqueString (0.00s)
=== RUN   TestMalformedServerInfoIsDisplayMetadataAndTreatedAbsent
--- PASS: TestMalformedServerInfoIsDisplayMetadataAndTreatedAbsent (0.00s)
=== RUN   TestContentBlockTaggedUnionIsSymmetric
--- PASS: TestContentBlockTaggedUnionIsSymmetric (0.00s)
=== RUN   TestReservedRPCErrorDataViolationsAreClassified
--- PASS: TestReservedRPCErrorDataViolationsAreClassified (0.00s)
=== RUN   TestCurrentInertCapabilitiesAndUnrelatedExtrasRemainLossless
--- PASS: TestCurrentInertCapabilitiesAndUnrelatedExtrasRemainLossless (0.00s)
=== RUN   TestExtensionRegistryRequiresExplicitOwnership
--- PASS: TestExtensionRegistryRequiresExplicitOwnership (0.00s)
=== RUN   TestResultUnionRejectsForeignVariantFieldsAcrossMethods
=== RUN   TestResultUnionRejectsForeignVariantFieldsAcrossMethods/discover
=== RUN   TestResultUnionRejectsForeignVariantFieldsAcrossMethods/tools_list
=== RUN   TestResultUnionRejectsForeignVariantFieldsAcrossMethods/resources_list
=== RUN   TestResultUnionRejectsForeignVariantFieldsAcrossMethods/templates_list
=== RUN   TestResultUnionRejectsForeignVariantFieldsAcrossMethods/prompts_list
=== RUN   TestResultUnionRejectsForeignVariantFieldsAcrossMethods/resource_read
=== RUN   TestResultUnionRejectsForeignVariantFieldsAcrossMethods/prompt_get
=== RUN   TestResultUnionRejectsForeignVariantFieldsAcrossMethods/tool_call
=== RUN   TestResultUnionRejectsForeignVariantFieldsAcrossMethods/empty
=== RUN   TestResultUnionRejectsForeignVariantFieldsAcrossMethods/subscription
--- PASS: TestResultUnionRejectsForeignVariantFieldsAcrossMethods (0.00s)
    --- PASS: TestResultUnionRejectsForeignVariantFieldsAcrossMethods/discover (0.00s)
    --- PASS: TestResultUnionRejectsForeignVariantFieldsAcrossMethods/tools_list (0.00s)
    --- PASS: TestResultUnionRejectsForeignVariantFieldsAcrossMethods/resources_list (0.00s)
    --- PASS: TestResultUnionRejectsForeignVariantFieldsAcrossMethods/templates_list (0.00s)
    --- PASS: TestResultUnionRejectsForeignVariantFieldsAcrossMethods/prompts_list (0.00s)
    --- PASS: TestResultUnionRejectsForeignVariantFieldsAcrossMethods/resource_read (0.00s)
    --- PASS: TestResultUnionRejectsForeignVariantFieldsAcrossMethods/prompt_get (0.00s)
    --- PASS: TestResultUnionRejectsForeignVariantFieldsAcrossMethods/tool_call (0.00s)
    --- PASS: TestResultUnionRejectsForeignVariantFieldsAcrossMethods/empty (0.00s)
    --- PASS: TestResultUnionRejectsForeignVariantFieldsAcrossMethods/subscription (0.00s)
=== RUN   TestTask34AdversarialResultUnionFixtureFailClosed
=== RUN   TestTask34AdversarialResultUnionFixtureFailClosed/missingType
=== RUN   TestTask34AdversarialResultUnionFixtureFailClosed/nullType
=== RUN   TestTask34AdversarialResultUnionFixtureFailClosed/unknownType
=== RUN   TestTask34AdversarialResultUnionFixtureFailClosed/emptyInputRequired
=== RUN   TestTask34AdversarialResultUnionFixtureFailClosed/inputRequiredOnList
=== RUN   TestTask34AdversarialResultUnionFixtureFailClosed/foreignCompleteFields
--- PASS: TestTask34AdversarialResultUnionFixtureFailClosed (0.00s)
    --- PASS: TestTask34AdversarialResultUnionFixtureFailClosed/missingType (0.00s)
    --- PASS: TestTask34AdversarialResultUnionFixtureFailClosed/nullType (0.00s)
    --- PASS: TestTask34AdversarialResultUnionFixtureFailClosed/unknownType (0.00s)
    --- PASS: TestTask34AdversarialResultUnionFixtureFailClosed/emptyInputRequired (0.00s)
    --- PASS: TestTask34AdversarialResultUnionFixtureFailClosed/inputRequiredOnList (0.00s)
    --- PASS: TestTask34AdversarialResultUnionFixtureFailClosed/foreignCompleteFields (0.00s)
=== RUN   TestOutboundExtraAndMetaRejectRecursiveDuplicateJSON
--- PASS: TestOutboundExtraAndMetaRejectRecursiveDuplicateJSON (0.00s)
=== RUN   TestSubscriptionMetaIgnoresMalformedServerInfo
--- PASS: TestSubscriptionMetaIgnoresMalformedServerInfo (0.00s)
=== RUN   TestMCPToolCompilesSchemasAtWireBoundary
--- PASS: TestMCPToolCompilesSchemasAtWireBoundary (0.00s)
=== RUN   TestCapabilityExtensionsPreserveCurrentMCPNamespace
--- PASS: TestCapabilityExtensionsPreserveCurrentMCPNamespace (0.00s)
=== RUN   TestStrictDTOFamiliesRejectNullAndPreserveAdditiveFields
=== RUN   TestStrictDTOFamiliesRejectNullAndPreserveAdditiveFields/server_capabilities
=== RUN   TestStrictDTOFamiliesRejectNullAndPreserveAdditiveFields/discover
=== RUN   TestStrictDTOFamiliesRejectNullAndPreserveAdditiveFields/tool_result
=== RUN   TestStrictDTOFamiliesRejectNullAndPreserveAdditiveFields/tool
=== RUN   TestStrictDTOFamiliesRejectNullAndPreserveAdditiveFields/resource
=== RUN   TestStrictDTOFamiliesRejectNullAndPreserveAdditiveFields/resource_template
=== RUN   TestStrictDTOFamiliesRejectNullAndPreserveAdditiveFields/prompt
=== RUN   TestStrictDTOFamiliesRejectNullAndPreserveAdditiveFields/prompt_argument
=== RUN   TestStrictDTOFamiliesRejectNullAndPreserveAdditiveFields/prompt_message
=== RUN   TestStrictDTOFamiliesRejectNullAndPreserveAdditiveFields/implementation
=== RUN   TestStrictDTOFamiliesRejectNullAndPreserveAdditiveFields/icon
=== RUN   TestStrictDTOFamiliesRejectNullAndPreserveAdditiveFields/annotations
=== RUN   TestStrictDTOFamiliesRejectNullAndPreserveAdditiveFields/tool_annotations
--- PASS: TestStrictDTOFamiliesRejectNullAndPreserveAdditiveFields (0.01s)
    --- PASS: TestStrictDTOFamiliesRejectNullAndPreserveAdditiveFields/server_capabilities (0.00s)
    --- PASS: TestStrictDTOFamiliesRejectNullAndPreserveAdditiveFields/discover (0.00s)
    --- PASS: TestStrictDTOFamiliesRejectNullAndPreserveAdditiveFields/tool_result (0.00s)
    --- PASS: TestStrictDTOFamiliesRejectNullAndPreserveAdditiveFields/tool (0.00s)
    --- PASS: TestStrictDTOFamiliesRejectNullAndPreserveAdditiveFields/resource (0.00s)
    --- PASS: TestStrictDTOFamiliesRejectNullAndPreserveAdditiveFields/resource_template (0.00s)
    --- PASS: TestStrictDTOFamiliesRejectNullAndPreserveAdditiveFields/prompt (0.00s)
    --- PASS: TestStrictDTOFamiliesRejectNullAndPreserveAdditiveFields/prompt_argument (0.00s)
    --- PASS: TestStrictDTOFamiliesRejectNullAndPreserveAdditiveFields/prompt_message (0.00s)
    --- PASS: TestStrictDTOFamiliesRejectNullAndPreserveAdditiveFields/implementation (0.00s)
    --- PASS: TestStrictDTOFamiliesRejectNullAndPreserveAdditiveFields/icon (0.00s)
    --- PASS: TestStrictDTOFamiliesRejectNullAndPreserveAdditiveFields/annotations (0.00s)
    --- PASS: TestStrictDTOFamiliesRejectNullAndPreserveAdditiveFields/tool_annotations (0.00s)
=== RUN   TestMetaIdentifiersRejectEmptyAndPrefixOnlyKeys
--- PASS: TestMetaIdentifiersRejectEmptyAndPrefixOnlyKeys (0.00s)
=== RUN   TestCallerRequestMetaRejectsAllReservedSecondLabelNamespaces
--- PASS: TestCallerRequestMetaRejectsAllReservedSecondLabelNamespaces (0.00s)
=== RUN   TestContentBlockVariantsRejectNullWrongTypeAndForeignOptionals
--- PASS: TestContentBlockVariantsRejectNullWrongTypeAndForeignOptionals (0.00s)
=== RUN   TestCurrentClientCapabilityShapesAreTypedStrictAndInert
--- PASS: TestCurrentClientCapabilityShapesAreTypedStrictAndInert (0.00s)
=== RUN   TestMissingRequiredCapabilityErrorDecodesCurrentTypedShapes
--- PASS: TestMissingRequiredCapabilityErrorDecodesCurrentTypedShapes (0.00s)
=== RUN   TestResourceSizesRequireLosslessJSONIntegersSymmetrically
--- PASS: TestResourceSizesRequireLosslessJSONIntegersSymmetrically (0.00s)
=== RUN   TestKnownOptionalWireFieldsRejectPresentNullAndInvalidEnums
--- PASS: TestKnownOptionalWireFieldsRejectPresentNullAndInvalidEnums (0.00s)
=== RUN   TestResourceTemplateValidatesRFC6570ExpressionsSymmetrically
--- PASS: TestResourceTemplateValidatesRFC6570ExpressionsSymmetrically (0.00s)
=== RUN   TestResourceContents_HasNoNonStandardAnnotationsSurface
--- PASS: TestResourceContents_HasNoNonStandardAnnotationsSurface (0.00s)
=== RUN   TestResourceContents_UnknownAnnotationFieldsRemainInert
=== RUN   TestResourceContents_UnknownAnnotationFieldsRemainInert/{"uri":"file:///a","text":"x","annotations":{}}
=== RUN   TestResourceContents_UnknownAnnotationFieldsRemainInert/{"uri":"file:///a","text":"x","future":true}
--- PASS: TestResourceContents_UnknownAnnotationFieldsRemainInert (0.00s)
    --- PASS: TestResourceContents_UnknownAnnotationFieldsRemainInert/{"uri":"file:///a","text":"x","annotations":{}} (0.00s)
    --- PASS: TestResourceContents_UnknownAnnotationFieldsRemainInert/{"uri":"file:///a","text":"x","future":true} (0.00s)
=== RUN   TestProgressToken_StringAndNumberWireContract
=== RUN   TestProgressToken_StringAndNumberWireContract/string
=== RUN   TestProgressToken_StringAndNumberWireContract/integer
=== RUN   TestProgressToken_StringAndNumberWireContract/fractional
=== RUN   TestProgressToken_StringAndNumberWireContract/integral_exponent
--- PASS: TestProgressToken_StringAndNumberWireContract (0.00s)
    --- PASS: TestProgressToken_StringAndNumberWireContract/string (0.00s)
    --- PASS: TestProgressToken_StringAndNumberWireContract/integer (0.00s)
    --- PASS: TestProgressToken_StringAndNumberWireContract/fractional (0.00s)
    --- PASS: TestProgressToken_StringAndNumberWireContract/integral_exponent (0.00s)
=== RUN   TestEmptyResult_RequiresObjectAndPreservesExtensions
--- PASS: TestEmptyResult_RequiresObjectAndPreservesExtensions (0.00s)
=== RUN   TestMeta_KeyFormatIsValidatedOnBothDirections
--- PASS: TestMeta_KeyFormatIsValidatedOnBothDirections (0.00s)
=== RUN   TestRequestMeta_ExtensionKeyFormatIsValidated
--- PASS: TestRequestMeta_ExtensionKeyFormatIsValidated (0.00s)
=== RUN   TestProgressToken_RejectsNullAndCompositeValues
--- PASS: TestProgressToken_RejectsNullAndCompositeValues (0.00s)
=== RUN   TestCallToolResult_AllContentVariantsRemainLossless
--- PASS: TestCallToolResult_AllContentVariantsRemainLossless (0.01s)
=== RUN   TestContentBlock_EmptyRequiredPayloadRoundTrips
--- PASS: TestContentBlock_EmptyRequiredPayloadRoundTrips (0.00s)
=== RUN   TestResourceLinkSize_PreservesIntegersAndRejectsFraction
=== RUN   TestResourceLinkSize_PreservesIntegersAndRejectsFraction/9007199254740993
=== RUN   TestResourceLinkSize_PreservesIntegersAndRejectsFraction/1.5
=== RUN   TestResourceLinkSize_PreservesIntegersAndRejectsFraction/1e3
--- PASS: TestResourceLinkSize_PreservesIntegersAndRejectsFraction (0.00s)
    --- PASS: TestResourceLinkSize_PreservesIntegersAndRejectsFraction/9007199254740993 (0.00s)
    --- PASS: TestResourceLinkSize_PreservesIntegersAndRejectsFraction/1.5 (0.00s)
    --- PASS: TestResourceLinkSize_PreservesIntegersAndRejectsFraction/1e3 (0.00s)
=== RUN   TestStrictDTOsRejectPresentNullAndFractionalInteger
=== RUN   TestStrictDTOsRejectPresentNullAndFractionalInteger/isError_null
=== RUN   TestStrictDTOsRejectPresentNullAndFractionalInteger/resource_size_null
=== RUN   TestStrictDTOsRejectPresentNullAndFractionalInteger/resource_size_non-number
=== RUN   TestStrictDTOsRejectPresentNullAndFractionalInteger/resource_link_invalid_icon_theme
=== RUN   TestStrictDTOsRejectPresentNullAndFractionalInteger/mime_type_null
=== RUN   TestStrictDTOsRejectPresentNullAndFractionalInteger/prompt_required_null
=== RUN   TestStrictDTOsRejectPresentNullAndFractionalInteger/capability_flag_null
=== RUN   TestStrictDTOsRejectPresentNullAndFractionalInteger/logging_logger_null
=== RUN   TestStrictDTOsRejectPresentNullAndFractionalInteger/logging_meta_null
=== RUN   TestStrictDTOsRejectPresentNullAndFractionalInteger/resource_update_meta_null
=== RUN   TestStrictDTOsRejectPresentNullAndFractionalInteger/base_request_meta_null
=== RUN   TestStrictDTOsRejectPresentNullAndFractionalInteger/discover_request_meta_null
=== RUN   TestStrictDTOsRejectPresentNullAndFractionalInteger/initialize_request_meta_null
=== RUN   TestStrictDTOsRejectPresentNullAndFractionalInteger/cursor_request_meta_null
=== RUN   TestStrictDTOsRejectPresentNullAndFractionalInteger/tool_call_meta_null
=== RUN   TestStrictDTOsRejectPresentNullAndFractionalInteger/resource_read_meta_null
=== RUN   TestStrictDTOsRejectPresentNullAndFractionalInteger/prompt_get_meta_null
--- PASS: TestStrictDTOsRejectPresentNullAndFractionalInteger (0.00s)
    --- PASS: TestStrictDTOsRejectPresentNullAndFractionalInteger/isError_null (0.00s)
    --- PASS: TestStrictDTOsRejectPresentNullAndFractionalInteger/resource_size_null (0.00s)
    --- PASS: TestStrictDTOsRejectPresentNullAndFractionalInteger/resource_size_non-number (0.00s)
    --- PASS: TestStrictDTOsRejectPresentNullAndFractionalInteger/resource_link_invalid_icon_theme (0.00s)
    --- PASS: TestStrictDTOsRejectPresentNullAndFractionalInteger/mime_type_null (0.00s)
    --- PASS: TestStrictDTOsRejectPresentNullAndFractionalInteger/prompt_required_null (0.00s)
    --- PASS: TestStrictDTOsRejectPresentNullAndFractionalInteger/capability_flag_null (0.00s)
    --- PASS: TestStrictDTOsRejectPresentNullAndFractionalInteger/logging_logger_null (0.00s)
    --- PASS: TestStrictDTOsRejectPresentNullAndFractionalInteger/logging_meta_null (0.00s)
    --- PASS: TestStrictDTOsRejectPresentNullAndFractionalInteger/resource_update_meta_null (0.00s)
    --- PASS: TestStrictDTOsRejectPresentNullAndFractionalInteger/base_request_meta_null (0.00s)
    --- PASS: TestStrictDTOsRejectPresentNullAndFractionalInteger/discover_request_meta_null (0.00s)
    --- PASS: TestStrictDTOsRejectPresentNullAndFractionalInteger/initialize_request_meta_null (0.00s)
    --- PASS: TestStrictDTOsRejectPresentNullAndFractionalInteger/cursor_request_meta_null (0.00s)
    --- PASS: TestStrictDTOsRejectPresentNullAndFractionalInteger/tool_call_meta_null (0.00s)
    --- PASS: TestStrictDTOsRejectPresentNullAndFractionalInteger/resource_read_meta_null (0.00s)
    --- PASS: TestStrictDTOsRejectPresentNullAndFractionalInteger/prompt_get_meta_null (0.00s)
=== RUN   TestRequestDTOsRoundTripTypedProgressMetaAndExtra
--- PASS: TestRequestDTOsRoundTripTypedProgressMetaAndExtra (0.01s)
=== RUN   TestRequestMetaRejectsNullAndResetsOnReuse
--- PASS: TestRequestMetaRejectsNullAndResetsOnReuse (0.00s)
=== RUN   TestRequestMetaRejectsReservedExtraCollision
--- PASS: TestRequestMetaRejectsReservedExtraCollision (0.00s)
=== RUN   TestResourceContents_TextAndBlobAreDistinct
--- PASS: TestResourceContents_TextAndBlobAreDistinct (0.00s)
=== RUN   TestServerCapabilities_PreservesUnknownAdditiveCapabilities
--- PASS: TestServerCapabilities_PreservesUnknownAdditiveCapabilities (0.00s)
=== RUN   TestResultDTOsPreserveUnknownTopLevelExtensions
=== RUN   TestResultDTOsPreserveUnknownTopLevelExtensions/discovery
=== RUN   TestResultDTOsPreserveUnknownTopLevelExtensions/tools_list
=== RUN   TestResultDTOsPreserveUnknownTopLevelExtensions/tool_call
=== RUN   TestResultDTOsPreserveUnknownTopLevelExtensions/resource_read
=== RUN   TestResultDTOsPreserveUnknownTopLevelExtensions/prompts_list
=== RUN   TestResultDTOsPreserveUnknownTopLevelExtensions/prompt_get
=== RUN   TestResultDTOsPreserveUnknownTopLevelExtensions/roots_list
--- PASS: TestResultDTOsPreserveUnknownTopLevelExtensions (0.00s)
    --- PASS: TestResultDTOsPreserveUnknownTopLevelExtensions/discovery (0.00s)
    --- PASS: TestResultDTOsPreserveUnknownTopLevelExtensions/tools_list (0.00s)
    --- PASS: TestResultDTOsPreserveUnknownTopLevelExtensions/tool_call (0.00s)
    --- PASS: TestResultDTOsPreserveUnknownTopLevelExtensions/resource_read (0.00s)
    --- PASS: TestResultDTOsPreserveUnknownTopLevelExtensions/prompts_list (0.00s)
    --- PASS: TestResultDTOsPreserveUnknownTopLevelExtensions/prompt_get (0.00s)
    --- PASS: TestResultDTOsPreserveUnknownTopLevelExtensions/roots_list (0.00s)
=== RUN   TestResultDTORejectsExtensionCollisionWithReservedField
--- PASS: TestResultDTORejectsExtensionCollisionWithReservedField (0.00s)
=== RUN   TestServerCapabilities_KnownCapabilitiesMustBeObjects
--- PASS: TestServerCapabilities_KnownCapabilitiesMustBeObjects (0.00s)
=== RUN   TestPrimitiveMetadata_RoundTripsOnCurrentWireDTOs
--- PASS: TestPrimitiveMetadata_RoundTripsOnCurrentWireDTOs (0.00s)
=== RUN   TestPinnedInputRequestUnionRejectsMalformedVariants
--- PASS: TestPinnedInputRequestUnionRejectsMalformedVariants (0.00s)
=== RUN   TestPinnedInputResponseUnionRunsBeforeAllOutboundMethods
--- PASS: TestPinnedInputResponseUnionRunsBeforeAllOutboundMethods (0.01s)
=== RUN   TestInvalidInputResponsesFailBeforeCapabilityChecks
--- PASS: TestInvalidInputResponsesFailBeforeCapabilityChecks (0.00s)
=== RUN   TestCanonicalBase64RejectsAlternateSpellingsAndProjectionBypass
--- PASS: TestCanonicalBase64RejectsAlternateSpellingsAndProjectionBypass (0.00s)
=== RUN   TestHTTPRPCRejectsSameOriginBodyReplay
=== RUN   TestHTTPRPCRejectsSameOriginBodyReplay/301
=== RUN   TestHTTPRPCRejectsSameOriginBodyReplay/302
=== RUN   TestHTTPRPCRejectsSameOriginBodyReplay/303
=== RUN   TestHTTPRPCRejectsSameOriginBodyReplay/307
=== RUN   TestHTTPRPCRejectsSameOriginBodyReplay/308
--- PASS: TestHTTPRPCRejectsSameOriginBodyReplay (0.02s)
    --- PASS: TestHTTPRPCRejectsSameOriginBodyReplay/301 (0.00s)
    --- PASS: TestHTTPRPCRejectsSameOriginBodyReplay/302 (0.00s)
    --- PASS: TestHTTPRPCRejectsSameOriginBodyReplay/303 (0.01s)
    --- PASS: TestHTTPRPCRejectsSameOriginBodyReplay/307 (0.00s)
    --- PASS: TestHTTPRPCRejectsSameOriginBodyReplay/308 (0.00s)
=== RUN   TestTask34PinnedSchemaRequiresIntegerResourceSizes
=== RUN   TestTask34PinnedSchemaRequiresIntegerResourceSizes/valid_resource
=== RUN   TestTask34PinnedSchemaRequiresIntegerResourceSizes/valid_resource_link
=== RUN   TestTask34PinnedSchemaRequiresIntegerResourceSizes/invalid_resource_size_1.5
=== RUN   TestTask34PinnedSchemaRequiresIntegerResourceSizes/invalid_resource_size_"1"
=== RUN   TestTask34PinnedSchemaRequiresIntegerResourceSizes/invalid_resource_size_null
--- PASS: TestTask34PinnedSchemaRequiresIntegerResourceSizes (0.03s)
    --- PASS: TestTask34PinnedSchemaRequiresIntegerResourceSizes/valid_resource (0.00s)
    --- PASS: TestTask34PinnedSchemaRequiresIntegerResourceSizes/valid_resource_link (0.00s)
    --- PASS: TestTask34PinnedSchemaRequiresIntegerResourceSizes/invalid_resource_size_1.5 (0.00s)
    --- PASS: TestTask34PinnedSchemaRequiresIntegerResourceSizes/invalid_resource_size_"1" (0.00s)
    --- PASS: TestTask34PinnedSchemaRequiresIntegerResourceSizes/invalid_resource_size_null (0.00s)
=== RUN   TestTask34PinnedSchemaMRTRInputUnionsAreExact
--- PASS: TestTask34PinnedSchemaMRTRInputUnionsAreExact (0.35s)
=== RUN   TestTask34CanonicalBase64RejectsNonCanonicalSpellings
=== RUN   TestTask34CanonicalBase64RejectsNonCanonicalSpellings/"YQ"
=== RUN   TestTask34CanonicalBase64RejectsNonCanonicalSpellings/"YR=="
=== RUN   TestTask34CanonicalBase64RejectsNonCanonicalSpellings/"YQ==="
=== RUN   TestTask34CanonicalBase64RejectsNonCanonicalSpellings/"YQ==\n"
=== RUN   TestTask34CanonicalBase64RejectsNonCanonicalSpellings/"_w=="
--- PASS: TestTask34CanonicalBase64RejectsNonCanonicalSpellings (0.00s)
    --- PASS: TestTask34CanonicalBase64RejectsNonCanonicalSpellings/"YQ" (0.00s)
    --- PASS: TestTask34CanonicalBase64RejectsNonCanonicalSpellings/"YR==" (0.00s)
    --- PASS: TestTask34CanonicalBase64RejectsNonCanonicalSpellings/"YQ===" (0.00s)
    --- PASS: TestTask34CanonicalBase64RejectsNonCanonicalSpellings/"YQ==\n" (0.00s)
    --- PASS: TestTask34CanonicalBase64RejectsNonCanonicalSpellings/"_w==" (0.00s)
=== RUN   TestTask34ReservedHTTPErrorStatusCoherence
=== RUN   TestTask34ReservedHTTPErrorStatusCoherence/header_mismatch
=== RUN   TestTask34ReservedHTTPErrorStatusCoherence/header_mismatch/Bad_Request
=== RUN   TestTask34ReservedHTTPErrorStatusCoherence/header_mismatch/Unauthorized
=== RUN   TestTask34ReservedHTTPErrorStatusCoherence/missing_capability
=== RUN   TestTask34ReservedHTTPErrorStatusCoherence/missing_capability/Bad_Request
=== RUN   TestTask34ReservedHTTPErrorStatusCoherence/missing_capability/Unauthorized
=== RUN   TestTask34ReservedHTTPErrorStatusCoherence/unsupported_version
=== RUN   TestTask34ReservedHTTPErrorStatusCoherence/unsupported_version/Bad_Request
=== RUN   TestTask34ReservedHTTPErrorStatusCoherence/unsupported_version/Unauthorized
--- PASS: TestTask34ReservedHTTPErrorStatusCoherence (0.06s)
    --- PASS: TestTask34ReservedHTTPErrorStatusCoherence/header_mismatch (0.01s)
        --- PASS: TestTask34ReservedHTTPErrorStatusCoherence/header_mismatch/Bad_Request (0.00s)
        --- PASS: TestTask34ReservedHTTPErrorStatusCoherence/header_mismatch/Unauthorized (0.00s)
    --- PASS: TestTask34ReservedHTTPErrorStatusCoherence/missing_capability (0.01s)
        --- PASS: TestTask34ReservedHTTPErrorStatusCoherence/missing_capability/Bad_Request (0.00s)
        --- PASS: TestTask34ReservedHTTPErrorStatusCoherence/missing_capability/Unauthorized (0.00s)
    --- PASS: TestTask34ReservedHTTPErrorStatusCoherence/unsupported_version (0.01s)
        --- PASS: TestTask34ReservedHTTPErrorStatusCoherence/unsupported_version/Bad_Request (0.00s)
        --- PASS: TestTask34ReservedHTTPErrorStatusCoherence/unsupported_version/Unauthorized (0.00s)
=== RUN   TestTask34StdioRejectsOversizedOutgoingFrameBeforeWrite
--- PASS: TestTask34StdioRejectsOversizedOutgoingFrameBeforeWrite (0.00s)
=== RUN   TestTask34OfficialSchemaArtifactHasImmutableProvenance
--- PASS: TestTask34OfficialSchemaArtifactHasImmutableProvenance (0.01s)
=== RUN   TestComputeSnapshotDigestSupportsEveryCacheableSnapshot
--- PASS: TestComputeSnapshotDigestSupportsEveryCacheableSnapshot (0.00s)
=== RUN   TestComputeSnapshotDigestCanonicalizesMapsNumbersAndPointers
--- PASS: TestComputeSnapshotDigestCanonicalizesMapsNumbersAndPointers (0.00s)
=== RUN   TestComputeSnapshotDigestIncludesCacheMetadataAndWireOrder
--- PASS: TestComputeSnapshotDigestIncludesCacheMetadataAndWireOrder (0.00s)
=== RUN   TestComputeSnapshotDigestRejectsInvalidAndNilSnapshots
--- PASS: TestComputeSnapshotDigestRejectsInvalidAndNilSnapshots (0.00s)
=== RUN   TestComputeSnapshotDigestRejectsOversizedEncodingBeforeCanonicalization
--- PASS: TestComputeSnapshotDigestRejectsOversizedEncodingBeforeCanonicalization (10.93s)
=== RUN   TestTask34SSEAcceptsBOMLineEndingsAndFragmentedFrames
=== RUN   TestTask34SSEAcceptsBOMLineEndingsAndFragmentedFrames/LF
=== RUN   TestTask34SSEAcceptsBOMLineEndingsAndFragmentedFrames/CR
=== RUN   TestTask34SSEAcceptsBOMLineEndingsAndFragmentedFrames/CRLF
--- PASS: TestTask34SSEAcceptsBOMLineEndingsAndFragmentedFrames (0.00s)
    --- PASS: TestTask34SSEAcceptsBOMLineEndingsAndFragmentedFrames/LF (0.00s)
    --- PASS: TestTask34SSEAcceptsBOMLineEndingsAndFragmentedFrames/CR (0.00s)
    --- PASS: TestTask34SSEAcceptsBOMLineEndingsAndFragmentedFrames/CRLF (0.00s)
=== RUN   TestTask34SSERejectsTruncatedUTF8AcrossFragments
--- PASS: TestTask34SSERejectsTruncatedUTF8AcrossFragments (0.00s)
=== RUN   TestStreamableHTTP_SSELineBudgetOwnsScannerFailure
=== RUN   TestStreamableHTTP_SSELineBudgetOwnsScannerFailure/xxxxxxxxxxxxxxxxxxxxxxxxxxxxxxx
=== RUN   TestStreamableHTTP_SSELineBudgetOwnsScannerFailure/xxxxxxxxxxxxxxxxxxxxxxxxxxxxxxxx
=== RUN   TestStreamableHTTP_SSELineBudgetOwnsScannerFailure/xxxxxxxxxxxxxxxxxxxxxxxxxxxxxxxxxxxxxxxxxxxxxxxxxxxxxxxxxxxxxxxxxxxxxxxxxxxxxxxxxxxxxxxxxxxxxxxxxxxxxxxxxxxxxxxxxxxxxxxxxxxxxxxxxxxxxxxxxxxxxxxxxxxxxxxxxxxxxxxxxxxxxxxxxxxxxxxxxxxxxxxxxxxxxxxxxxxxxxxxxxxxxxxxxxxxxxxxxxxxxxxxxxxxxxxxxxxxxxxxxxxxxxxxxxxxxxxx
--- PASS: TestStreamableHTTP_SSELineBudgetOwnsScannerFailure (0.00s)
    --- PASS: TestStreamableHTTP_SSELineBudgetOwnsScannerFailure/xxxxxxxxxxxxxxxxxxxxxxxxxxxxxxx (0.00s)
    --- PASS: TestStreamableHTTP_SSELineBudgetOwnsScannerFailure/xxxxxxxxxxxxxxxxxxxxxxxxxxxxxxxx (0.00s)
    --- PASS: TestStreamableHTTP_SSELineBudgetOwnsScannerFailure/xxxxxxxxxxxxxxxxxxxxxxxxxxxxxxxxxxxxxxxxxxxxxxxxxxxxxxxxxxxxxxxxxxxxxxxxxxxxxxxxxxxxxxxxxxxxxxxxxxxxxxxxxxxxxxxxxxxxxxxxxxxxxxxxxxxxxxxxxxxxxxxxxxxxxxxxxxxxxxxxxxxxxxxxxxxxxxxxxxxxxxxxxxxxxxxxxxxxxxxxxxxxxxxxxxxxxxxxxxxxxxxxxxxxxxxxxxxxxxxxxxxxxxxxxxxxxxxx (0.00s)
=== RUN   TestTask34StdioCrashUnblocksWaiterAndReapsProcess
--- PASS: TestTask34StdioCrashUnblocksWaiterAndReapsProcess (0.08s)
=== RUN   TestTask34StdioConcurrentCloseKillsDescendantProcessTree
--- PASS: TestTask34StdioConcurrentCloseKillsDescendantProcessTree (0.10s)
=== RUN   TestTask34StdioHelperProcess
--- PASS: TestTask34StdioHelperProcess (0.00s)
=== RUN   TestTask34SubscriptionOverflowAdvancesAuthorityDuringConcurrentClose
--- PASS: TestTask34SubscriptionOverflowAdvancesAuthorityDuringConcurrentClose (0.04s)
=== RUN   TestAuditedSubscriptionURIScopeBoundaries
=== RUN   TestAuditedSubscriptionURIScopeBoundaries/encoded_separator_sibling
=== RUN   TestAuditedSubscriptionURIScopeBoundaries/encoded_separator_data_remains_equal
=== RUN   TestAuditedSubscriptionURIScopeBoundaries/literal_separator_not_equal_data
=== RUN   TestAuditedSubscriptionURIScopeBoundaries/encoded_traversal
=== RUN   TestAuditedSubscriptionURIScopeBoundaries/encoded_traversal_slash
=== RUN   TestAuditedSubscriptionURIScopeBoundaries/userinfo_change
=== RUN   TestAuditedSubscriptionURIScopeBoundaries/password_change
=== RUN   TestAuditedSubscriptionURIScopeBoundaries/origin_change
=== RUN   TestAuditedSubscriptionURIScopeBoundaries/scheme_change
=== RUN   TestAuditedSubscriptionURIScopeBoundaries/nondefault_port_change
=== RUN   TestAuditedSubscriptionURIScopeBoundaries/default_port
=== RUN   TestAuditedSubscriptionURIScopeBoundaries/query_child
=== RUN   TestAuditedSubscriptionURIScopeBoundaries/empty_query_child
=== RUN   TestAuditedSubscriptionURIScopeBoundaries/fragment_child
=== RUN   TestAuditedSubscriptionURIScopeBoundaries/empty_fragment_child
=== RUN   TestAuditedSubscriptionURIScopeBoundaries/candidate_empty_fragment
=== RUN   TestAuditedSubscriptionURIScopeBoundaries/empty_fragment_exact
=== RUN   TestAuditedSubscriptionURIScopeBoundaries/empty_fragment_not_absent
=== RUN   TestAuditedSubscriptionURIScopeBoundaries/absent_fragment_not_empty
=== RUN   TestAuditedSubscriptionURIScopeBoundaries/normalized_empty_fragment_identity
=== RUN   TestAuditedSubscriptionURIScopeBoundaries/encoded_hash_path_is_not_fragment
=== RUN   TestAuditedSubscriptionURIScopeBoundaries/fragment_same_exact
=== RUN   TestAuditedSubscriptionURIScopeBoundaries/fragment_identity_differs
=== RUN   TestAuditedSubscriptionURIScopeBoundaries/repeated_slash_distinct
=== RUN   TestAuditedSubscriptionURIScopeBoundaries/invalid_escape
=== RUN   TestAuditedSubscriptionURIScopeBoundaries/malformed_relative
=== RUN   TestAuditedSubscriptionURIScopeBoundaries/opaque_exact
=== RUN   TestAuditedSubscriptionURIScopeBoundaries/opaque_prefix
--- PASS: TestAuditedSubscriptionURIScopeBoundaries (0.00s)
    --- PASS: TestAuditedSubscriptionURIScopeBoundaries/encoded_separator_sibling (0.00s)
    --- PASS: TestAuditedSubscriptionURIScopeBoundaries/encoded_separator_data_remains_equal (0.00s)
    --- PASS: TestAuditedSubscriptionURIScopeBoundaries/literal_separator_not_equal_data (0.00s)
    --- PASS: TestAuditedSubscriptionURIScopeBoundaries/encoded_traversal (0.00s)
    --- PASS: TestAuditedSubscriptionURIScopeBoundaries/encoded_traversal_slash (0.00s)
    --- PASS: TestAuditedSubscriptionURIScopeBoundaries/userinfo_change (0.00s)
    --- PASS: TestAuditedSubscriptionURIScopeBoundaries/password_change (0.00s)
    --- PASS: TestAuditedSubscriptionURIScopeBoundaries/origin_change (0.00s)
    --- PASS: TestAuditedSubscriptionURIScopeBoundaries/scheme_change (0.00s)
    --- PASS: TestAuditedSubscriptionURIScopeBoundaries/nondefault_port_change (0.00s)
    --- PASS: TestAuditedSubscriptionURIScopeBoundaries/default_port (0.00s)
    --- PASS: TestAuditedSubscriptionURIScopeBoundaries/query_child (0.00s)
    --- PASS: TestAuditedSubscriptionURIScopeBoundaries/empty_query_child (0.00s)
    --- PASS: TestAuditedSubscriptionURIScopeBoundaries/fragment_child (0.00s)
    --- PASS: TestAuditedSubscriptionURIScopeBoundaries/empty_fragment_child (0.00s)
    --- PASS: TestAuditedSubscriptionURIScopeBoundaries/candidate_empty_fragment (0.00s)
    --- PASS: TestAuditedSubscriptionURIScopeBoundaries/empty_fragment_exact (0.00s)
    --- PASS: TestAuditedSubscriptionURIScopeBoundaries/empty_fragment_not_absent (0.00s)
    --- PASS: TestAuditedSubscriptionURIScopeBoundaries/absent_fragment_not_empty (0.00s)
    --- PASS: TestAuditedSubscriptionURIScopeBoundaries/normalized_empty_fragment_identity (0.00s)
    --- PASS: TestAuditedSubscriptionURIScopeBoundaries/encoded_hash_path_is_not_fragment (0.00s)
    --- PASS: TestAuditedSubscriptionURIScopeBoundaries/fragment_same_exact (0.00s)
    --- PASS: TestAuditedSubscriptionURIScopeBoundaries/fragment_identity_differs (0.00s)
    --- PASS: TestAuditedSubscriptionURIScopeBoundaries/repeated_slash_distinct (0.00s)
    --- PASS: TestAuditedSubscriptionURIScopeBoundaries/invalid_escape (0.00s)
    --- PASS: TestAuditedSubscriptionURIScopeBoundaries/malformed_relative (0.00s)
    --- PASS: TestAuditedSubscriptionURIScopeBoundaries/opaque_exact (0.00s)
    --- PASS: TestAuditedSubscriptionURIScopeBoundaries/opaque_prefix (0.00s)
=== RUN   TestConnectUsesStrictDiscoveryAndSelfDescribingMetadata
--- PASS: TestConnectUsesStrictDiscoveryAndSelfDescribingMetadata (0.00s)
=== RUN   TestConnectRejectsOldOnlyServerWithoutFallback
--- PASS: TestConnectRejectsOldOnlyServerWithoutFallback (0.00s)
=== RUN   TestRequestMetaRejectsReservedInjectionAndDuplicateKeys
--- PASS: TestRequestMetaRejectsReservedInjectionAndDuplicateKeys (0.00s)
=== RUN   TestProtocolRequiresCurrentResultAndCacheFields
=== RUN   TestProtocolRequiresCurrentResultAndCacheFields/discover_resultType
=== RUN   TestProtocolRequiresCurrentResultAndCacheFields/tools_ttl
=== RUN   TestProtocolRequiresCurrentResultAndCacheFields/resources_cache_scope
=== RUN   TestProtocolRequiresCurrentResultAndCacheFields/templates_ttl
=== RUN   TestProtocolRequiresCurrentResultAndCacheFields/prompts_resultType
=== RUN   TestProtocolRequiresCurrentResultAndCacheFields/read_negative_ttl
--- PASS: TestProtocolRequiresCurrentResultAndCacheFields (0.00s)
    --- PASS: TestProtocolRequiresCurrentResultAndCacheFields/discover_resultType (0.00s)
    --- PASS: TestProtocolRequiresCurrentResultAndCacheFields/tools_ttl (0.00s)
    --- PASS: TestProtocolRequiresCurrentResultAndCacheFields/resources_cache_scope (0.00s)
    --- PASS: TestProtocolRequiresCurrentResultAndCacheFields/templates_ttl (0.00s)
    --- PASS: TestProtocolRequiresCurrentResultAndCacheFields/prompts_resultType (0.00s)
    --- PASS: TestProtocolRequiresCurrentResultAndCacheFields/read_negative_ttl (0.00s)
=== RUN   TestResultTypeAndStructuredContentAreStrictAndLossless
--- PASS: TestResultTypeAndStructuredContentAreStrictAndLossless (0.00s)
=== RUN   TestUndeclaredMRTRCapabilityDoesNotRetry
--- PASS: TestUndeclaredMRTRCapabilityDoesNotRetry (0.01s)
=== RUN   TestTypedReservedRPCErrors
--- PASS: TestTypedReservedRPCErrors (0.00s)
=== RUN   TestStreamableHTTPUsesPostOnlyRoutingAndSentinelHeaders
--- PASS: TestStreamableHTTPUsesPostOnlyRoutingAndSentinelHeaders (0.01s)
=== RUN   TestHTTPToolHeaderCompilerRejectsDynamicAndCaseCollidingAnnotations
--- PASS: TestHTTPToolHeaderCompilerRejectsDynamicAndCaseCollidingAnnotations (0.00s)
=== RUN   TestResourceAndPromptListAPIsPreserveCacheMetadata
--- PASS: TestResourceAndPromptListAPIsPreserveCacheMetadata (0.00s)
=== RUN   TestSubscriptionRequiresAcknowledgementBeforeEvents
--- PASS: TestSubscriptionRequiresAcknowledgementBeforeEvents (0.00s)
=== RUN   TestMigratedFakePreparationIsInertAndDetached
--- PASS: TestMigratedFakePreparationIsInertAndDetached (0.00s)
=== RUN   TestMigratedFakeAbortCompletesOnceWithoutTraffic
--- PASS: TestMigratedFakeAbortCompletesOnceWithoutTraffic (0.00s)
=== RUN   TestMigratedFakeCancellationOwnsOneNotification
--- PASS: TestMigratedFakeCancellationOwnsOneNotification (0.00s)
=== RUN   TestMigratedFakeRacingCompletionRunsHookOnce
--- PASS: TestMigratedFakeRacingCompletionRunsHookOnce (0.01s)
=== RUN   TestMigratedFakeCloseUnblocksPreparedAndDelivered
--- PASS: TestMigratedFakeCloseUnblocksPreparedAndDelivered (0.02s)
=== RUN   TestMigratedSSEUsesNoGETOrEndpointDiscovery
--- PASS: TestMigratedSSEUsesNoGETOrEndpointDiscovery (0.02s)
=== RUN   TestMigratedSSEPrivateEndpointFailsBeforeTraffic
--- PASS: TestMigratedSSEPrivateEndpointFailsBeforeTraffic (0.00s)
=== RUN   TestMigratedSSEByteLimitRemainsCumulative
--- PASS: TestMigratedSSEByteLimitRemainsCumulative (0.02s)
=== RUN   TestMigratedSSECancelUnblocksRequestStream
--- PASS: TestMigratedSSECancelUnblocksRequestStream (0.00s)
=== RUN   TestMigratedSSEInterruptPrecedenceAtClientBoundary
=== RUN   TestMigratedSSEInterruptPrecedenceAtClientBoundary/context_canceled
=== RUN   TestMigratedSSEInterruptPrecedenceAtClientBoundary/context_deadline_exceeded
--- PASS: TestMigratedSSEInterruptPrecedenceAtClientBoundary (0.00s)
    --- PASS: TestMigratedSSEInterruptPrecedenceAtClientBoundary/context_canceled (0.00s)
    --- PASS: TestMigratedSSEInterruptPrecedenceAtClientBoundary/context_deadline_exceeded (0.00s)
=== RUN   TestPreparedRequestRegistersSubscriptionBeforeImmediateACK
--- PASS: TestPreparedRequestRegistersSubscriptionBeforeImmediateACK (0.05s)
=== RUN   TestPreparedRequestDeliveryBarrierIsExactlyOnce
--- PASS: TestPreparedRequestDeliveryBarrierIsExactlyOnce (0.01s)
=== RUN   TestStreamableHTTPPreparedRequestSnapshotsToolRoutingHeaders
--- PASS: TestStreamableHTTPPreparedRequestSnapshotsToolRoutingHeaders (0.03s)
=== RUN   TestStreamableHTTPCancellationClosesOnlyOriginatingPOST
--- PASS: TestStreamableHTTPCancellationClosesOnlyOriginatingPOST (0.01s)
=== RUN   TestStdioPostDeliveryCancellationIsEmittedExactlyOnce
--- PASS: TestStdioPostDeliveryCancellationIsEmittedExactlyOnce (0.04s)
=== RUN   TestStdioBlockingWriteCancellationPreservesDeliveredFrameAndTransport
--- PASS: TestStdioBlockingWriteCancellationPreservesDeliveredFrameAndTransport (0.00s)
=== RUN   TestStdioCancellationRetractsQueuedRequestWithoutNotification
--- PASS: TestStdioCancellationRetractsQueuedRequestWithoutNotification (0.00s)
=== RUN   TestStdioBlockingWriteCancellationRaceCount
--- PASS: TestStdioBlockingWriteCancellationRaceCount (0.32s)
=== RUN   TestStdioOutgoingFrameLimitRejectsRequestAndNotificationBeforeEnqueue
--- PASS: TestStdioOutgoingFrameLimitRejectsRequestAndNotificationBeforeEnqueue (0.00s)
=== RUN   TestStdioWriteQueueByteBudgetReleasesAcrossSixtyFourCancellationRaces
--- PASS: TestStdioWriteQueueByteBudgetReleasesAcrossSixtyFourCancellationRaces (0.01s)
=== RUN   TestRequestScopedSSEFailsOnEOFAndByteLimit
--- PASS: TestRequestScopedSSEFailsOnEOFAndByteLimit (0.00s)
=== RUN   TestHTTPRequestScopedLogUsesStreamRequestIDWithoutWireToken
--- PASS: TestHTTPRequestScopedLogUsesStreamRequestIDWithoutWireToken (0.00s)
=== RUN   TestTransportBoundaryRejectsEnvelopeBypassForHTTPAndStdio
=== RUN   TestTransportBoundaryRejectsEnvelopeBypassForHTTPAndStdio/http/missing_client_info
=== RUN   TestTransportBoundaryRejectsEnvelopeBypassForHTTPAndStdio/http/recursive_duplicate
=== RUN   TestTransportBoundaryRejectsEnvelopeBypassForHTTPAndStdio/http/unknown_reserved_metadata
=== RUN   TestTransportBoundaryRejectsEnvelopeBypassForHTTPAndStdio/http/legacy_capability_bypass
=== RUN   TestTransportBoundaryRejectsEnvelopeBypassForHTTPAndStdio/stdio/missing_client_info
=== RUN   TestTransportBoundaryRejectsEnvelopeBypassForHTTPAndStdio/stdio/recursive_duplicate
=== RUN   TestTransportBoundaryRejectsEnvelopeBypassForHTTPAndStdio/stdio/unknown_reserved_metadata
=== RUN   TestTransportBoundaryRejectsEnvelopeBypassForHTTPAndStdio/stdio/legacy_capability_bypass
--- PASS: TestTransportBoundaryRejectsEnvelopeBypassForHTTPAndStdio (0.00s)
    --- PASS: TestTransportBoundaryRejectsEnvelopeBypassForHTTPAndStdio/http/missing_client_info (0.00s)
    --- PASS: TestTransportBoundaryRejectsEnvelopeBypassForHTTPAndStdio/http/recursive_duplicate (0.00s)
    --- PASS: TestTransportBoundaryRejectsEnvelopeBypassForHTTPAndStdio/http/unknown_reserved_metadata (0.00s)
    --- PASS: TestTransportBoundaryRejectsEnvelopeBypassForHTTPAndStdio/http/legacy_capability_bypass (0.00s)
    --- PASS: TestTransportBoundaryRejectsEnvelopeBypassForHTTPAndStdio/stdio/missing_client_info (0.00s)
    --- PASS: TestTransportBoundaryRejectsEnvelopeBypassForHTTPAndStdio/stdio/recursive_duplicate (0.00s)
    --- PASS: TestTransportBoundaryRejectsEnvelopeBypassForHTTPAndStdio/stdio/unknown_reserved_metadata (0.00s)
    --- PASS: TestTransportBoundaryRejectsEnvelopeBypassForHTTPAndStdio/stdio/legacy_capability_bypass (0.00s)
=== RUN   TestTransportBoundaryRejectsLegacyMethodsAndNotifications
=== RUN   TestTransportBoundaryRejectsLegacyMethodsAndNotifications/request/initialize
=== RUN   TestTransportBoundaryRejectsLegacyMethodsAndNotifications/request/notifications/initialized
=== RUN   TestTransportBoundaryRejectsLegacyMethodsAndNotifications/request/roots/list
=== RUN   TestTransportBoundaryRejectsLegacyMethodsAndNotifications/request/logging/setLevel
=== RUN   TestTransportBoundaryRejectsLegacyMethodsAndNotifications/request/resources/subscribe
=== RUN   TestTransportBoundaryRejectsLegacyMethodsAndNotifications/request/resources/unsubscribe
=== RUN   TestTransportBoundaryRejectsLegacyMethodsAndNotifications/request/ping
=== RUN   TestTransportBoundaryRejectsLegacyMethodsAndNotifications/notification/notifications/initialized
=== RUN   TestTransportBoundaryRejectsLegacyMethodsAndNotifications/notification/notifications/roots/list_changed
--- PASS: TestTransportBoundaryRejectsLegacyMethodsAndNotifications (0.00s)
    --- PASS: TestTransportBoundaryRejectsLegacyMethodsAndNotifications/request/initialize (0.00s)
    --- PASS: TestTransportBoundaryRejectsLegacyMethodsAndNotifications/request/notifications/initialized (0.00s)
    --- PASS: TestTransportBoundaryRejectsLegacyMethodsAndNotifications/request/roots/list (0.00s)
    --- PASS: TestTransportBoundaryRejectsLegacyMethodsAndNotifications/request/logging/setLevel (0.00s)
    --- PASS: TestTransportBoundaryRejectsLegacyMethodsAndNotifications/request/resources/subscribe (0.00s)
    --- PASS: TestTransportBoundaryRejectsLegacyMethodsAndNotifications/request/resources/unsubscribe (0.00s)
    --- PASS: TestTransportBoundaryRejectsLegacyMethodsAndNotifications/request/ping (0.00s)
    --- PASS: TestTransportBoundaryRejectsLegacyMethodsAndNotifications/notification/notifications/initialized (0.00s)
    --- PASS: TestTransportBoundaryRejectsLegacyMethodsAndNotifications/notification/notifications/roots/list_changed (0.00s)
=== RUN   TestPeerFailsClosedOnLegacyNotificationAndIgnoresUnknownExtensionNotification
--- PASS: TestPeerFailsClosedOnLegacyNotificationAndIgnoresUnknownExtensionNotification (0.00s)
=== RUN   TestPendingDeliveryAndCancellationClaimsRemainAtomic
--- PASS: TestPendingDeliveryAndCancellationClaimsRemainAtomic (0.54s)
=== RUN   TestHTTPToolHeaderCompilerAllowsOnlyTopLevelProperties
=== RUN   TestHTTPToolHeaderCompilerAllowsOnlyTopLevelProperties/nested
=== RUN   TestHTTPToolHeaderCompilerAllowsOnlyTopLevelProperties/ref
=== RUN   TestHTTPToolHeaderCompilerAllowsOnlyTopLevelProperties/array
=== RUN   TestHTTPToolHeaderCompilerAllowsOnlyTopLevelProperties/allOf
--- PASS: TestHTTPToolHeaderCompilerAllowsOnlyTopLevelProperties (0.00s)
    --- PASS: TestHTTPToolHeaderCompilerAllowsOnlyTopLevelProperties/nested (0.00s)
    --- PASS: TestHTTPToolHeaderCompilerAllowsOnlyTopLevelProperties/ref (0.00s)
    --- PASS: TestHTTPToolHeaderCompilerAllowsOnlyTopLevelProperties/array (0.00s)
    --- PASS: TestHTTPToolHeaderCompilerAllowsOnlyTopLevelProperties/allOf (0.00s)
=== RUN   TestStreamableHTTPMissingOrNullArgumentsOmitToolParameterHeaders
=== RUN   TestStreamableHTTPMissingOrNullArgumentsOmitToolParameterHeaders/missing
=== RUN   TestStreamableHTTPMissingOrNullArgumentsOmitToolParameterHeaders/null
--- PASS: TestStreamableHTTPMissingOrNullArgumentsOmitToolParameterHeaders (0.00s)
    --- PASS: TestStreamableHTTPMissingOrNullArgumentsOmitToolParameterHeaders/missing (0.00s)
    --- PASS: TestStreamableHTTPMissingOrNullArgumentsOmitToolParameterHeaders/null (0.00s)
=== RUN   TestHTTPToolHeaderBindingsReplaceAtomicallyAndRemoveStaleAuthority
--- PASS: TestHTTPToolHeaderBindingsReplaceAtomicallyAndRemoveStaleAuthority (0.00s)
=== RUN   TestMCPHeaderValueEncodingRejectsTabControlsAndSentinelAmbiguity
=== RUN   TestMCPHeaderValueEncodingRejectsTabControlsAndSentinelAmbiguity/newline
=== RUN   TestMCPHeaderValueEncodingRejectsTabControlsAndSentinelAmbiguity/sentinel
=== RUN   TestMCPHeaderValueEncodingRejectsTabControlsAndSentinelAmbiguity/tab
--- PASS: TestMCPHeaderValueEncodingRejectsTabControlsAndSentinelAmbiguity (0.00s)
    --- PASS: TestMCPHeaderValueEncodingRejectsTabControlsAndSentinelAmbiguity/newline (0.00s)
    --- PASS: TestMCPHeaderValueEncodingRejectsTabControlsAndSentinelAmbiguity/sentinel (0.00s)
    --- PASS: TestMCPHeaderValueEncodingRejectsTabControlsAndSentinelAmbiguity/tab (0.00s)
=== RUN   TestSSEProvenanceRejectsCrossRequestAndPreAcknowledgementNotifications
--- PASS: TestSSEProvenanceRejectsCrossRequestAndPreAcknowledgementNotifications (0.00s)
=== RUN   TestStreamableHTTPCorrelatedBadRequestPreservesRPCError
--- PASS: TestStreamableHTTPCorrelatedBadRequestPreservesRPCError (0.00s)
=== RUN   TestStreamableHTTPNon2xxAcceptsOnlyCorrelatedRPCErrorMatrix
=== RUN   TestStreamableHTTPNon2xxAcceptsOnlyCorrelatedRPCErrorMatrix/400/correlated_generic_error
=== RUN   TestStreamableHTTPNon2xxAcceptsOnlyCorrelatedRPCErrorMatrix/400/correlated_success
=== RUN   TestStreamableHTTPNon2xxAcceptsOnlyCorrelatedRPCErrorMatrix/400/malformed_error
=== RUN   TestStreamableHTTPNon2xxAcceptsOnlyCorrelatedRPCErrorMatrix/400/uncorrelated_error
=== RUN   TestStreamableHTTPNon2xxAcceptsOnlyCorrelatedRPCErrorMatrix/404/correlated_generic_error
=== RUN   TestStreamableHTTPNon2xxAcceptsOnlyCorrelatedRPCErrorMatrix/404/correlated_success
=== RUN   TestStreamableHTTPNon2xxAcceptsOnlyCorrelatedRPCErrorMatrix/404/malformed_error
=== RUN   TestStreamableHTTPNon2xxAcceptsOnlyCorrelatedRPCErrorMatrix/404/uncorrelated_error
=== RUN   TestStreamableHTTPNon2xxAcceptsOnlyCorrelatedRPCErrorMatrix/500/uncorrelated_error
=== RUN   TestStreamableHTTPNon2xxAcceptsOnlyCorrelatedRPCErrorMatrix/500/correlated_generic_error
=== RUN   TestStreamableHTTPNon2xxAcceptsOnlyCorrelatedRPCErrorMatrix/500/correlated_success
=== RUN   TestStreamableHTTPNon2xxAcceptsOnlyCorrelatedRPCErrorMatrix/500/malformed_error
--- PASS: TestStreamableHTTPNon2xxAcceptsOnlyCorrelatedRPCErrorMatrix (0.05s)
    --- PASS: TestStreamableHTTPNon2xxAcceptsOnlyCorrelatedRPCErrorMatrix/400/correlated_generic_error (0.00s)
    --- PASS: TestStreamableHTTPNon2xxAcceptsOnlyCorrelatedRPCErrorMatrix/400/correlated_success (0.00s)
    --- PASS: TestStreamableHTTPNon2xxAcceptsOnlyCorrelatedRPCErrorMatrix/400/malformed_error (0.00s)
    --- PASS: TestStreamableHTTPNon2xxAcceptsOnlyCorrelatedRPCErrorMatrix/400/uncorrelated_error (0.00s)
    --- PASS: TestStreamableHTTPNon2xxAcceptsOnlyCorrelatedRPCErrorMatrix/404/correlated_generic_error (0.00s)
    --- PASS: TestStreamableHTTPNon2xxAcceptsOnlyCorrelatedRPCErrorMatrix/404/correlated_success (0.00s)
    --- PASS: TestStreamableHTTPNon2xxAcceptsOnlyCorrelatedRPCErrorMatrix/404/malformed_error (0.00s)
    --- PASS: TestStreamableHTTPNon2xxAcceptsOnlyCorrelatedRPCErrorMatrix/404/uncorrelated_error (0.00s)
    --- PASS: TestStreamableHTTPNon2xxAcceptsOnlyCorrelatedRPCErrorMatrix/500/uncorrelated_error (0.00s)
    --- PASS: TestStreamableHTTPNon2xxAcceptsOnlyCorrelatedRPCErrorMatrix/500/correlated_generic_error (0.00s)
    --- PASS: TestStreamableHTTPNon2xxAcceptsOnlyCorrelatedRPCErrorMatrix/500/correlated_success (0.00s)
    --- PASS: TestStreamableHTTPNon2xxAcceptsOnlyCorrelatedRPCErrorMatrix/500/malformed_error (0.00s)
=== RUN   TestHTTPStatusRPCSemanticsMatrix
=== RUN   TestHTTPStatusRPCSemanticsMatrix/200/malformed
=== RUN   TestHTTPStatusRPCSemanticsMatrix/200/reserved_error
=== RUN   TestHTTPStatusRPCSemanticsMatrix/200/generic_error
=== RUN   TestHTTPStatusRPCSemanticsMatrix/200/result
=== RUN   TestHTTPStatusRPCSemanticsMatrix/400/malformed
=== RUN   TestHTTPStatusRPCSemanticsMatrix/400/reserved_error
=== RUN   TestHTTPStatusRPCSemanticsMatrix/400/generic_error
=== RUN   TestHTTPStatusRPCSemanticsMatrix/400/result
=== RUN   TestHTTPStatusRPCSemanticsMatrix/404/reserved_error
=== RUN   TestHTTPStatusRPCSemanticsMatrix/404/generic_error
=== RUN   TestHTTPStatusRPCSemanticsMatrix/404/result
=== RUN   TestHTTPStatusRPCSemanticsMatrix/404/malformed
=== RUN   TestHTTPStatusRPCSemanticsMatrix/500/result
=== RUN   TestHTTPStatusRPCSemanticsMatrix/500/malformed
=== RUN   TestHTTPStatusRPCSemanticsMatrix/500/reserved_error
=== RUN   TestHTTPStatusRPCSemanticsMatrix/500/generic_error
--- PASS: TestHTTPStatusRPCSemanticsMatrix (0.06s)
    --- PASS: TestHTTPStatusRPCSemanticsMatrix/200/malformed (0.00s)
    --- PASS: TestHTTPStatusRPCSemanticsMatrix/200/reserved_error (0.00s)
    --- PASS: TestHTTPStatusRPCSemanticsMatrix/200/generic_error (0.00s)
    --- PASS: TestHTTPStatusRPCSemanticsMatrix/200/result (0.00s)
    --- PASS: TestHTTPStatusRPCSemanticsMatrix/400/malformed (0.00s)
    --- PASS: TestHTTPStatusRPCSemanticsMatrix/400/reserved_error (0.00s)
    --- PASS: TestHTTPStatusRPCSemanticsMatrix/400/generic_error (0.00s)
    --- PASS: TestHTTPStatusRPCSemanticsMatrix/400/result (0.00s)
    --- PASS: TestHTTPStatusRPCSemanticsMatrix/404/reserved_error (0.00s)
    --- PASS: TestHTTPStatusRPCSemanticsMatrix/404/generic_error (0.00s)
    --- PASS: TestHTTPStatusRPCSemanticsMatrix/404/result (0.00s)
    --- PASS: TestHTTPStatusRPCSemanticsMatrix/404/malformed (0.00s)
    --- PASS: TestHTTPStatusRPCSemanticsMatrix/500/result (0.00s)
    --- PASS: TestHTTPStatusRPCSemanticsMatrix/500/malformed (0.00s)
    --- PASS: TestHTTPStatusRPCSemanticsMatrix/500/reserved_error (0.00s)
    --- PASS: TestHTTPStatusRPCSemanticsMatrix/500/generic_error (0.00s)
=== RUN   TestReservedHTTP400ErrorsAreRejectedOnDirectAndSSEResponses
--- PASS: TestReservedHTTP400ErrorsAreRejectedOnDirectAndSSEResponses (0.00s)
=== RUN   TestSubscriptionSSEAllowsTypedTerminalErrorBeforeAcknowledgement
--- PASS: TestSubscriptionSSEAllowsTypedTerminalErrorBeforeAcknowledgement (0.01s)
=== RUN   TestStreamableHTTP_JSONVersionIgnoresSessionAndNeverDeletes
--- PASS: TestStreamableHTTP_JSONVersionIgnoresSessionAndNeverDeletes (0.01s)
=== RUN   TestStreamableHTTP_POSTAcceptsSSEResponse
--- PASS: TestStreamableHTTP_POSTAcceptsSSEResponse (0.00s)
=== RUN   TestStreamableHTTP_ServerRequestFailsWithoutGETResumeOrReply
--- PASS: TestStreamableHTTP_ServerRequestFailsWithoutGETResumeOrReply (0.00s)
=== RUN   TestStreamableHTTP_MalformedIncomingRequestFailsWithoutReply
--- PASS: TestStreamableHTTP_MalformedIncomingRequestFailsWithoutReply (0.00s)
=== RUN   TestStreamableHTTP_HTTP404AndLegacyEndpointFailClosed
=== RUN   TestStreamableHTTP_HTTP404AndLegacyEndpointFailClosed/session_expiry
=== RUN   TestStreamableHTTP_HTTP404AndLegacyEndpointFailClosed/legacy_endpoint
--- PASS: TestStreamableHTTP_HTTP404AndLegacyEndpointFailClosed (0.01s)
    --- PASS: TestStreamableHTTP_HTTP404AndLegacyEndpointFailClosed/session_expiry (0.01s)
    --- PASS: TestStreamableHTTP_HTTP404AndLegacyEndpointFailClosed/legacy_endpoint (0.00s)
=== RUN   TestMigratedSSEDiscardsUnfinishedTerminalAtEOF
=== RUN   TestMigratedSSEDiscardsUnfinishedTerminalAtEOF/ending=""
=== RUN   TestMigratedSSEDiscardsUnfinishedTerminalAtEOF/ending="\n"
=== RUN   TestMigratedSSEDiscardsUnfinishedTerminalAtEOF/ending="\r\n"
--- PASS: TestMigratedSSEDiscardsUnfinishedTerminalAtEOF (0.02s)
    --- PASS: TestMigratedSSEDiscardsUnfinishedTerminalAtEOF/ending="" (0.01s)
    --- PASS: TestMigratedSSEDiscardsUnfinishedTerminalAtEOF/ending="\n" (0.01s)
    --- PASS: TestMigratedSSEDiscardsUnfinishedTerminalAtEOF/ending="\r\n" (0.00s)
=== RUN   TestMigratedSSEUnfinishedNotificationsDoNotDispatch
=== RUN   TestMigratedSSEUnfinishedNotificationsDoNotDispatch/ack
=== RUN   TestMigratedSSEUnfinishedNotificationsDoNotDispatch/progress
--- PASS: TestMigratedSSEUnfinishedNotificationsDoNotDispatch (0.00s)
    --- PASS: TestMigratedSSEUnfinishedNotificationsDoNotDispatch/ack (0.00s)
    --- PASS: TestMigratedSSEUnfinishedNotificationsDoNotDispatch/progress (0.00s)
=== RUN   TestSSEMigration_ConfiguredPostURL_BlocksPrivateIP
=== PAUSE TestSSEMigration_ConfiguredPostURL_BlocksPrivateIP
=== RUN   TestSSEMigration_ConfiguredPostURL_AllowPrivateIPs
=== PAUSE TestSSEMigration_ConfiguredPostURL_AllowPrivateIPs
=== RUN   TestSSEMigration_ValidateInitialURL_BlocksPrivateIP
=== PAUSE TestSSEMigration_ValidateInitialURL_BlocksPrivateIP
=== RUN   TestSSEMigration_HTTPNotificationsForbiddenWith500Fixture
=== PAUSE TestSSEMigration_HTTPNotificationsForbiddenWith500Fixture
=== RUN   TestSSEMigration_Call_Non2xxPOSTStatus
=== PAUSE TestSSEMigration_Call_Non2xxPOSTStatus
=== RUN   TestSSEMigration_StartDoesNotGET500Endpoint
=== PAUSE TestSSEMigration_StartDoesNotGET500Endpoint
=== RUN   TestSSEMigration_StartDoesNotGET204Endpoint
=== PAUSE TestSSEMigration_StartDoesNotGET204Endpoint
=== RUN   TestSSEMigration_Start_PreCancelledWithoutEndpointWait
=== PAUSE TestSSEMigration_Start_PreCancelledWithoutEndpointWait
=== RUN   TestSSEMigration_Call_CancelUnblocksPending
=== PAUSE TestSSEMigration_Call_CancelUnblocksPending
=== RUN   TestSSEMigration_ExceedsMaxStreamBytes
=== PAUSE TestSSEMigration_ExceedsMaxStreamBytes
=== RUN   TestSSEMigration_OriginalEndpointAndMalformedDataFramesFailClosed
=== RUN   TestSSEMigration_OriginalEndpointAndMalformedDataFramesFailClosed/0
=== RUN   TestSSEMigration_OriginalEndpointAndMalformedDataFramesFailClosed/1
=== RUN   TestSSEMigration_OriginalEndpointAndMalformedDataFramesFailClosed/2
--- PASS: TestSSEMigration_OriginalEndpointAndMalformedDataFramesFailClosed (0.01s)
    --- PASS: TestSSEMigration_OriginalEndpointAndMalformedDataFramesFailClosed/0 (0.00s)
    --- PASS: TestSSEMigration_OriginalEndpointAndMalformedDataFramesFailClosed/1 (0.00s)
    --- PASS: TestSSEMigration_OriginalEndpointAndMalformedDataFramesFailClosed/2 (0.01s)
=== RUN   TestSSEMigration_ResultBoundary_CancelOverReadLimit
=== PAUSE TestSSEMigration_ResultBoundary_CancelOverReadLimit
=== RUN   TestSSEMigration_ResultBoundary_CancelOverStaleStream
=== PAUSE TestSSEMigration_ResultBoundary_CancelOverStaleStream
=== RUN   TestSSEMigration_ResultBoundary_LimitWithoutCancel
=== PAUSE TestSSEMigration_ResultBoundary_LimitWithoutCancel
=== RUN   TestSSEMigration_ResultBoundary_InterruptInChainOverReadLimit
=== PAUSE TestSSEMigration_ResultBoundary_InterruptInChainOverReadLimit
=== RUN   TestSSEMigration_TerminalInterruptOverReadLimit
=== PAUSE TestSSEMigration_TerminalInterruptOverReadLimit
=== RUN   TestSSEMigration_StreamLimitPrecedesForbiddenEndpoint
=== PAUSE TestSSEMigration_StreamLimitPrecedesForbiddenEndpoint
=== RUN   TestSSEMigration_PreCancelledPrepareOverTerminalLimit
=== PAUSE TestSSEMigration_PreCancelledPrepareOverTerminalLimit
=== RUN   TestSSEMigration_PreCancelledCallOverTerminalLimit
=== PAUSE TestSSEMigration_PreCancelledCallOverTerminalLimit
=== RUN   TestSSEMigration_ResultBoundary_DeadlineOverReadLimit
=== PAUSE TestSSEMigration_ResultBoundary_DeadlineOverReadLimit
=== RUN   TestStdio_StderrVolumeAndLongLinesNeverCrashTransport
--- PASS: TestStdio_StderrVolumeAndLongLinesNeverCrashTransport (0.00s)
=== RUN   TestStdio_RequestDrivenServerReceivesDiscoveryBeforeWriting
--- PASS: TestStdio_RequestDrivenServerReceivesDiscoveryBeforeWriting (0.04s)
=== RUN   TestStdio_ProcessExitUnblocksPendingRequest
--- PASS: TestStdio_ProcessExitUnblocksPendingRequest (1.04s)
=== RUN   TestStdio_NonzeroProcessExitWinsStdoutEOFRace
--- PASS: TestStdio_NonzeroProcessExitWinsStdoutEOFRace (0.04s)
=== RUN   TestStdio_ClosedStdoutTerminatesAndReapsLiveProcess
--- PASS: TestStdio_ClosedStdoutTerminatesAndReapsLiveProcess (0.09s)
=== RUN   TestStdio_BlockedWriteHonorsContextCancellation
--- PASS: TestStdio_BlockedWriteHonorsContextCancellation (1.27s)
=== RUN   TestStdio_CancellingQueuedWriteDoesNotAbortActiveWrite
--- PASS: TestStdio_CancellingQueuedWriteDoesNotAbortActiveWrite (1.48s)
=== RUN   TestStdio_WriteLoopRechecksCancellationAfterActivation
--- PASS: TestStdio_WriteLoopRechecksCancellationAfterActivation (0.00s)
=== RUN   TestStdio_SuccessfulWriteIsFinishedBeforeDeliveryCallback
--- PASS: TestStdio_SuccessfulWriteIsFinishedBeforeDeliveryCallback (0.10s)
=== RUN   TestStdio_InvalidUTF8FailsClosedWithoutReply
--- PASS: TestStdio_InvalidUTF8FailsClosedWithoutReply (0.04s)
=== RUN   TestStdio_MalformedCorrelatedResponseUnblocksPendingRequest
=== RUN   TestStdio_MalformedCorrelatedResponseUnblocksPendingRequest/malformed-response-then-sleep
=== RUN   TestStdio_MalformedCorrelatedResponseUnblocksPendingRequest/malformed-typed-response-then-sleep
=== RUN   TestStdio_MalformedCorrelatedResponseUnblocksPendingRequest/wrong-version-response-then-sleep
=== RUN   TestStdio_MalformedCorrelatedResponseUnblocksPendingRequest/missing-version-response-then-sleep
--- PASS: TestStdio_MalformedCorrelatedResponseUnblocksPendingRequest (0.15s)
    --- PASS: TestStdio_MalformedCorrelatedResponseUnblocksPendingRequest/malformed-response-then-sleep (0.04s)
    --- PASS: TestStdio_MalformedCorrelatedResponseUnblocksPendingRequest/malformed-typed-response-then-sleep (0.04s)
    --- PASS: TestStdio_MalformedCorrelatedResponseUnblocksPendingRequest/wrong-version-response-then-sleep (0.04s)
    --- PASS: TestStdio_MalformedCorrelatedResponseUnblocksPendingRequest/missing-version-response-then-sleep (0.04s)
=== RUN   TestStdio_ProcessExitDetectedWhileDescendantHoldsStdout
--- PASS: TestStdio_ProcessExitDetectedWhileDescendantHoldsStdout (1.05s)
=== RUN   TestStdio_ProcessExitDetectedWhileDescendantHoldsStderr
--- PASS: TestStdio_ProcessExitDetectedWhileDescendantHoldsStderr (1.05s)
=== RUN   TestStdio_CloseKillsDescendantProcessTree
--- PASS: TestStdio_CloseKillsDescendantProcessTree (0.04s)
=== RUN   TestStdio_MalformedIncomingRequestFailsClosedWithoutReply
--- PASS: TestStdio_MalformedIncomingRequestFailsClosedWithoutReply (0.04s)
=== RUN   TestStdioHelperProcess
--- PASS: TestStdioHelperProcess (0.00s)
=== RUN   TestStdioTransport_Start_CancelContext
=== PAUSE TestStdioTransport_Start_CancelContext
=== RUN   TestStdioTransport_StderrLongLineDoesNotBreakStart
=== PAUSE TestStdioTransport_StderrLongLineDoesNotBreakStart
=== RUN   TestStdioTransport_StdoutExceedsMaxStreamBytes
=== PAUSE TestStdioTransport_StdoutExceedsMaxStreamBytes
=== RUN   TestStdioTransport_PreparedCancellationUnblocksPending
=== PAUSE TestStdioTransport_PreparedCancellationUnblocksPending
=== RUN   TestStdioTransport_PrepareAfterStartContextCanceled
=== PAUSE TestStdioTransport_PrepareAfterStartContextCanceled
=== RUN   TestStdioTransport_CallerCancellationOverReadLimit
=== PAUSE TestStdioTransport_CallerCancellationOverReadLimit
=== RUN   TestStdioTransport_PreCancelledPrepareOverTerminalReadLimit
=== PAUSE TestStdioTransport_PreCancelledPrepareOverTerminalReadLimit
=== RUN   TestStdioTransport_CallerCancellationOverStaleStream
=== PAUSE TestStdioTransport_CallerCancellationOverStaleStream
=== RUN   TestStdioTransport_ReadLimitWithoutCancellation
=== PAUSE TestStdioTransport_ReadLimitWithoutCancellation
=== RUN   TestStdioTransport_InterruptInChainOverReadLimit
=== PAUSE TestStdioTransport_InterruptInChainOverReadLimit
=== RUN   TestStdioTransport_TerminalInterruptOverReadLimit
=== PAUSE TestStdioTransport_TerminalInterruptOverReadLimit
=== CONT  TestConnect_Discovery_ReadLimitMapsValidation
=== CONT  TestHandleToolCallResult_InterruptInChainOverReadLimit
=== CONT  TestStdioTransport_CallerCancellationOverStaleStream
=== CONT  TestStdioTransport_TerminalInterruptOverReadLimit
=== CONT  TestSSEMigration_Call_CancelUnblocksPending
=== CONT  TestStdioTransport_InterruptInChainOverReadLimit
=== CONT  TestMapCallReadLimit_CancelOverLimit
=== CONT  TestHandleToolCallResult_CancelOverReadLimit
=== CONT  TestMapCallReadLimit_TimeoutOverLimit
=== CONT  TestMapCallReadLimit_DeadlineOverLimit
=== CONT  TestMapCallReadLimitFor_InterruptInChainOverReadLimit
=== CONT  TestGetTools_ReadLimit_CustomStreamCap
=== CONT  TestSSEMigration_Start_PreCancelledWithoutEndpointWait
--- PASS: TestHandleToolCallResult_InterruptInChainOverReadLimit (0.00s)
=== CONT  TestGetPrompts_ReadLimitExceeded
--- PASS: TestStdioTransport_CallerCancellationOverStaleStream (0.00s)
--- PASS: TestStdioTransport_InterruptInChainOverReadLimit (0.00s)
--- PASS: TestMapCallReadLimitFor_InterruptInChainOverReadLimit (0.00s)
--- PASS: TestMapCallReadLimit_CancelOverLimit (0.00s)
--- PASS: TestHandleToolCallResult_CancelOverReadLimit (0.00s)
=== CONT  TestConnect_Discovery_ReadLimit_CustomStreamCap
=== CONT  TestSSEMigration_StartDoesNotGET204Endpoint
--- PASS: TestMapCallReadLimit_DeadlineOverLimit (0.00s)
=== CONT  TestSSEMigration_Call_Non2xxPOSTStatus
--- PASS: TestGetTools_ReadLimit_CustomStreamCap (0.00s)
=== CONT  TestSSEMigration_ConfiguredPostURL_AllowPrivateIPs
--- PASS: TestConnect_Discovery_ReadLimitMapsValidation (0.01s)
=== CONT  TestSSEMigration_ValidateInitialURL_BlocksPrivateIP
=== CONT  TestSSEMigration_ConfiguredPostURL_BlocksPrivateIP
--- PASS: TestSSEMigration_ConfiguredPostURL_AllowPrivateIPs (0.00s)
=== CONT  TestSSEMigration_ExceedsMaxStreamBytes
--- PASS: TestSSEMigration_ValidateInitialURL_BlocksPrivateIP (0.00s)
=== CONT  TestSSEMigration_StartDoesNotGET500Endpoint
--- PASS: TestGetPrompts_ReadLimitExceeded (0.00s)
=== CONT  TestSSEMigration_HTTPNotificationsForbiddenWith500Fixture
--- PASS: TestSSEMigration_Call_CancelUnblocksPending (0.01s)
=== CONT  TestGetPrompts_ReadLimit_CustomStreamCap
--- PASS: TestSSEMigration_ConfiguredPostURL_BlocksPrivateIP (0.00s)
--- PASS: TestSSEMigration_Start_PreCancelledWithoutEndpointWait (0.01s)
=== CONT  TestGetTools_ReadLimitExceeded
--- PASS: TestMapCallReadLimit_TimeoutOverLimit (0.01s)
=== CONT  TestStdioTransport_PreparedCancellationUnblocksPending
--- PASS: TestConnect_Discovery_ReadLimit_CustomStreamCap (0.01s)
=== CONT  TestStdioTransport_PreCancelledPrepareOverTerminalReadLimit
--- PASS: TestGetPrompts_ReadLimit_CustomStreamCap (0.00s)
=== CONT  TestStdioTransport_CallerCancellationOverReadLimit
--- PASS: TestStdioTransport_CallerCancellationOverReadLimit (0.00s)
=== CONT  TestSSEMigration_StreamLimitPrecedesForbiddenEndpoint
--- PASS: TestGetTools_ReadLimitExceeded (0.00s)
=== CONT  TestSSEMigration_PreCancelledCallOverTerminalLimit
--- PASS: TestSSEMigration_StartDoesNotGET500Endpoint (0.01s)
=== CONT  TestStdioTransport_ReadLimitWithoutCancellation
--- PASS: TestStdioTransport_ReadLimitWithoutCancellation (0.00s)
=== CONT  TestStdioTransport_PrepareAfterStartContextCanceled
--- PASS: TestSSEMigration_PreCancelledCallOverTerminalLimit (0.01s)
--- PASS: TestStdioTransport_TerminalInterruptOverReadLimit (0.02s)
=== CONT  TestStdioTransport_StderrLongLineDoesNotBreakStart
=== CONT  TestSSEMigration_ResultBoundary_CancelOverStaleStream
--- PASS: TestSSEMigration_Call_Non2xxPOSTStatus (0.02s)
--- PASS: TestSSEMigration_ResultBoundary_CancelOverStaleStream (0.00s)
=== CONT  TestSSEMigration_ResultBoundary_DeadlineOverReadLimit
=== CONT  TestStdioTransport_StdoutExceedsMaxStreamBytes
--- PASS: TestStdioTransport_PreCancelledPrepareOverTerminalReadLimit (0.01s)
=== CONT  TestSSEMigration_PreCancelledPrepareOverTerminalLimit
--- PASS: TestSSEMigration_ResultBoundary_DeadlineOverReadLimit (0.00s)
=== CONT  TestStdioTransport_Start_CancelContext
--- PASS: TestStdioTransport_Start_CancelContext (0.00s)
=== CONT  TestSSEMigration_ResultBoundary_InterruptInChainOverReadLimit
--- PASS: TestSSEMigration_ResultBoundary_InterruptInChainOverReadLimit (0.00s)
=== CONT  TestSSEMigration_TerminalInterruptOverReadLimit
--- PASS: TestSSEMigration_ExceedsMaxStreamBytes (0.03s)
=== CONT  TestSSEMigration_ResultBoundary_CancelOverReadLimit
--- PASS: TestSSEMigration_HTTPNotificationsForbiddenWith500Fixture (0.03s)
--- PASS: TestSSEMigration_PreCancelledPrepareOverTerminalLimit (0.01s)
--- PASS: TestSSEMigration_ResultBoundary_CancelOverReadLimit (0.00s)
--- PASS: TestSSEMigration_StartDoesNotGET204Endpoint (0.03s)
--- PASS: TestSSEMigration_TerminalInterruptOverReadLimit (0.01s)
=== CONT  TestSSEMigration_ResultBoundary_LimitWithoutCancel
--- PASS: TestSSEMigration_ResultBoundary_LimitWithoutCancel (0.00s)
--- PASS: TestStdioTransport_PreparedCancellationUnblocksPending (0.03s)
--- PASS: TestStdioTransport_PrepareAfterStartContextCanceled (0.02s)
--- PASS: TestSSEMigration_StreamLimitPrecedesForbiddenEndpoint (0.03s)
--- PASS: TestStdioTransport_StdoutExceedsMaxStreamBytes (0.02s)
--- PASS: TestStdioTransport_StderrLongLineDoesNotBreakStart (0.03s)
PASS
ok  	github.com/skosovsky/toolsy/mcp	24.195s
?   	github.com/skosovsky/toolsy/mcp/examples/stdio	[no test files]
?   	github.com/skosovsky/toolsy/mcp/examples/streamable_http	[no test files]
test - ./adapters/sandbox/wazero
=== RUN   TestMemoryBudgetEnforcedWithCustomConfig
--- PASS: TestMemoryBudgetEnforcedWithCustomConfig (0.00s)
=== RUN   TestMemoryBudgetRejectsInvalidLimits
=== RUN   TestMemoryBudgetRejectsInvalidLimits/0
=== RUN   TestMemoryBudgetRejectsInvalidLimits/65537
--- PASS: TestMemoryBudgetRejectsInvalidLimits (0.00s)
    --- PASS: TestMemoryBudgetRejectsInvalidLimits/0 (0.00s)
    --- PASS: TestMemoryBudgetRejectsInvalidLimits/65537 (0.00s)
=== RUN   TestCustomConfigCancellationSubprocess
--- PASS: TestCustomConfigCancellationSubprocess (1.09s)
=== RUN   TestCleanupDiagnosticPreservesGuestOutcome
=== RUN   TestCleanupDiagnosticPreservesGuestOutcome/0
=== RUN   TestCleanupDiagnosticPreservesGuestOutcome/5
--- PASS: TestCleanupDiagnosticPreservesGuestOutcome (0.01s)
    --- PASS: TestCleanupDiagnosticPreservesGuestOutcome/0 (0.01s)
    --- PASS: TestCleanupDiagnosticPreservesGuestOutcome/5 (0.00s)
=== RUN   TestGuestWorkspaceContainment
=== RUN   TestGuestWorkspaceContainment/allowed.txt
=== RUN   TestGuestWorkspaceContainment/../secret.txt
=== RUN   TestGuestWorkspaceContainment/escape.txt
--- PASS: TestGuestWorkspaceContainment (2.80s)
    --- PASS: TestGuestWorkspaceContainment/allowed.txt (1.07s)
    --- PASS: TestGuestWorkspaceContainment/../secret.txt (0.85s)
    --- PASS: TestGuestWorkspaceContainment/escape.txt (0.87s)
=== RUN   TestNewInterpreterRejectsUnsafeLanguage
--- PASS: TestNewInterpreterRejectsUnsafeLanguage (0.00s)
=== RUN   TestSupportedLanguagesDoesNotExposeWasm
--- PASS: TestSupportedLanguagesDoesNotExposeWasm (0.00s)
=== RUN   TestRunSuccess
--- PASS: TestRunSuccess (11.10s)
=== RUN   TestRunMountsFilesAndEnv
--- PASS: TestRunMountsFilesAndEnv (20.25s)
=== RUN   TestRunUsesEngineReportedDuration
--- PASS: TestRunUsesEngineReportedDuration (0.05s)
=== RUN   TestRunRejectsReservedScriptNames
=== RUN   TestRunRejectsReservedScriptNames/main.code
=== RUN   TestRunRejectsReservedScriptNames/dir/../main.code
--- PASS: TestRunRejectsReservedScriptNames (0.00s)
    --- PASS: TestRunRejectsReservedScriptNames/main.code (0.00s)
    --- PASS: TestRunRejectsReservedScriptNames/dir/../main.code (0.00s)
=== RUN   TestRunReturnsNonZeroExitAsResult
--- PASS: TestRunReturnsNonZeroExitAsResult (10.03s)
=== RUN   TestRunReturnsTimeout
--- PASS: TestRunReturnsTimeout (10.80s)
=== RUN   TestRunReturnsTimeoutWhenContextAlreadyExpired
--- PASS: TestRunReturnsTimeoutWhenContextAlreadyExpired (10.45s)
=== RUN   TestRunPropagatesEngineTimeoutPath
--- PASS: TestRunPropagatesEngineTimeoutPath (0.01s)
=== RUN   TestRunRejectsUnsupportedLanguage
--- PASS: TestRunRejectsUnsupportedLanguage (0.00s)
=== RUN   TestRunRejectsOversizedStdout
--- PASS: TestRunRejectsOversizedStdout (0.00s)
=== RUN   TestRunRejectsOversizedStdoutWithExitError
--- PASS: TestRunRejectsOversizedStdoutWithExitError (0.00s)
=== RUN   TestRunWrapsEngineFailures
--- PASS: TestRunWrapsEngineFailures (0.00s)
PASS
ok  	github.com/skosovsky/toolsy/adapters/sandbox/wazero	68.134s
test - ./adapters/sandbox/docker
=== RUN   TestRunSuccess
--- PASS: TestRunSuccess (0.00s)
=== RUN   TestRunReturnsNonZeroExitAsResult
--- PASS: TestRunReturnsNonZeroExitAsResult (0.00s)
=== RUN   TestRunRejectsUnsupportedLanguage
--- PASS: TestRunRejectsUnsupportedLanguage (0.00s)
=== RUN   TestRunRejectsReservedScriptNames
=== RUN   TestRunRejectsReservedScriptNames/main.py
=== RUN   TestRunRejectsReservedScriptNames/dir/../main.py
--- PASS: TestRunRejectsReservedScriptNames (0.00s)
    --- PASS: TestRunRejectsReservedScriptNames/main.py (0.00s)
    --- PASS: TestRunRejectsReservedScriptNames/dir/../main.py (0.00s)
=== RUN   TestRunKillsContainerOnTimeout
--- PASS: TestRunKillsContainerOnTimeout (0.02s)
=== RUN   TestRunMapsErrChTimeoutToErrTimeout
--- PASS: TestRunMapsErrChTimeoutToErrTimeout (0.02s)
=== RUN   TestRunReturnsTimeoutDuringSetup
=== RUN   TestRunReturnsTimeoutDuringSetup/create_direct_deadline
=== RUN   TestRunReturnsTimeoutDuringSetup/create_expired_ctx
=== RUN   TestRunReturnsTimeoutDuringSetup/start_direct_deadline
=== RUN   TestRunReturnsTimeoutDuringSetup/start_expired_ctx
--- PASS: TestRunReturnsTimeoutDuringSetup (0.04s)
    --- PASS: TestRunReturnsTimeoutDuringSetup/create_direct_deadline (0.00s)
    --- PASS: TestRunReturnsTimeoutDuringSetup/create_expired_ctx (0.02s)
    --- PASS: TestRunReturnsTimeoutDuringSetup/start_direct_deadline (0.00s)
    --- PASS: TestRunReturnsTimeoutDuringSetup/start_expired_ctx (0.02s)
=== RUN   TestRunCreatesCleanupTimeoutAtRemoveTime
--- PASS: TestRunCreatesCleanupTimeoutAtRemoveTime (0.06s)
=== RUN   TestRunCollectsLogsAfterContextExpires
--- PASS: TestRunCollectsLogsAfterContextExpires (0.03s)
=== RUN   TestRunDurationExcludesLogCollection
--- PASS: TestRunDurationExcludesLogCollection (0.06s)
=== RUN   TestNewAppliesImageMappingAndResourceOptions
--- PASS: TestNewAppliesImageMappingAndResourceOptions (0.00s)
=== RUN   TestClassifySetupError_ArchiveReadLimitMapsValidation
--- PASS: TestClassifySetupError_ArchiveReadLimitMapsValidation (0.00s)
=== RUN   TestClassifySetupError_TimeoutOverReadLimit
=== PAUSE TestClassifySetupError_TimeoutOverReadLimit
=== RUN   TestClassifySetupError_CancelOverReadLimit
=== PAUSE TestClassifySetupError_CancelOverReadLimit
=== RUN   TestCollectContainerLogs_ExceedsLimit
--- PASS: TestCollectContainerLogs_ExceedsLimit (0.00s)
=== RUN   TestDocker_Run_LogOverflowWithCanceledCtx_InterruptWins
--- PASS: TestDocker_Run_LogOverflowWithCanceledCtx_InterruptWins (0.00s)
=== RUN   TestDockerLiveProfile
    live_test.go:18: set TOOLSY_DOCKER_LIVE=1 with local daemon and default images
--- SKIP: TestDockerLiveProfile (0.00s)
=== RUN   TestSecurePolicyRequest
--- PASS: TestSecurePolicyRequest (0.00s)
=== RUN   TestPolicyRefusesMissingBoundsAndCapabilities
--- PASS: TestPolicyRefusesMissingBoundsAndCapabilities (0.00s)
=== RUN   TestLogCollectionFailureNeverSucceeds
=== RUN   TestLogCollectionFailureNeverSucceeds/transport
=== RUN   TestLogCollectionFailureNeverSucceeds/short_header
=== RUN   TestLogCollectionFailureNeverSucceeds/short_payload
=== RUN   TestLogCollectionFailureNeverSucceeds/bad_stream
--- PASS: TestLogCollectionFailureNeverSucceeds (0.00s)
    --- PASS: TestLogCollectionFailureNeverSucceeds/transport (0.00s)
    --- PASS: TestLogCollectionFailureNeverSucceeds/short_header (0.00s)
    --- PASS: TestLogCollectionFailureNeverSucceeds/short_payload (0.00s)
    --- PASS: TestLogCollectionFailureNeverSucceeds/bad_stream (0.00s)
=== RUN   TestCleanupFailurePreservesGuestResultAndPrimary
--- PASS: TestCleanupFailurePreservesGuestResultAndPrimary (0.00s)
=== RUN   TestOwnedLogBodyClosedOnCancellation
--- PASS: TestOwnedLogBodyClosedOnCancellation (0.02s)
=== RUN   TestOutputOverflowDoesNotLeakInternalCancellation
--- PASS: TestOutputOverflowDoesNotLeakInternalCancellation (0.00s)
=== RUN   TestCollectionDeadlineRemainsInfrastructureFailure
--- PASS: TestCollectionDeadlineRemainsInfrastructureFailure (0.00s)
=== RUN   TestActualLogDeadlineClosesBodyAndRemainsInfrastructure
--- PASS: TestActualLogDeadlineClosesBodyAndRemainsInfrastructure (0.02s)
=== CONT  TestClassifySetupError_CancelOverReadLimit
=== CONT  TestClassifySetupError_TimeoutOverReadLimit
--- PASS: TestClassifySetupError_TimeoutOverReadLimit (0.00s)
--- PASS: TestClassifySetupError_CancelOverReadLimit (0.00s)
PASS
ok  	github.com/skosovsky/toolsy/adapters/sandbox/docker	1.818s
test - ./adapters/sandbox/host
=== RUN   TestNewRequiresRuntime
--- PASS: TestNewRequiresRuntime (0.00s)
=== RUN   TestNewRejectsDuplicateLanguagesAfterTrimming
--- PASS: TestNewRejectsDuplicateLanguagesAfterTrimming (0.00s)
=== RUN   TestNewRejectsInvalidScriptName
--- PASS: TestNewRejectsInvalidScriptName (0.00s)
=== RUN   TestNewCanonicalizesScriptName
--- PASS: TestNewCanonicalizesScriptName (1.04s)
=== RUN   TestNewCanonicalizesCommand
--- PASS: TestNewCanonicalizesCommand (1.04s)
=== RUN   TestRunSuccessWithEnvAndFiles
--- PASS: TestRunSuccessWithEnvAndFiles (1.05s)
=== RUN   TestRunReturnsNonZeroExitAsResult
--- PASS: TestRunReturnsNonZeroExitAsResult (0.03s)
=== RUN   TestRunRejectsPathTraversal
--- PASS: TestRunRejectsPathTraversal (0.00s)
=== RUN   TestRunRejectsReservedScriptNames
=== RUN   TestRunRejectsReservedScriptNames/main.txt
=== RUN   TestRunRejectsReservedScriptNames/dir/../main.txt
--- PASS: TestRunRejectsReservedScriptNames (0.00s)
    --- PASS: TestRunRejectsReservedScriptNames/main.txt (0.00s)
    --- PASS: TestRunRejectsReservedScriptNames/dir/../main.txt (0.00s)
=== RUN   TestRunReturnsTimeout
--- PASS: TestRunReturnsTimeout (0.05s)
=== RUN   TestRunCleansWorkspace
--- PASS: TestRunCleansWorkspace (1.04s)
=== RUN   TestRunRejectsUnsupportedLanguage
--- PASS: TestRunRejectsUnsupportedLanguage (0.00s)
=== RUN   TestRunRejectsOversizedStdout
--- PASS: TestRunRejectsOversizedStdout (1.04s)
=== RUN   TestRunRejectsOversizedStdoutWithNonZeroExit
--- PASS: TestRunRejectsOversizedStdoutWithNonZeroExit (0.04s)
=== RUN   TestHostHelperProcess
--- PASS: TestHostHelperProcess (0.00s)
=== RUN   TestRunEnvironmentPolicy
=== RUN   TestRunEnvironmentPolicy/restricted_default
=== RUN   TestRunEnvironmentPolicy/explicit_inheritance
=== RUN   TestRunEnvironmentPolicy/explicit_base
--- PASS: TestRunEnvironmentPolicy (3.11s)
    --- PASS: TestRunEnvironmentPolicy/restricted_default (1.04s)
    --- PASS: TestRunEnvironmentPolicy/explicit_inheritance (1.03s)
    --- PASS: TestRunEnvironmentPolicy/explicit_base (1.04s)
=== RUN   TestWithEnvironmentCopiesAndRequestOverrides
--- PASS: TestWithEnvironmentCopiesAndRequestOverrides (1.03s)
=== RUN   TestRemoveWorkspaceCancellationAndFailure
--- PASS: TestRemoveWorkspaceCancellationAndFailure (0.00s)
=== RUN   TestRunKillsProcessGroupOnCancellation
--- PASS: TestRunKillsProcessGroupOnCancellation (0.04s)
=== RUN   TestRunReportsWorkspaceCleanupFailure
=== RUN   TestRunReportsWorkspaceCleanupFailure/cleanup-failure
=== RUN   TestRunReportsWorkspaceCleanupFailure/cleanup-failure-exit
--- PASS: TestRunReportsWorkspaceCleanupFailure (1.07s)
    --- PASS: TestRunReportsWorkspaceCleanupFailure/cleanup-failure (1.04s)
    --- PASS: TestRunReportsWorkspaceCleanupFailure/cleanup-failure-exit (0.03s)
PASS
ok  	github.com/skosovsky/toolsy/adapters/sandbox/host	12.108s
test - ./adapters/sandbox/starlark
=== RUN   TestRunPrintsToStdout
--- PASS: TestRunPrintsToStdout (0.00s)
=== RUN   TestRunReadsInMemoryFiles
--- PASS: TestRunReadsInMemoryFiles (0.00s)
=== RUN   TestRunNormalizesFileLookups
--- PASS: TestRunNormalizesFileLookups (0.00s)
=== RUN   TestRunExposesEnv
--- PASS: TestRunExposesEnv (0.00s)
=== RUN   TestRunReturnsScriptErrorsInStderr
--- PASS: TestRunReturnsScriptErrorsInStderr (0.00s)
=== RUN   TestRunReturnsTimeout
--- PASS: TestRunReturnsTimeout (0.01s)
=== RUN   TestRunRejectsInvalidInputFilePaths
--- PASS: TestRunRejectsInvalidInputFilePaths (0.00s)
=== RUN   TestRunRejectsCollisionsAfterNormalization
--- PASS: TestRunRejectsCollisionsAfterNormalization (0.00s)
=== RUN   TestExecToolSchemaExposesOnlyStarlark
--- PASS: TestExecToolSchemaExposesOnlyStarlark (0.00s)
=== RUN   TestRunRejectsPythonAlias
--- PASS: TestRunRejectsPythonAlias (0.00s)
=== RUN   TestRunRejectsUnsupportedLanguage
--- PASS: TestRunRejectsUnsupportedLanguage (0.00s)
=== RUN   TestRunRejectsOversizedEvalStderr
--- PASS: TestRunRejectsOversizedEvalStderr (0.05s)
=== RUN   TestRunRejectsStdoutExceedingCap
--- PASS: TestRunRejectsStdoutExceedingCap (0.05s)
=== RUN   TestRunRejectsFileReadExceedingCap
--- PASS: TestRunRejectsFileReadExceedingCap (0.06s)
=== RUN   TestNewRejectsUnlimitedExecution
--- PASS: TestNewRejectsUnlimitedExecution (0.00s)
=== RUN   TestRunBoundsComputation
=== RUN   TestRunBoundsComputation/steps
=== RUN   TestRunBoundsComputation/cancel
--- PASS: TestRunBoundsComputation (2.09s)
    --- PASS: TestRunBoundsComputation/steps (1.04s)
    --- PASS: TestRunBoundsComputation/cancel (1.05s)
=== RUN   TestRunAlreadyCanceledDoesNotEvaluate
--- PASS: TestRunAlreadyCanceledDoesNotEvaluate (0.00s)
PASS
ok  	github.com/skosovsky/toolsy/adapters/sandbox/starlark	3.988s
test - ./adapters/sandbox/e2b
=== RUN   TestRunSuccess
--- PASS: TestRunSuccess (0.00s)
=== RUN   TestRunReturnsNonZeroExitAsResult
--- PASS: TestRunReturnsNonZeroExitAsResult (0.00s)
=== RUN   TestRunRejectsUnsupportedLanguage
--- PASS: TestRunRejectsUnsupportedLanguage (0.00s)
=== RUN   TestNewRejectsDuplicateLanguagesAfterTrimming
--- PASS: TestNewRejectsDuplicateLanguagesAfterTrimming (0.00s)
=== RUN   TestNewRejectsInvalidScriptName
--- PASS: TestNewRejectsInvalidScriptName (0.00s)
=== RUN   TestNewNormalizesExactWorkspaceScriptPath
=== RUN   TestNewNormalizesExactWorkspaceScriptPath/bare_token
=== RUN   TestNewNormalizesExactWorkspaceScriptPath/double_quoted
=== RUN   TestNewNormalizesExactWorkspaceScriptPath/single_quoted
=== RUN   TestNewNormalizesExactWorkspaceScriptPath/escaped_spaces
=== RUN   TestNewNormalizesExactWorkspaceScriptPath/rewrite_only_exact_script_arg
--- PASS: TestNewNormalizesExactWorkspaceScriptPath (0.00s)
    --- PASS: TestNewNormalizesExactWorkspaceScriptPath/bare_token (0.00s)
    --- PASS: TestNewNormalizesExactWorkspaceScriptPath/double_quoted (0.00s)
    --- PASS: TestNewNormalizesExactWorkspaceScriptPath/single_quoted (0.00s)
    --- PASS: TestNewNormalizesExactWorkspaceScriptPath/escaped_spaces (0.00s)
    --- PASS: TestNewNormalizesExactWorkspaceScriptPath/rewrite_only_exact_script_arg (0.00s)
=== RUN   TestNewRejectsAmbiguousScriptPathReferencesInCommand
=== RUN   TestNewRejectsAmbiguousScriptPathReferencesInCommand/python_/workspace/dir/../main.py_--cache-key=dir/../main.py
=== RUN   TestNewRejectsAmbiguousScriptPathReferencesInCommand/python_/workspace/dir/../main.py_--output=/tmp/dir/../main.py.bak
=== RUN   TestNewRejectsAmbiguousScriptPathReferencesInCommand/python_/workspace/dir/../main.py_--cache=/workspace/dir/../main.py.cache
=== RUN   TestNewRejectsAmbiguousScriptPathReferencesInCommand/python_/workspace/dir/../main.py_label=/workspace/dir/../main.py
=== RUN   TestNewRejectsAmbiguousScriptPathReferencesInCommand/python_/workspace/dir/../main.py_/workspace/dir/../main.py
=== RUN   TestNewRejectsAmbiguousScriptPathReferencesInCommand/sh_-c_'python_/workspace/dir/../main.py'
=== RUN   TestNewRejectsAmbiguousScriptPathReferencesInCommand/bash_-lc_"python_/workspace/dir/../main.py"
=== RUN   TestNewRejectsAmbiguousScriptPathReferencesInCommand/python_"/workspace/dir/../main.py
=== RUN   TestNewRejectsAmbiguousScriptPathReferencesInCommand/python_/workspace/dir/../main\
--- PASS: TestNewRejectsAmbiguousScriptPathReferencesInCommand (0.00s)
    --- PASS: TestNewRejectsAmbiguousScriptPathReferencesInCommand/python_/workspace/dir/../main.py_--cache-key=dir/../main.py (0.00s)
    --- PASS: TestNewRejectsAmbiguousScriptPathReferencesInCommand/python_/workspace/dir/../main.py_--output=/tmp/dir/../main.py.bak (0.00s)
    --- PASS: TestNewRejectsAmbiguousScriptPathReferencesInCommand/python_/workspace/dir/../main.py_--cache=/workspace/dir/../main.py.cache (0.00s)
    --- PASS: TestNewRejectsAmbiguousScriptPathReferencesInCommand/python_/workspace/dir/../main.py_label=/workspace/dir/../main.py (0.00s)
    --- PASS: TestNewRejectsAmbiguousScriptPathReferencesInCommand/python_/workspace/dir/../main.py_/workspace/dir/../main.py (0.00s)
    --- PASS: TestNewRejectsAmbiguousScriptPathReferencesInCommand/sh_-c_'python_/workspace/dir/../main.py' (0.00s)
    --- PASS: TestNewRejectsAmbiguousScriptPathReferencesInCommand/bash_-lc_"python_/workspace/dir/../main.py" (0.00s)
    --- PASS: TestNewRejectsAmbiguousScriptPathReferencesInCommand/python_"/workspace/dir/../main.py (0.00s)
    --- PASS: TestNewRejectsAmbiguousScriptPathReferencesInCommand/python_/workspace/dir/../main\ (0.00s)
=== RUN   TestRunRejectsReservedScriptNames
=== RUN   TestRunRejectsReservedScriptNames/main.py
=== RUN   TestRunRejectsReservedScriptNames/dir/../main.py
--- PASS: TestRunRejectsReservedScriptNames (0.00s)
    --- PASS: TestRunRejectsReservedScriptNames/main.py (0.00s)
    --- PASS: TestRunRejectsReservedScriptNames/dir/../main.py (0.00s)
=== RUN   TestRunReturnsTimeoutAndKillsSession
--- PASS: TestRunReturnsTimeoutAndKillsSession (0.02s)
=== RUN   TestRunWrapsClientFailures
--- PASS: TestRunWrapsClientFailures (0.00s)
=== RUN   TestRunReturnsTimeoutWhenKillBlocks
--- PASS: TestRunReturnsTimeoutWhenKillBlocks (5.02s)
=== RUN   TestRunReturnsTimeoutWhenFileUploadTimesOut
--- PASS: TestRunReturnsTimeoutWhenFileUploadTimesOut (0.00s)
=== RUN   TestRunReturnsTimeoutWhenScriptUploadTimesOut
--- PASS: TestRunReturnsTimeoutWhenScriptUploadTimesOut (0.00s)
=== RUN   TestRunDurationExcludesProvisioningAndUpload
--- PASS: TestRunDurationExcludesProvisioningAndUpload (0.11s)
=== RUN   TestRunRejectsOversizedRemoteOutputStreaming
--- PASS: TestRunRejectsOversizedRemoteOutputStreaming (0.00s)
=== RUN   TestRunRejectsOversizedRemoteOutput
--- PASS: TestRunRejectsOversizedRemoteOutput (0.00s)
=== RUN   TestClassifyControlPlaneError_TimeoutOverReadLimit
=== PAUSE TestClassifyControlPlaneError_TimeoutOverReadLimit
=== RUN   TestClassifyControlPlaneError_CancelOverReadLimit
=== PAUSE TestClassifyControlPlaneError_CancelOverReadLimit
=== RUN   TestNewValidatesAllEntrypointForms
=== RUN   TestNewValidatesAllEntrypointForms/main.pypython_/workspace/other.py
=== RUN   TestNewValidatesAllEntrypointForms/main.pypython
=== RUN   TestNewValidatesAllEntrypointForms/main.pypython_/workspace/main.py_/workspace/main.py
=== RUN   TestNewValidatesAllEntrypointForms/main.pysh_-c_'python_/workspace/main.py'
=== RUN   TestNewValidatesAllEntrypointForms/main.pysh_-ec_/workspace/main.py
=== RUN   TestNewValidatesAllEntrypointForms/main.pypython_/workspace/main.py;_echo_ok
=== RUN   TestNewValidatesAllEntrypointForms/main.pypython_/workspace/main.py_echo_ok
=== RUN   TestNewValidatesAllEntrypointForms/main.pypython_/workspace/main.py_$(echo_extra)
=== RUN   TestNewValidatesAllEntrypointForms/main.pypython_"/workspace/main.py"_"$SECRET"
=== RUN   TestNewValidatesAllEntrypointForms/main.py_valid
=== RUN   TestNewValidatesAllEntrypointForms/dir/../main.pypython_/workspace/other.py
=== RUN   TestNewValidatesAllEntrypointForms/dir/../main.pypython
=== RUN   TestNewValidatesAllEntrypointForms/dir/../main.pypython_/workspace/dir/../main.py_/workspace/dir/../main.py
=== RUN   TestNewValidatesAllEntrypointForms/dir/../main.pysh_-c_'python_/workspace/dir/../main.py'
=== RUN   TestNewValidatesAllEntrypointForms/dir/../main.pysh_-ec_/workspace/dir/../main.py
=== RUN   TestNewValidatesAllEntrypointForms/dir/../main.pypython_/workspace/dir/../main.py;_echo_ok
=== RUN   TestNewValidatesAllEntrypointForms/dir/../main.pypython_/workspace/dir/../main.py_echo_ok
=== RUN   TestNewValidatesAllEntrypointForms/dir/../main.pypython_/workspace/dir/../main.py_$(echo_extra)
=== RUN   TestNewValidatesAllEntrypointForms/dir/../main.pypython_"/workspace/dir/../main.py"_"$SECRET"
=== RUN   TestNewValidatesAllEntrypointForms/dir/../main.py_valid
--- PASS: TestNewValidatesAllEntrypointForms (0.00s)
    --- PASS: TestNewValidatesAllEntrypointForms/main.pypython_/workspace/other.py (0.00s)
    --- PASS: TestNewValidatesAllEntrypointForms/main.pypython (0.00s)
    --- PASS: TestNewValidatesAllEntrypointForms/main.pypython_/workspace/main.py_/workspace/main.py (0.00s)
    --- PASS: TestNewValidatesAllEntrypointForms/main.pysh_-c_'python_/workspace/main.py' (0.00s)
    --- PASS: TestNewValidatesAllEntrypointForms/main.pysh_-ec_/workspace/main.py (0.00s)
    --- PASS: TestNewValidatesAllEntrypointForms/main.pypython_/workspace/main.py;_echo_ok (0.00s)
    --- PASS: TestNewValidatesAllEntrypointForms/main.pypython_/workspace/main.py_echo_ok (0.00s)
    --- PASS: TestNewValidatesAllEntrypointForms/main.pypython_/workspace/main.py_$(echo_extra) (0.00s)
    --- PASS: TestNewValidatesAllEntrypointForms/main.pypython_"/workspace/main.py"_"$SECRET" (0.00s)
    --- PASS: TestNewValidatesAllEntrypointForms/main.py_valid (0.00s)
    --- PASS: TestNewValidatesAllEntrypointForms/dir/../main.pypython_/workspace/other.py (0.00s)
    --- PASS: TestNewValidatesAllEntrypointForms/dir/../main.pypython (0.00s)
    --- PASS: TestNewValidatesAllEntrypointForms/dir/../main.pypython_/workspace/dir/../main.py_/workspace/dir/../main.py (0.00s)
    --- PASS: TestNewValidatesAllEntrypointForms/dir/../main.pysh_-c_'python_/workspace/dir/../main.py' (0.00s)
    --- PASS: TestNewValidatesAllEntrypointForms/dir/../main.pysh_-ec_/workspace/dir/../main.py (0.00s)
    --- PASS: TestNewValidatesAllEntrypointForms/dir/../main.pypython_/workspace/dir/../main.py;_echo_ok (0.00s)
    --- PASS: TestNewValidatesAllEntrypointForms/dir/../main.pypython_/workspace/dir/../main.py_echo_ok (0.00s)
    --- PASS: TestNewValidatesAllEntrypointForms/dir/../main.pypython_/workspace/dir/../main.py_$(echo_extra) (0.00s)
    --- PASS: TestNewValidatesAllEntrypointForms/dir/../main.pypython_"/workspace/dir/../main.py"_"$SECRET" (0.00s)
    --- PASS: TestNewValidatesAllEntrypointForms/dir/../main.py_valid (0.00s)
=== RUN   TestRunCleanupFailurePreservesResultAndPrimaryError
=== RUN   TestRunCleanupFailurePreservesResultAndPrimaryError/<nil>
=== RUN   TestRunCleanupFailurePreservesResultAndPrimaryError/context_canceled
=== RUN   TestRunCleanupFailurePreservesResultAndPrimaryError/transport_failed
--- PASS: TestRunCleanupFailurePreservesResultAndPrimaryError (0.00s)
    --- PASS: TestRunCleanupFailurePreservesResultAndPrimaryError/<nil> (0.00s)
    --- PASS: TestRunCleanupFailurePreservesResultAndPrimaryError/context_canceled (0.00s)
    --- PASS: TestRunCleanupFailurePreservesResultAndPrimaryError/transport_failed (0.00s)
=== RUN   TestNewShellWhitespaceAndLiteralUnicodePath
--- PASS: TestNewShellWhitespaceAndLiteralUnicodePath (0.00s)
=== CONT  TestClassifyControlPlaneError_TimeoutOverReadLimit
--- PASS: TestClassifyControlPlaneError_TimeoutOverReadLimit (0.00s)
=== CONT  TestClassifyControlPlaneError_CancelOverReadLimit
--- PASS: TestClassifyControlPlaneError_CancelOverReadLimit (0.00s)
PASS
ok  	github.com/skosovsky/toolsy/adapters/sandbox/e2b	6.612s
test - ./examples/resiliency
=== RUN   TestWrappedRouteResultContract
=== RUN   TestWrappedRouteResultContract/handled
=== RUN   TestWrappedRouteResultContract/ignored
=== RUN   TestWrappedRouteResultContract/fallthrough
=== RUN   TestWrappedRouteResultContract/failure
--- PASS: TestWrappedRouteResultContract (0.01s)
    --- PASS: TestWrappedRouteResultContract/handled (0.00s)
    --- PASS: TestWrappedRouteResultContract/ignored (0.00s)
    --- PASS: TestWrappedRouteResultContract/fallthrough (0.00s)
    --- PASS: TestWrappedRouteResultContract/failure (0.00s)
PASS
ok  	github.com/skosovsky/toolsy/examples/resiliency	1.576s
